state,county_name,county_id,dem_2018,gop_2018,oth_2018,total_2018
AL,Autauga,01001,5734,13994,21,19749
AL,Baldwin,01003,20464,57415,118,77997
AL,Barbour,01005,4043,4336,11,8390
AL,Bibb,01007,1799,5082,15,6896
AL,Blount,01009,2479,16984,40,19503
AL,Bullock,01011,2729,949,4,3682
AL,Butler,01013,3363,4812,3,8178
AL,Calhoun,01015,12487,24460,92,37039
AL,Chambers,01017,4625,6687,20,11332
AL,Cherokee,01019,1552,6974,15,8541
AL,Chilton,01021,2501,11291,10,13802
AL,Choctaw,01023,2649,3475,7,6131
AL,Clarke,01025,4889,6344,7,11240
AL,Clay,01027,1241,4164,9,5414
AL,Cleburne,01029,508,3902,14,4424
AL,Coffee,01031,3782,12117,73,15972
AL,Colbert,01033,7692,13180,34,20906
AL,Conecuh,01035,2444,2473,7,4924
AL,Coosa,01037,1522,2785,7,4314
AL,Covington,01039,2168,9852,22,12042
AL,Crenshaw,01041,1522,3873,6,5401
AL,Cullman,01043,4309,24361,43,28713
AL,Dale,01045,3731,10528,47,14306
AL,Dallas,01047,10295,4917,8,15220
AL,DeKalb,01049,4087,17316,87,21490
AL,Elmore,01051,7722,21752,31,29505
AL,Escambia,01053,4035,8098,19,12152
AL,Etowah,01055,10513,24041,92,34646
AL,Fayette,01057,2025,5455,9,7489
AL,Franklin,01059,2336,6465,22,8823
AL,Geneva,01061,1220,7784,15,9019
AL,Greene,01063,3506,661,1,4168
AL,Hale,01065,4206,2361,5,6572
AL,Henry,01067,2045,4655,14,6714
AL,Houston,01069,9062,23112,53,32227
AL,Jackson,01071,3569,12074,39,15682
AL,Jefferson,01073,152103,105661,304,258068
AL,Lamar,01075,974,4399,4,5377
AL,Lauderdale,01077,10222,20692,51,30965
AL,Lawrence,01079,3796,8181,25,12002
AL,Lee,01081,20021,29238,74,49333
AL,Limestone,01083,10421,23213,53,33687
AL,Lowndes,01085,3487,1555,4,5046
AL,Macon,01087,5882,1376,2,7260
AL,Madison,01089,65522,75874,244,141640
AL,Marengo,01091,4735,4029,5,8769
AL,Marion,01093,1877,8021,17,9915
AL,Marshall,01095,5193,22031,70,27294
AL,Mobile,01097,63656,69671,158,133485
AL,Monroe,01099,3881,5038,5,8924
AL,Montgomery,01101,48722,28491,62,77275
AL,Morgan,01103,11091,28415,57,39563
AL,Perry,01105,3182,1061,3,4246
AL,Pickens,01107,3672,4636,8,8316
AL,Pike,01109,4176,6226,11,10413
AL,Randolph,01111,1859,5729,12,7600
AL,Russell,01113,7864,7168,17,15049
AL,Shelby,01117,26928,56989,125,84042
AL,St. Clair,01115,6389,23529,55,29973
AL,Sumter,01119,4151,1289,3,5443
AL,Talladega,01121,10606,15621,27,26254
AL,Tallapoosa,01123,5015,10703,25,15743
AL,Tuscaloosa,01125,34336,34335,122,68793
AL,Walker,01127,5468,17671,38,23177
AL,Washington,01129,2172,4729,7,6908
AL,Wilcox,01131,3138,1577,4,4719
AL,Winston,01133,1102,6580,25,7707
AR,Arkansas,05001,1355,3530,77,4962
AR,Ashley,05003,1751,4278,126,6155
AR,Baxter,05005,2978,10694,679,14351
AR,Benton,05007,22316,53185,2033,77534
AR,Boone,05009,2208,9028,387,11623
AR,Bradley,05011,868,1906,80,2854
AR,Calhoun,05013,423,1335,33,1791
AR,Carroll,05015,2968,5796,204,8968
AR,Chicot,05017,1857,1638,56,3551
AR,Clark,05019,2611,3988,132,6731
AR,Clay,05021,782,3218,132,4132
AR,Cleburne,05023,1495,7856,273,9624
AR,Cleveland,05025,513,2020,56,2589
AR,Columbia,05027,2044,4199,99,6342
AR,Conway,05029,1966,4339,160,6465
AR,Craighead,05031,7407,17313,1358,26078
AR,Crawford,05033,3120,13200,540,16860
AR,Crittenden,05035,5833,5775,310,11918
AR,Cross,05037,1498,4108,188,5794
AR,Dallas,05039,773,1316,26,2115
AR,Desha,05041,1560,1833,76,3469
AR,Drew,05043,1606,3658,133,5397
AR,Faulkner,05045,11689,25643,1227,38559
AR,Franklin,05047,916,4204,175,5295
AR,Fulton,05049,900,2829,103,3832
AR,Garland,05051,8865,21969,933,31767
AR,Grant,05053,898,4524,127,5549
AR,Greene,05055,2088,8275,590,10953
AR,Hempstead,05057,1554,3312,105,4971
AR,Hot Spring,05059,2113,6368,258,8739
AR,Howard,05061,974,2489,56,3519
AR,Independence,05063,1928,7733,484,10145
AR,Izard,05065,869,3423,179,4471
AR,Jackson,05067,1067,2998,106,4171
AR,Jefferson,05069,10406,9005,409,19820
AR,Johnson,05071,1672,5546,259,7477
AR,Lafayette,05073,693,1395,43,2131
AR,Lawrence,05075,908,3584,177,4669
AR,Lee,05077,1130,947,42,2119
AR,Lincoln,05079,771,2227,41,3039
AR,Little River,05081,1014,2820,91,3925
AR,Logan,05083,1041,4303,184,5528
AR,Lonoke,05085,4171,15791,651,20613
AR,Madison,05087,1283,4151,142,5576
AR,Marion,05089,1027,3959,177,5163
AR,Miller,05091,2841,8393,197,11431
AR,Mississippi,05093,3660,6429,366,10455
AR,Monroe,05095,1104,1493,43,2640
AR,Montgomery,05097,558,2204,69,2831
AR,Nevada,05099,842,1628,46,2516
AR,Newton,05101,695,2203,193,3091
AR,Ouachita,05103,3031,4227,128,7386
AR,Perry,05105,838,2731,132,3701
AR,Phillips,05107,2923,2401,120,5444
AR,Pike,05109,563,2708,87,3358
AR,Poinsett,05111,1194,4690,225,6109
AR,Polk,05113,904,4903,249,6056
AR,Pope,05115,3756,13437,763,17956
AR,Prairie,05117,560,2256,44,2860
AR,Pulaski,05119,69265,62510,2892,134667
AR,Randolph,05121,1063,4285,314,5662
AR,Saline,05125,9676,30756,1146,41578
AR,Scott,05127,390,2331,158,2879
AR,Searcy,05129,524,2512,158,3194
AR,Sebastian,05131,8316,23785,1064,33165
AR,Sevier,05133,682,2412,108,3202
AR,Sharp,05135,1038,4430,202,5670
AR,St. Francis,05123,3019,2660,132,5811
AR,Stone,05137,956,3302,184,4442
AR,Union,05139,4036,8225,241,12502
AR,Van Buren,05141,1157,4937,202,6296
AR,Washington,05143,28051,35967,1845,65863
AR,White,05145,3799,17610,584,21993
AR,Woodruff,05147,760,1271,55,2086
AR,Yell,05149,1108,4002,221,5331
AZ,Apache,04001,14955,9175,912,25042
AZ,Cochise,04003,14576,29638,1201,45415
AZ,Coconino,04005,30712,22778,1440,54930
AZ,Gila,04007,5623,14444,468,20535
AZ,Graham,04009,2569,7776,276,10621
AZ,Greenlee,04011,832,1637,80,2549
AZ,La Paz,04012,1122,3852,129,5103
AZ,Maricopa,04013,603055,800210,29495,1432760
AZ,Mohave,04015,13580,56682,1325,71587
AZ,Navajo,04017,13646,21880,1055,36581
AZ,Pima,04019,195227,184621,8678,388526
AZ,Pinal,04021,38801,75272,2767,116840
AZ,Santa Cruz,04023,8407,4792,261,13460
AZ,Yavapai,04025,32159,74148,2029,108336
AZ,Yuma,04027,19077,23958,846,43881
CA,Alameda,06001,462558,111677,0,574235
CA,Alpine,06003,386,229,0,615
CA,Amador,06005,6237,11356,0,17593
CA,Butte,06007,41500,47226,0,88726
CA,Calaveras,06009,7765,13845,0,21610
CA,Colusa,06011,1999,3764,0,5763
CA,Contra Costa,06013,283805,132345,0,416150
CA,Del Norte,06015,3441,4887,0,8328
CA,El Dorado,06017,36297,53140,0,89437
CA,Fresno,06019,124332,128974,0,253306
CA,Glenn,06021,2424,5908,0,8332
CA,Humboldt,06023,33455,18418,0,51873
CA,Imperial,06025,20573,12785,0,33358
CA,Inyo,06027,3244,4018,0,7262
CA,Kern,06029,83507,119870,0,203377
CA,Kings,06031,12275,17976,0,30251
CA,Lake,06033,10869,10280,0,21149
CA,Lassen,06035,2043,6973,0,9016
CA,Los Angeles,06037,2114699,826402,0,2941101
CA,Madera,06039,15037,23488,0,38525
CA,Marin,06041,103671,26750,0,130421
CA,Mariposa,06043,3183,5043,0,8226
CA,Mendocino,06045,22152,11255,0,33407
CA,Merced,06047,30783,28424,0,59207
CA,Modoc,06049,820,2628,0,3448
CA,Mono,06051,2706,2147,0,4853
CA,Monterey,06053,76648,39516,0,116164
CA,Napa,06055,36513,19834,0,56347
CA,Nevada,06057,27985,24882,0,52867
CA,Orange,06059,543047,539951,0,1082998
CA,Placer,06061,72270,103157,0,175427
CA,Plumas,06063,3433,5807,0,9240
CA,Riverside,06065,319845,322243,0,642088
CA,Sacramento,06067,302696,212010,0,514706
CA,San Benito,06069,11274,8815,0,20089
CA,San Bernardino,06071,276874,260379,0,537253
CA,San Diego,06073,658346,499532,0,1157878
CA,San Francisco,06075,312181,49181,0,361362
CA,San Joaquin,06077,101474,92966,0,194440
CA,San Luis Obispo,06079,65117,61137,0,126254
CA,San Mateo,06081,213282,70242,0,283524
CA,Santa Barbara,06083,93841,61300,0,155141
CA,Santa Clara,06085,438758,175791,0,614549
CA,Santa Cruz,06087,91523,27665,0,119188
CA,Shasta,06089,20256,49825,0,70081
CA,Sierra,06091,599,1068,0,1667
CA,Siskiyou,06093,7218,10946,0,18164
CA,Solano,06095,86694,56627,0,146321
CA,Sonoma,06097,152040,58338,0,210378
CA,Stanislaus,06099,77220,79751,0,156971
CA,Sutter,06101,11122,18953,0,30075
CA,Tehama,06103,5756,15137,0,20893
CA,Trinity,06105,2250,3075,0,5325
CA,Tulare,06107,42702,57012,0,99714
CA,Tuolumne,06109,9294,14580,0,23874
CA,Ventura,06111,171729,137393,0,309122
CA,Yolo,06113,49759,23611,0,73370
CA,Yuba,06115,6903,12293,0,19196
CO,Adams,08001,93449,69465,8321,171235
CO,Alamosa,08003,3039,2696,305,6040
CO,Arapahoe,08005,155056,106833,9251,271140
CO,Archuleta,08007,2800,3736,240,6776
CO,Baca,08009,331,1454,88,1873
CO,Bent,08011,638,1094,139,1871
CO,Boulder,08013,133116,38423,4723,176262
CO,Broomfield,08014,21405,13582,1161,36148
CO,Chaffee,08015,5461,5018,454,10933
CO,Cheyenne,08017,138,809,33,980
CO,Clear Creek,08019,2932,2215,229,5376
CO,Conejos,08021,1652,1756,133,3541
CO,Costilla,08023,1012,510,87,1609
CO,Crowley,08025,400,888,100,1388
CO,Custer,08027,895,1869,99,2863
CO,Delta,08029,4817,9699,610,15126
CO,Denver,08031,238762,60151,9245,308158
CO,Dolores,08033,270,868,46,1184
CO,Douglas,08035,71573,99123,5945,176641
CO,Eagle,08037,13802,7804,720,22326
CO,El Paso,08041,109154,155006,12132,276292
CO,Elbert,08039,3242,10859,517,14618
CO,Fremont,08043,6022,12574,985,19581
CO,Garfield,08045,11791,11436,831,24058
CO,Gilpin,08047,1809,1407,152,3368
CO,Grand,08049,3596,3837,312,7745
CO,Gunnison,08051,5526,2927,332,8785
CO,Hinsdale,08053,218,318,20,556
CO,Huerfano,08055,1798,1647,166,3611
CO,Jackson,08057,176,564,38,778
CO,Jefferson,08059,166455,127038,12504,305997
CO,Kiowa,08061,94,638,35,767
CO,Kit Carson,08063,547,2417,125,3089
CO,La Plata,08067,15859,11727,798,28384
CO,Lake,08065,1678,998,194,2870
CO,Larimer,08069,98361,75002,6273,179636
CO,Las Animas,08071,2949,3008,282,6239
CO,Lincoln,08073,358,1619,97,2074
CO,Logan,08075,1867,6349,372,8588
CO,Mesa,08077,23873,41193,2500,67566
CO,Mineral,08079,259,319,24,602
CO,Moffat,08081,946,4228,203,5377
CO,Montezuma,08083,4403,6933,288,11714
CO,Montrose,08085,5855,12466,636,18937
CO,Morgan,08087,2844,7329,460,10633
CO,Otero,08089,2913,4076,449,7438
CO,Ouray,08091,1868,1237,87,3192
CO,Park,08093,3645,5452,425,9522
CO,Phillips,08095,397,1583,76,2056
CO,Pitkin,08097,7244,2354,232,9830
CO,Prowers,08099,1080,2898,172,4150
CO,Pueblo,08101,33674,29545,3237,66456
CO,Rio Blanco,08103,488,2473,92,3053
CO,Rio Grande,08105,1912,2795,224,4931
CO,Routt,08107,8163,4787,407,13357
CO,Saguache,08109,1529,1014,127,2670
CO,San Juan,08111,271,167,12,450
CO,San Miguel,08113,3047,923,115,4085
CO,Sedgwick,08115,290,859,60,1209
CO,Summit,08117,9499,4243,487,14229
CO,Teller,08119,3986,8409,481,12876
CO,Washington,08121,294,2004,91,2389
CO,Weld,08123,46653,72886,5833,125372
CO,Yuma,08125,697,3264,141,4102
CT,Fairfield,09001,188334,160641,6283,355258
CT,Hartford,09003,179182,144218,22930,346330
CT,Litchfield,09005,32125,49280,4015,85420
CT,Middlesex,09007,36483,38678,4524,79685
CT,New Haven,09009,160406,153865,10485,324756
CT,New London,09011,50417,49364,6625,106406
CT,Tolland,09013,29992,31882,4576,66450
CT,Windham,09015,17571,22210,2643,42424
GA,Appling,13001,1358,5428,23,6809
GA,Atkinson,13003,637,1876,9,2522
GA,Bacon,13005,489,3321,20,3830
GA,Baker,13007,535,753,5,1293
GA,Baldwin,13009,7793,7735,108,15636
GA,Banks,13011,645,6150,57,6852
GA,Barrow,13013,6900,20162,343,27405
GA,Bartow,13015,8524,28425,410,37359
GA,Ben Hill,13017,1983,3539,25,5547
GA,Berrien,13019,900,5314,38,6252
GA,Bibb,13021,37066,23225,401,60692
GA,Bleckley,13023,1002,3816,42,4860
GA,Brantley,13025,461,5198,35,5694
GA,Brooks,13027,2188,3511,23,5722
GA,Bryan,13029,4313,10507,165,14985
GA,Bulloch,13031,8630,14848,205,23683
GA,Burke,13033,4269,4410,42,8721
GA,Butts,13035,2451,6358,54,8863
GA,Calhoun,13037,1084,810,5,1899
GA,Camden,13039,5727,11139,195,17061
GA,Candler,13043,963,2560,16,3539
GA,Carroll,13045,12180,29204,459,41843
GA,Catoosa,13047,4590,18881,287,23758
GA,Charlton,13049,822,2534,19,3375
GA,Chatham,13051,61059,41425,1059,103543
GA,Chattahoochee,13053,494,603,8,1105
GA,Chattooga,13055,1445,5936,53,7434
GA,Cherokee,13057,28047,76700,1664,106411
GA,Clarke,13059,30427,12365,510,43402
GA,Clay,13061,642,536,8,1186
GA,Clayton,13063,80971,10868,373,92212
GA,Clinch,13065,534,1717,7,2258
GA,Cobb,13067,168767,138852,4195,311814
GA,Coffee,13069,3630,8929,56,12615
GA,Colquitt,13071,3054,9830,79,12963
GA,Columbia,13073,20023,40947,664,61634
GA,Cook,13075,1667,4116,20,5803
GA,Coweta,13077,16908,40471,692,58071
GA,Crawford,13079,1302,3595,37,4934
GA,Crisp,13081,2577,4445,28,7050
GA,Dade,13083,884,4508,70,5462
GA,Dawson,13085,1519,9953,109,11581
GA,Decatur,13087,3615,5492,39,9146
GA,DeKalb,13089,261042,48923,2776,312741
GA,Dodge,13091,1817,5220,24,7061
GA,Dooly,13093,1782,2001,12,3795
GA,Dougherty,13095,21980,9330,115,31425
GA,Douglas,13097,33053,21744,458,55255
GA,Early,13099,1840,2285,10,4135
GA,Echols,13101,126,1008,9,1143
GA,Effingham,13103,5145,17969,257,23371
GA,Elbert,13105,2194,5152,42,7388
GA,Emanuel,13107,2278,5400,38,7716
GA,Evans,13109,1040,2392,15,3447
GA,Fannin,13111,1809,9306,103,11218
GA,Fayette,13113,24796,32497,705,57998
GA,Floyd,13115,8445,21569,324,30338
GA,Forsyth,13117,26092,65845,1361,93298
GA,Franklin,13119,1036,7051,61,8148
GA,Fulton,13121,306589,112991,4208,423788
GA,Gilmer,13123,1917,10471,122,12510
GA,Glascock,13125,107,1189,5,1301
GA,Glynn,13127,11636,20743,269,32648
GA,Gordon,13129,3046,14586,172,17804
GA,Grady,13131,2704,5633,33,8370
GA,Greene,13133,3093,5856,46,8995
GA,Gwinnett,13135,178097,132998,3823,314918
GA,Habersham,13137,2417,12944,139,15500
GA,Hall,13139,17187,49442,777,67406
GA,Hancock,13141,2666,872,10,3548
GA,Haralson,13143,1219,9278,88,10585
GA,Harris,13145,4021,11834,131,15986
GA,Hart,13147,2178,7370,74,9622
GA,Heard,13149,654,3374,27,4055
GA,Henry,13151,56485,41364,709,98558
GA,Houston,13153,24358,34314,560,59232
GA,Irwin,13155,851,2701,10,3562
GA,Jackson,13157,4674,21950,275,26899
GA,Jasper,13159,1484,4430,31,5945
GA,Jeff Davis,13161,814,3979,22,4815
GA,Jefferson,13163,3564,3177,26,6767
GA,Jenkins,13165,1004,1857,11,2872
GA,Johnson,13167,948,2524,11,3483
GA,Jones,13169,3938,8438,65,12441
GA,Lamar,13171,2195,5105,57,7357
GA,Lanier,13173,762,1910,9,2681
GA,Laurens,13175,6375,12484,93,18952
GA,Lee,13177,3356,10120,79,13555
GA,Liberty,13179,9696,5557,115,15368
GA,Lincoln,13181,1188,2756,25,3969
GA,Long,13183,1371,2591,36,3998
GA,Lowndes,13185,15024,20488,241,35753
GA,Lumpkin,13187,2228,9157,173,11558
GA,Macon,13193,2652,1556,9,4217
GA,Madison,13195,2418,9181,100,11699
GA,Marion,13197,1037,1872,22,2931
GA,McDuffie,13189,3427,5323,42,8792
GA,McIntosh,13191,2161,3218,29,5408
GA,Meriwether,13199,3501,5093,56,8650
GA,Miller,13201,502,1803,10,2315
GA,Mitchell,13205,3245,4187,23,7455
GA,Monroe,13207,3516,9308,114,12938
GA,Montgomery,13209,821,2686,21,3528
GA,Morgan,13211,2675,6807,76,9558
GA,Murray,13213,1489,9512,90,11091
GA,Muscogee,13215,38462,24348,462,63272
GA,Newton,13217,23412,19449,280,43141
GA,Oconee,13219,6015,14480,249,20744
GA,Oglethorpe,13221,1847,4568,70,6485
GA,Paulding,13223,19959,40784,562,61305
GA,Peach,13225,4966,5432,47,10445
GA,Pickens,13227,1901,11331,130,13362
GA,Pierce,13229,738,6123,23,6884
GA,Pike,13231,1164,7322,57,8543
GA,Polk,13233,2588,10177,96,12861
GA,Pulaski,13235,1079,2527,16,3622
GA,Putnam,13237,2579,6704,52,9335
GA,Quitman,13239,410,522,8,940
GA,Rabun,13241,1428,6063,87,7578
GA,Randolph,13243,1518,1257,14,2789
GA,Richmond,13245,47531,22076,548,70155
GA,Rockdale,13247,24725,11703,227,36655
GA,Schley,13249,353,1565,15,1933
GA,Screven,13251,2131,3268,15,5414
GA,Seminole,13253,1061,2149,17,3227
GA,Spalding,13255,9258,14937,222,24417
GA,Stephens,13257,1692,7326,69,9087
GA,Stewart,13259,1053,760,6,1819
GA,Sumter,13261,5360,5149,47,10556
GA,Talbot,13263,1765,1167,22,2954
GA,Taliaferro,13265,568,350,3,921
GA,Tattnall,13267,1537,5073,37,6647
GA,Taylor,13269,1205,2069,20,3294
GA,Telfair,13271,1191,2425,16,3632
GA,Terrell,13273,2125,1800,14,3939
GA,Thomas,13275,6602,10557,85,17244
GA,Tift,13277,4070,9523,80,13673
GA,Toombs,13279,2201,6623,36,8860
GA,Towns,13281,1065,5009,58,6132
GA,Treutlen,13283,806,1800,8,2614
GA,Troup,13285,9218,14533,162,23913
GA,Turner,13287,1200,2062,12,3274
GA,Twiggs,13289,1776,1999,17,3792
GA,Union,13291,1852,9899,114,11865
GA,Upson,13293,3443,7063,62,10568
GA,Walker,13295,3838,17400,252,21490
GA,Walton,13297,8679,29742,265,38686
GA,Ware,13299,3067,7894,55,11016
GA,Warren,13301,1200,1053,8,2261
GA,Washington,13303,4012,4128,29,8169
GA,Wayne,13305,1940,8120,71,10131
GA,Webster,13307,440,659,1,1100
GA,Wheeler,13309,555,1372,4,1931
GA,White,13311,1647,9667,125,11439
GA,Whitfield,13313,7323,19758,246,27327
GA,Wilcox,13315,745,2064,6,2815
GA,Wilkes,13317,1774,2578,25,4377
GA,Wilkinson,13319,1877,2373,15,4265
GA,Worth,13321,1894,5915,37,7846
HI,Hawaii,15001,38301,17953,2363,58617
HI,Honolulu,15003,158623,90929,8528,258080
HI,Kauaʻi,15007,15868,8135,830,24833
HI,Maui,15009,32142,14702,2469,49313
MA,Barnstable,25001,30169,85726,359,116254
MA,Berkshire,25003,25030,28331,67,53428
MA,Bristol,25005,54280,132371,423,187074
MA,Dukes,25007,4470,5556,7,10033
MA,Essex,25009,86893,219522,854,307269
MA,Franklin,25011,14507,18263,35,32805
MA,Hampden,25013,43806,109952,521,154279
MA,Hampshire,25015,32667,37272,97,70036
MA,Middlesex,25017,246197,411687,1621,659505
MA,Nantucket,25019,1750,2388,10,4148
MA,Norfolk,25021,92709,209318,1018,303045
MA,Plymouth,25023,54303,164438,745,219486
MA,Suffolk,25025,122249,125247,763,248259
MA,Worcester,25027,76740,231270,984,308994
MD,Allegany,24001,3985,19224,321,23530
MD,Anne Arundel,24003,69399,157202,2605,229206
MD,Baltimore,24005,122773,198122,3381,324276
MD,Baltimore City,24510,123609,58360,2722,184691
MD,Calvert,24009,9216,29610,458,39284
MD,Caroline,24011,1900,9489,116,11505
MD,Carroll,24013,11767,62445,839,75051
MD,Cecil,24015,7354,27063,522,34939
MD,Charles,24017,32100,31756,504,64360
MD,Dorchester,24019,3043,9205,119,12367
MD,Frederick,24021,33355,72560,1304,107219
MD,Garrett,24023,1395,9472,141,11008
MD,Harford,24025,24012,85259,1308,110579
MD,Howard,24027,61146,80754,1663,143563
MD,Kent,24029,2222,6370,102,8694
MD,Montgomery,24031,224029,180018,4381,408428
MD,Prince George's,24033,225889,89925,3171,318985
MD,Queen Anne's,24035,3268,19503,200,22971
MD,Somerset,24039,2379,5203,120,7702
MD,St. Mary's,24037,9084,30703,607,40394
MD,Talbot,24041,3957,14081,152,18190
MD,Washington,24043,10894,38765,802,50461
MD,Wicomico,24045,10426,22659,449,33534
MD,Worcester,24047,5437,18076,242,23755
ME,Androscoggin,23001,19801,21903,3337,45041
ME,Aroostook,23003,10360,14498,2238,27096
ME,Cumberland,23005,95346,53088,7373,155807
ME,Franklin,23007,7083,6254,738,14075
ME,Hancock,23009,15228,11356,1549,28133
ME,Kennebec,23011,26777,25752,3422,55951
ME,Knox,23013,11691,7694,985,20370
ME,Lincoln,23015,9676,8324,1019,19019
ME,Oxford,23017,10510,12342,2742,25594
ME,Penobscot,23019,29004,31572,3640,64216
ME,Piscataquis,23021,2887,4109,464,7460
ME,Sagadahoc,23023,10152,7714,1210,19076
ME,Somerset,23025,8524,11048,1204,20776
ME,Waldo,23027,10109,8397,1083,19589
ME,Washington,23029,5736,6533,770,13039
ME,York,23031,48078,41727,5494,95299
NM,Bernalillo,35001,149480,91221,0,240701
NM,Catron,35003,511,1332,0,1843
NM,Chaves,35005,5348,11352,0,16700
NM,Cibola,35006,3988,3141,0,7129
NM,Colfax,35007,2327,2335,0,4662
NM,Curry,35009,3106,7107,0,10213
NM,De Baca,35011,229,587,0,816
NM,Doña Ana,35013,36954,23985,0,60939
NM,Eddy,35015,4631,11178,0,15809
NM,Grant,35017,7043,4750,0,11793
NM,Guadalupe,35019,1021,673,0,1694
NM,Harding,35021,178,300,0,478
NM,Hidalgo,35023,785,842,0,1627
NM,Lea,35025,3086,10845,0,13931
NM,Lincoln,35027,2625,5216,0,7841
NM,Los Alamos,35028,6005,4240,0,10245
NM,Luna,35029,2967,3176,0,6143
NM,McKinley,35031,13117,5238,0,18355
NM,Mora,35033,1664,678,0,2342
NM,Otero,35035,6450,10644,0,17094
NM,Quay,35037,1144,1945,0,3089
NM,Rio Arriba,35039,9352,3459,0,12811
NM,Roosevelt,35041,1430,3222,0,4652
NM,San Juan,35045,13347,23961,0,37308
NM,San Miguel,35047,7001,2238,0,9239
NM,Sandoval,35043,30425,24803,0,55228
NM,Santa Fe,35049,52692,14394,0,67086
NM,Sierra,35051,1880,2843,0,4723
NM,Socorro,35053,3596,2664,0,6260
NM,Taos,35055,11806,2687,0,14493
NM,Torrance,35057,2048,3317,0,5365
NM,Union,35059,415,1059,0,1474
NM,Valencia,35061,11717,12659,0,24376
NV,Carson City,32510,9249,12080,1161,22681
NV,Churchill,32001,1869,7033,705,9607
NV,Clark,32003,352814,266216,32871,651901
NV,Douglas,32005,7962,16897,1186,26045
NV,Elko,32007,2604,11444,1122,15170
NV,Esmeralda,32009,51,273,47,371
NV,Eureka,32011,61,609,87,757
NV,Humboldt,32013,1067,4061,415,5543
NV,Lander,32015,316,1571,204,2091
NV,Lincoln,32017,266,1440,246,1952
NV,Lyon,32019,5267,14211,1435,20913
NV,Mineral,32021,540,1067,202,1809
NV,Nye,32023,4607,11103,1784,17494
NV,Pershing,32027,360,1255,149,1764
NV,Storey,32029,721,1476,162,2359
NV,Washoe,32031,91684,87226,9188,188098
NV,White Pine,32033,569,2358,317,3244
NY,Albany,36001,59692,45917,8612,114221
NY,Allegany,36003,3486,10132,1270,14888
NY,Bronx,36005,260556,23079,4721,288356
NY,Broome,36007,31519,36583,4172,72274
NY,Cattaraugus,36009,7034,15028,1563,23625
NY,Cayuga,36011,9783,14706,2351,26840
NY,Chautauqua,36013,15447,25823,2218,43488
NY,Chemung,36015,10191,17294,2238,29723
NY,Chenango,36017,5069,10259,1268,16596
NY,Clinton,36019,11485,13227,1422,26134
NY,Columbia,36021,13665,14253,1351,29269
NY,Cortland,36023,6383,7953,1908,16244
NY,Delaware,36025,5796,9934,1396,17126
NY,Dutchess,36027,51179,59131,3025,113335
NY,Erie,36029,174766,150679,14322,339767
NY,Essex,36031,6489,6705,687,13881
NY,Franklin,36033,5472,7007,1551,14030
NY,Fulton,36035,4080,11901,845,16826
NY,Genesee,36037,5400,13967,1714,21801
NY,Greene,36039,6113,12088,969,19170
NY,Hamilton,36041,722,1792,264,2778
NY,Herkimer,36043,5924,14374,1455,21753
NY,Jefferson,36045,8862,19064,1891,29817
NY,Kings,36047,524080,84648,26355,635083
NY,Lewis,36049,1854,6553,649,9056
NY,Livingston,36051,7637,14627,2082,24346
NY,Madison,36053,9006,10153,2286,25908
NY,Monroe,36055,143110,118909,18247,280266
NY,Montgomery,36057,4384,10153,804,15341
NY,Nassau,36059,281730,204399,9188,495317
NY,New York,36061,460368,52677,20954,533999
NY,Niagara,36063,27951,41242,3140,72333
NY,Oneida,36065,27931,44938,5796,78665
NY,Onondaga,36067,85182,74523,15914,175619
NY,Ontario,36069,16618,23975,3070,43663
NY,Orange,36071,56882,60901,4798,122581
NY,Orleans,36073,3082,8893,924,12899
NY,Oswego,36075,11844,23129,3691,38664
NY,Otsego,36077,8151,11592,1460,21203
NY,Putnam,36079,16556,20914,1065,38535
NY,Queens,36081,391190,90533,14208,495931
NY,Rensselaer,36083,69116,67063,4505,60500
NY,Richmond,36085,69116,67063,2707,138886
NY,Rockland,36087,54436,44020,2749,101205
NY,Saratoga,36091,37133,52337,5860,95330
NY,Schenectady,36093,23961,27474,3491,54926
NY,Schoharie,36095,3099,8190,929,12218
NY,Schuyler,36097,2414,4024,493,7381
NY,Seneca,36099,4164,6408,1085,11657
NY,St. Lawrence,36089,11376,18632,2491,32499
NY,Steuben,36101,9310,21035,3540,33885
NY,Suffolk,36103,274518,247169,12069,533756
NY,Sullivan,36105,10486,12991,1078,24555
NY,Tioga,36107,5978,11045,1264,18287
NY,Tompkins,36109,24325,8859,3976,37160
NY,Ulster,36111,24325,33509,3752,78661
NY,Warren,36113,9815,14745,1548,26108
NY,Washington,36115,6411,12879,1232,20522
NY,Wayne,36117,9241,19574,2554,31369
NY,Westchester,36119,222685,102180,8537,333402
NY,Wyoming,36121,2612,9997,763,13372
NY,Yates,36123,2558,4991,618,8167
OK,Adair,40001,1745,3187,241,5173
OK,Alfalfa,40003,391,1333,77,1801
OK,Atoka,40005,1155,2789,95,4039
OK,Beaver,40007,272,1454,73,1799
OK,Beckham,40009,1396,4061,248,5705
OK,Blaine,40011,889,1941,123,2953
OK,Bryan,40013,3746,7301,302,11349
OK,Caddo,40015,3043,4047,272,7362
OK,Canadian,40017,16744,27410,1797,45951
OK,Carter,40019,4445,9090,469,14004
OK,Cherokee,40021,6970,6336,595,13901
OK,Choctaw,40023,1286,2634,115,4035
OK,Cimarron,40025,98,682,19,799
OK,Cleveland,40027,46648,42268,3231,92147
OK,Coal,40029,659,1127,60,1846
OK,Comanche,40031,12336,13180,1027,26543
OK,Cotton,40033,598,1312,95,2005
OK,Craig,40035,1713,2863,164,4740
OK,Creek,40037,7048,14870,775,22693
OK,Custer,40039,2715,5239,334,8288
OK,Delaware,40041,4114,8543,444,13101
OK,Dewey,40043,315,1404,49,1768
OK,Ellis,40045,236,1186,55,1477
OK,Garfield,40047,5613,11008,754,17375
OK,Garvin,40049,2510,5140,269,7919
OK,Grady,40051,5281,11173,694,17148
OK,Grant,40053,378,1250,76,1704
OK,Greer,40055,469,946,58,1473
OK,Harmon,40057,277,443,26,746
OK,Harper,40059,214,948,48,1210
OK,Haskell,40061,1246,2348,107,3701
OK,Hughes,40063,1336,2323,166,3825
OK,Jackson,40065,1989,4301,196,6486
OK,Jefferson,40067,424,1099,46,1569
OK,Johnston,40069,962,1976,81,3019
OK,Kay,40071,4582,7859,548,12989
OK,Kingfisher,40073,1064,3846,202,5112
OK,Kiowa,40075,972,1645,97,2714
OK,Latimer,40077,1125,1774,118,3017
OK,Le Flore,40079,4467,8009,327,12803
OK,Lincoln,40081,3418,7323,535,11276
OK,Logan,40083,5371,9847,641,15859
OK,Love,40085,808,1902,59,2769
OK,Major,40093,470,2177,99,2746
OK,Marshall,40095,1351,2943,121,4415
OK,Mayes,40097,4604,7837,486,12927
OK,McClain,40087,4286,9021,497,13804
OK,McCurtain,40089,2211,5178,178,7567
OK,McIntosh,40091,2785,3612,223,6620
OK,Murray,40099,1443,2751,175,4369
OK,Muskogee,40101,9516,9515,668,19699
OK,Noble,40103,1252,2543,189,3984
OK,Nowata,40105,1016,2319,171,3506
OK,Okfuskee,40107,1241,1752,111,3104
OK,Oklahoma,40109,126667,98994,7938,233599
OK,Okmulgee,40111,4849,5846,343,11043
OK,Osage,40113,6202,8629,524,15355
OK,Ottawa,40115,3502,4752,271,8525
OK,Pawnee,40117,1645,3076,207,4928
OK,Payne,40119,10650,11193,914,22757
OK,Pittsburg,40121,4842,7986,557,13385
OK,Pontotoc,40123,5293,6233,363,11889
OK,Pottawatomie,40125,8093,11996,933,21022
OK,Pushmataha,40127,1106,2102,125,3333
OK,Roger Mills,40129,283,1157,60,1500
OK,Rogers,40131,10605,21450,1069,33124
OK,Seminole,40133,2607,3681,286,6574
OK,Sequoyah,40135,4480,6695,307,11482
OK,Stephens,40137,4081,9314,407,13802
OK,Texas,40139,894,3097,147,4138
OK,Tillman,40141,716,1315,60,2091
OK,Tulsa,40143,95350,101518,5716,202584
OK,Wagoner,40145,8700,16346,901,25947
OK,Washington,40147,6017,11226,588,17831
OK,Washita,40149,963,2653,189,3805
OK,Woods,40151,797,1929,118,2844
OK,Woodward,40153,1388,4326,184,5898
OR,Baker,41001,1572,6023,669,8264
OR,Benton,41003,26592,14990,2649,44231
OR,Clackamas,41005,91088,98468,10710,200266
OR,Clatsop,41007,8909,8294,1355,18558
OR,Columbia,41009,9519,12953,2145,24617
OR,Coos,41011,9622,16520,2585,28727
OR,Crook,41013,2285,8516,735,11536
OR,Curry,41015,4141,6474,918,11533
OR,Deschutes,41017,40676,49983,5440,96099
OR,Douglas,41019,11824,32413,5001,49238
OR,Gilliam,41021,218,691,114,993
OR,Grant,41023,649,2923,281,3853
OR,Harney,41025,584,2722,241,3547
OR,Hood River,41027,6485,3789,554,10828
OR,Jackson,41029,42207,51623,8077,101907
OR,Jefferson,41031,2635,5518,699,8852
OR,Josephine,41033,12214,24499,3757,40470
OR,Klamath,41035,6301,19134,2821,28256
OR,Lake,41037,476,2774,307,3557
OR,Lane,41039,96841,67737,12594,177172
OR,Lincoln,41041,12610,9884,1725,24219
OR,Linn,41043,16461,33051,5150,54662
OR,Malheur,41045,2159,6000,811,8970
OR,Marion,41047,55238,63323,8417,126978
OR,Morrow,41049,844,2534,376,3754
OR,Multnomah,41051,279384,83507,15207,378098
OR,Polk,41053,15529,19341,2445,37315
OR,Sherman,41055,190,736,59,985
OR,Tillamook,41057,5616,6606,920,13142
OR,Umatilla,41059,7085,15178,1845,24108
OR,Union,41061,2877,7983,896,11756
OR,Wallowa,41063,1088,2668,276,4032
OR,Wasco,41065,4604,5841,912,11357
OR,Washington,41067,137886,97286,13307,248479
OR,Wheeler,41069,158,594,66,818
OR,Yamhill,41071,17931,24412,3477,45820
PA,Adams,42001,15862,22501,690,39053
PA,Allegheny,42003,364710,168893,7702,541305
PA,Armstrong,42005,8839,15373,431,24643
PA,Beaver,42007,36166,30593,1117,67876
PA,Bedford,42009,4408,14261,194,18863
PA,Berks,42011,76136,65756,2534,144426
PA,Blair,42013,14622,28175,725,43522
PA,Bradford,42015,6852,13068,500,20420
PA,Bucks,42017,172302,117912,4115,294329
PA,Butler,42019,32891,45242,1578,79711
PA,Cambria,42021,21639,27530,725,49894
PA,Cameron,42023,619,1127,27,1773
PA,Carbon,42025,9659,12476,407,22542
PA,Centre,42027,34961,24353,1364,60678
PA,Chester,42029,145212,87873,3690,236775
PA,Clarion,42031,5191,8594,309,14094
PA,Clearfield,42033,9235,17241,416,26892
PA,Clinton,42035,5517,6727,232,12476
PA,Columbia,42037,9822,12424,392,22638
PA,Crawford,42039,12137,17859,548,30544
PA,Cumberland,42041,52807,49496,2175,104478
PA,Dauphin,42043,64045,42436,2068,108549
PA,Delaware,42045,167211,80576,2856,250643
PA,Elk,42047,4206,6918,177,11301
PA,Erie,42049,60790,39387,1534,101711
PA,Fayette,42051,19791,20471,647,40909
PA,Forest,42053,746,1159,33,1938
PA,Franklin,42055,18447,35634,841,54922
PA,Fulton,42057,1037,4202,57,5296
PA,Greene,42059,5844,6381,223,12448
PA,Huntingdon,42061,5037,10586,278,15901
PA,Indiana,42063,12715,16179,502,29396
PA,Jefferson,42065,4277,11036,261,15574
PA,Juniata,42067,2550,5780,163,8493
PA,Lackawanna,42069,54237,28616,1060,83913
PA,Lancaster,42071,96040,102229,3955,202224
PA,Lawrence,42073,15035,16714,492,32241
PA,Lebanon,42075,20159,28096,853,49108
PA,Lehigh,42077,77248,49071,2287,128606
PA,Luzerne,42079,55734,50701,1388,107823
PA,Lycoming,42081,14727,25570,728,41025
PA,McKean,42083,3899,8512,182,12593
PA,Mercer,42085,18200,22211,689,41100
PA,Mifflin,42087,4127,9408,210,13745
PA,Monroe,42089,32064,22530,843,55437
PA,Montgomery,42091,256252,120206,4988,381446
PA,Montour,42093,3228,3642,145,7015
PA,Northampton,42095,65749,47527,1846,115122
PA,Northumberland,42097,12135,16122,564,28821
PA,Perry,42099,5905,10915,406,17196
PA,Philadelphia,42101,484124,64514,5537,554175
PA,Pike,42103,9074,11408,318,20800
PA,Potter,42105,1452,4687,109,6248
PA,Schuylkill,42107,21179,26640,899,48718
PA,Snyder,42109,4833,8283,216,13332
PA,Somerset,42111,9138,19020,570,28728
PA,Sullivan,42113,977,1661,61,2699
PA,Susquehanna,42115,5273,10137,309,15719
PA,Tioga,42117,3991,10472,315,14778
PA,Union,42119,6426,7676,294,14396
PA,Venango,42121,7431,10856,338,18625
PA,Warren,42123,5447,8766,270,14483
PA,Washington,42125,39898,40662,1858,82418
PA,Wayne,42127,8023,11751,312,20086
PA,Westmoreland,42129,67950,76126,2219,146295
PA,Wyoming,42131,4101,6344,204,10649
PA,York,42133,75313,90590,3075,168978
RI,Bristol,44001,12316,6772,2091,21179
RI,Kent,44003,29673,29921,7835,67429
RI,Newport,44005,20014,10346,3211,33571
RI,Providence,44007,106688,72247,19189,198124
RI,Washington,44009,29431,20646,6021,56098
SD,Aurora,46003,607,644,29,1280
SD,Beadle,46005,2832,3182,94,6108
SD,Bennett,46007,523,553,26,1102
SD,Bon Homme,46009,1408,1303,36,2747
SD,Brookings,46011,6372,5225,183,11780
SD,Brown,46013,7338,6821,206,14365
SD,Brule,46015,991,1103,36,2130
SD,Buffalo,46017,403,138,7,548
SD,Butte,46019,1234,2505,69,3808
SD,Campbell,46021,173,550,9,732
SD,Charles Mix,46023,1853,1661,38,3552
SD,Clark,46025,768,879,17,1664
SD,Clay,46027,3039,1552,53,4644
SD,Codington,46029,4697,5865,131,10693
SD,Corson,46031,667,426,17,1110
SD,Custer,46033,1547,2789,73,4409
SD,Davison,46035,3398,3779,97,7274
SD,Day,46037,1531,1207,39,2777
SD,Deuel,46039,893,1053,43,1989
SD,Dewey,46041,1430,393,18,1841
SD,Douglas,46043,363,1120,13,1496
SD,Edmunds,46045,671,1018,19,1708
SD,Fall River,46047,1065,2059,68,3192
SD,Faulk,46049,388,674,13,1075
SD,Grant,46051,1388,1780,52,3220
SD,Gregory,46053,1029,1107,17,2153
SD,Haakon,46055,196,734,15,945
SD,Hamlin,46057,923,1764,29,2716
SD,Hand,46059,683,950,29,1662
SD,Hanson,46061,647,945,18,1610
SD,Harding,46063,174,505,7,686
SD,Hughes,46065,4144,3749,114,8007
SD,Hutchinson,46067,1180,2082,28,3290
SD,Hyde,46069,248,407,5,660
SD,Jackson,46071,454,513,20,987
SD,Jerauld,46073,433,478,12,923
SD,Jones,46075,173,361,12,546
SD,Kingsbury,46077,1111,1303,41,2455
SD,Lake,46079,2669,2483,55,5207
SD,Lawrence,46081,4675,5984,239,10898
SD,Lincoln,46083,11109,12894,203,24206
SD,Lyman,46085,682,691,27,1400
SD,Marshall,46091,1093,853,31,1977
SD,McCook,46087,1083,1375,39,2497
SD,McPherson,46089,309,729,16,1054
SD,Meade,46093,3559,6413,256,10228
SD,Mellette,46095,395,299,17,711
SD,Miner,46097,570,523,12,1105
SD,Minnehaha,46099,37450,32355,876,70681
SD,Moody,46101,1469,1340,44,2853
SD,Oglala Lakota,46102,2778,214,44,3036
SD,Pennington,46103,17988,22944,738,41670
SD,Perkins,46105,368,953,23,1344
SD,Potter,46107,373,821,15,1209
SD,Roberts,46109,2062,1643,40,3745
SD,Sanborn,46111,419,593,16,1028
SD,Spink,46115,1394,1376,37,2807
SD,Stanley,46117,704,762,21,1487
SD,Sully,46119,296,500,16,812
SD,Todd,46121,1831,390,20,2241
SD,Tripp,46123,1023,1430,36,2489
SD,Turner,46125,1556,2272,39,3867
SD,Union,46127,2544,4068,73,6685
SD,Walworth,46129,752,1468,39,2259
SD,Yankton,46135,4757,4121,134,9012
SD,Ziebach,46137,572,241,9,822
TN,Anderson,47001,9462,16265,313,26040
TN,Bedford,47003,3447,9489,113,13049
TN,Benton,47005,1599,3696,51,5346
TN,Bledsoe,47007,923,3102,47,4072
TN,Blount,47009,13362,32958,445,46765
TN,Bradley,47011,7287,26123,355,33765
TN,Campbell,47013,2189,7820,145,10154
TN,Cannon,47015,1157,3473,27,4657
TN,Carroll,47017,2247,6451,90,8788
TN,Carter,47019,3525,14922,170,18617
TN,Cheatham,47021,4417,9966,76,14459
TN,Chester,47023,1131,4161,95,5387
TN,Claiborne,47025,1871,6514,102,8487
TN,Clay,47027,778,1773,20,2571
TN,Cocke,47029,2080,8139,143,10362
TN,Coffee,47031,4867,11828,303,16998
TN,Crockett,47033,1173,3274,37,4484
TN,Cumberland,47035,5396,18217,216,23829
TN,Davidson,47037,152441,78286,13801,244528
TN,Decatur,47039,937,2844,83,3864
TN,DeKalb,47041,1737,4176,44,5957
TN,Dickson,47043,5202,11413,91,16706
TN,Dyer,47045,2431,8515,161,11107
TN,Fayette,47047,4943,11883,248,17074
TN,Fentress,47049,1255,5043,91,6389
TN,Franklin,47051,4413,9432,88,13933
TN,Gibson,47053,4474,11402,215,16091
TN,Giles,47055,2750,6730,121,9601
TN,Grainger,47057,1285,5476,77,6838
TN,Greene,47059,4169,16196,205,20570
TN,Grundy,47061,1007,2699,49,3755
TN,Hamblen,47063,4063,13197,133,17393
TN,Hamilton,47065,57794,74437,1202,133433
TN,Hancock,47067,331,1447,22,1800
TN,Hardeman,47069,3336,4060,116,7512
TN,Hardin,47071,1603,6410,187,8200
TN,Hawkins,47073,3202,14069,173,17444
TN,Haywood,47075,3269,2522,70,5861
TN,Henderson,47077,1642,6922,76,8640
TN,Henry,47079,3031,7698,112,10841
TN,Hickman,47081,2025,4894,70,6989
TN,Houston,47083,990,1738,27,2755
TN,Humphreys,47085,2037,3813,46,5896
TN,Jackson,47087,1242,2647,38,3927
TN,Jefferson,47089,3581,12411,155,16147
TN,Johnson,47091,1013,4809,70,5892
TN,Knox,47093,68437,96006,2000,166443
TN,Lake,47095,337,951,174,1462
TN,Lauderdale,47097,2543,4026,99,6668
TN,Lawrence,47099,3048,9834,72,12954
TN,Lewis,47101,1048,2969,28,4045
TN,Lincoln,47103,2105,8110,273,10488
TN,Loudon,47105,5181,16245,221,21647
TN,Macon,47111,1246,5078,49,6373
TN,Madison,47113,13759,18722,372,32853
TN,Marion,47115,2806,6327,98,9231
TN,Marshall,47117,2891,7074,66,10031
TN,Maury,47119,11149,21297,284,32730
TN,McMinn,47107,3382,12268,174,15824
TN,McNairy,47109,1825,6201,148,8174
TN,Meigs,47121,846,2920,40,3806
TN,Monroe,47123,3206,11146,143,14495
TN,Montgomery,47125,22664,27920,1140,51724
TN,Moore,47127,524,1944,38,2506
TN,Morgan,47129,1243,4331,59,5633
TN,Obion,47131,2053,7425,100,9578
TN,Overton,47133,2213,4951,60,7224
TN,Perry,47135,654,1771,22,2447
TN,Pickett,47137,586,1689,9,2284
TN,Polk,47139,1422,4359,52,5833
TN,Putnam,47141,7710,16407,252,24369
TN,Rhea,47143,1926,7382,86,9394
TN,Roane,47145,5207,13868,209,19284
TN,Robertson,47147,7177,16816,165,24158
TN,Rutherford,47149,41108,56957,908,98973
TN,Scott,47151,961,4472,52,5485
TN,Sequatchie,47153,1185,3766,54,5005
TN,Sevier,47155,6442,23059,553,30054
TN,Shelby,47157,175478,106594,8076,290148
TN,Smith,47159,1756,4745,55,6556
TN,Stewart,47161,1329,3102,49,4480
TN,Sullivan,47163,12373,41548,449,54370
TN,Sumner,47165,20914,44149,513,65576
TN,Tipton,47167,4908,14074,336,19318
TN,Trousdale,47169,881,1739,31,2651
TN,Unicoi,47171,1228,5008,58,6294
TN,Union,47173,1133,4028,63,5224
TN,Van Buren,47175,624,1555,34,2213
TN,Warren,47177,3643,7737,92,11472
TN,Washington,47179,13584,31066,386,45036
TN,Wayne,47181,818,3876,37,4731
TN,Weakley,47183,2557,7203,132,9892
TN,White,47185,2005,6374,65,8444
TN,Williamson,47187,34647,68189,2818,105654
TN,Wilson,47189,16987,35488,592,53067
TX,Anderson,48001,2868,11732,151,14751
TX,Andrews,48003,687,3400,38,4125
TX,Angelina,48005,6406,19701,244,26351
TX,Aransas,48007,1797,7075,108,8980
TX,Archer,48009,323,3259,28,3610
TX,Armstrong,48011,59,822,14,895
TX,Atascosa,48013,3655,8361,158,12174
TX,Austin,48015,1897,9009,123,11029
TX,Bailey,48017,348,1241,17,1606
TX,Bandera,48019,1602,7866,120,9588
TX,Bastrop,48021,10407,16351,640,27398
TX,Baylor,48023,129,1090,15,1234
TX,Bee,48025,2261,4827,90,7178
TX,Bell,48027,33803,51157,1438,86398
TX,Bexar,48029,285502,251043,9852,546397
TX,Blanco,48031,1351,4329,115,5795
TX,Borden,48033,17,321,1,339
TX,Bosque,48035,1104,5948,106,7158
TX,Bowie,48037,7357,20651,281,28289
TX,Brazoria,48039,39536,70373,1637,111546
TX,Brazos,48041,23361,39424,1383,64168
TX,Brewster,48043,1933,2033,96,4062
TX,Briscoe,48045,58,556,9,623
TX,Brooks,48047,1198,658,12,1868
TX,Brown,48049,1458,10640,142,12240
TX,Burleson,48051,1277,5254,68,6599
TX,Burnet,48053,3712,14497,340,18549
TX,Caldwell,48055,4509,6723,225,11457
TX,Calhoun,48057,1627,4409,82,6118
TX,Callahan,48059,486,4475,54,5015
TX,Cameron,48061,41991,34407,1113,77511
TX,Camp,48063,1028,2816,41,3885
TX,Carson,48065,208,2209,36,2453
TX,Cass,48067,1890,8323,76,10289
TX,Castro,48069,371,1226,18,1615
TX,Chambers,48071,2460,12505,203,15168
TX,Cherokee,48073,2938,11943,154,15035
TX,Childress,48075,206,1546,13,1765
TX,Clay,48077,449,3807,30,4286
TX,Cochran,48079,122,550,7,679
TX,Coke,48081,118,1187,15,1320
TX,Coleman,48083,328,2774,28,3130
TX,Collin,48085,139175,208075,6444,353694
TX,Collingsworth,48087,101,827,11,939
TX,Colorado,48089,1558,5992,63,7613
TX,Comal,48091,14145,46635,1015,61795
TX,Comanche,48093,657,3906,50,4613
TX,Concho,48095,145,825,13,983
TX,Cooke,48097,2054,12294,164,14512
TX,Coryell,48099,4392,11281,258,15931
TX,Cottle,48101,88,468,3,559
TX,Crane,48103,197,842,8,1047
TX,Crockett,48105,333,921,12,1266
TX,Crosby,48107,392,1005,20,1417
TX,Culberson,48109,422,324,11,757
TX,Dallam,48111,129,985,8,1122
TX,Dallas,48113,425208,283659,15030,723897
TX,Dawson,48115,739,2240,30,3009
TX,Deaf Smith,48117,957,2788,28,3773
TX,Delta,48119,301,1606,29,1936
TX,Denton,48121,113808,174472,6194,294474
TX,Dewitt,48123,942,5115,62,6119
TX,Dickens,48125,96,656,6,758
TX,Dimmit,48127,1787,1042,22,2851
TX,Donley,48129,134,1130,20,1284
TX,Duval,48131,2457,1479,22,3958
TX,Eastland,48133,708,5434,57,6199
TX,Ector,48135,8211,21934,412,30557
TX,Edwards,48137,100,635,7,742
TX,Ellis,48139,15879,43647,975,60501
TX,El Paso,48141,134181,62749,3699,200629
TX,Erath,48143,2073,10356,167,12596
TX,Falls,48145,1286,3344,39,4669
TX,Fannin,48147,1767,8856,131,10754
TX,Fayette,48149,1777,8576,108,10461
TX,Fisher,48151,310,1161,17,1488
TX,Floyd,48153,412,1448,17,1877
TX,Foard,48155,101,331,4,436
TX,Fort Bend,48157,125374,125867,3613,254854
TX,Franklin,48159,537,3359,59,3955
TX,Freestone,48161,1143,5336,60,6539
TX,Frio,48163,1739,1844,51,3634
TX,Gaines,48165,475,3305,53,3833
TX,Galveston,48167,39314,72104,2017,113435
TX,Garza,48169,186,1078,13,1277
TX,Gillespie,48171,2030,10351,164,12545
TX,Glasscock,48173,36,515,2,553
TX,Goliad,48175,617,2397,48,3062
TX,Gonzales,48177,1170,4393,52,5615
TX,Gray,48179,551,5330,67,5948
TX,Grayson,48181,9857,32562,608,43027
TX,Gregg,48183,10015,25558,408,35981
TX,Grimes,48185,1858,6684,102,8644
TX,Guadalupe,48187,17265,36284,854,54403
TX,Hale,48189,1727,5532,114,7373
TX,Hall,48191,142,815,7,964
TX,Hamilton,48193,405,2903,30,3338
TX,Hansford,48195,118,1548,25,1691
TX,Hardeman,48197,154,997,6,1157
TX,Hardin,48199,2327,17528,155,20010
TX,Harris,48201,628804,559819,18094,1206717
TX,Harrison,48203,5562,16747,257,22566
TX,Hartley,48205,125,1491,7,1623
TX,Haskell,48207,267,1387,14,1668
TX,Hays,48209,39486,37895,2144,79525
TX,Hemphill,48211,152,1199,14,1365
TX,Henderson,48213,4622,21775,306,26703
TX,Hidalgo,48215,93935,55421,1670,151026
TX,Hill,48217,2052,9262,116,11430
TX,Hockley,48219,1030,4947,95,6072
TX,Hood,48221,3765,20865,310,24940
TX,Hopkins,48223,2218,9533,129,11880
TX,Houston,48225,1641,5659,50,7350
TX,Howard,48227,1542,5737,92,7371
TX,Hudspeth,48229,335,538,13,886
TX,Hunt,48231,5946,22078,389,28413
TX,Hutchinson,48233,687,5874,79,6640
TX,Irion,48235,87,641,9,737
TX,Jack,48237,246,2539,26,2811
TX,Jackson,48239,715,4016,27,4758
TX,Jasper,48241,1990,9732,86,11808
TX,Jeff Davis,48243,407,719,39,1165
TX,Jefferson,48245,34516,38999,751,74266
TX,Jim Hogg,48247,938,509,8,1455
TX,Jim Wells,48249,4616,5088,77,9781
TX,Johnson,48251,10105,41485,774,52364
TX,Jones,48253,757,4167,57,4981
TX,Karnes,48255,1054,3023,46,4123
TX,Kaufman,48257,10294,27491,559,38344
TX,Kendall,48259,3382,16076,286,19744
TX,Kenedy,48261,57,111,3,171
TX,Kent,48263,34,299,4,337
TX,Kerr,48265,4268,17566,298,22132
TX,Kimble,48267,161,1529,23,1713
TX,King,48269,6,120,1,127
TX,Kinney,48271,290,890,11,1191
TX,Kleberg,48273,3629,4831,99,8559
TX,Knox,48275,217,866,11,1094
TX,Lamar,48277,3231,13103,200,16534
TX,Lamb,48279,629,2785,35,3449
TX,Lampasas,48281,1343,6073,101,7517
TX,LaSalle,48283,725,728,7,1460
TX,Lavaca,48285,830,6856,45,7731
TX,Lee,48287,1129,4650,57,5836
TX,Leon,48289,751,5781,51,6583
TX,Liberty,48291,3816,16527,203,20546
TX,Limestone,48293,1535,5330,52,6917
TX,Lipscomb,48295,109,947,8,1064
TX,Live Oak,48297,504,3114,29,3647
TX,Llano,48299,1751,8287,138,10176
TX,Loving,48301,9,47,0,56
TX,Lubbock,48303,27266,61775,2133,91174
TX,Lynn,48305,302,1380,14,1696
TX,Madison,48313,722,3081,29,3832
TX,Marion,48315,939,2553,33,3525
TX,Martin,48317,229,1303,14,1546
TX,Mason,48319,333,1605,21,1959
TX,Matagorda,48321,2673,7705,106,10484
TX,Maverick,48323,6940,3495,126,10561
TX,McCulloch,48307,368,2275,33,2676
TX,McLennan,48309,24734,49195,1079,75008
TX,McMullen,48311,33,395,1,429
TX,Medina,48325,3964,12057,166,16187
TX,Menard,48327,130,646,4,780
TX,Midland,48329,8101,34049,692,42842
TX,Milam,48331,1795,6080,115,7990
TX,Mills,48333,206,1790,18,2014
TX,Mitchell,48335,298,1595,14,1907
TX,Montague,48337,765,6563,80,7408
TX,Montgomery,48339,43044,144664,2602,190310
TX,Moore,48341,750,3268,40,4058
TX,Morris,48343,1159,3018,44,4221
TX,Motley,48345,35,458,4,497
TX,Nacogdoches,48347,6843,14411,264,21518
TX,Navarro,48349,3411,10818,179,14408
TX,Newton,48351,870,3771,29,4670
TX,Nolan,48353,807,3200,51,4058
TX,Nueces,48355,39720,52918,1312,93950
TX,Ochiltree,48357,212,2169,26,2407
TX,Oldham,48359,62,742,5,809
TX,Orange,48361,4348,21724,214,26286
TX,Palo Pinto,48363,1529,7811,90,9430
TX,Panola,48365,1494,7182,61,8737
TX,Parker,48367,8099,45981,745,54825
TX,Parmer,48369,352,1680,14,2046
TX,Pecos,48371,1167,2299,37,3503
TX,Polk,48373,3378,13130,220,16728
TX,Potter,48375,6674,17299,389,24362
TX,Presidio,48377,1157,465,30,1652
TX,Rains,48379,566,3810,31,4407
TX,Randall,48381,8065,39586,717,48368
TX,Reagan,48383,127,697,12,836
TX,Real,48385,213,1341,12,1566
TX,Red River,48387,904,3476,26,4406
TX,Reeves,48389,1123,1210,24,2357
TX,Refugio,48391,751,1726,19,2496
TX,Roberts,48393,16,448,5,469
TX,Robertson,48395,1753,4448,52,6253
TX,Rockwall,48397,9432,28582,622,38636
TX,Runnels,48399,345,2885,28,3258
TX,Rusk,48401,3233,12864,147,16244
TX,Sabine,48403,458,3477,23,3958
TX,San Augustine,48405,684,2296,20,3000
TX,San Jacinto,48407,1529,7722,84,9335
TX,San Patricio,48409,5842,12173,201,18216
TX,San Saba,48411,211,1835,13,2059
TX,Schleicher,48413,187,758,12,957
TX,Scurry,48415,577,3750,41,4368
TX,Shackelford,48417,87,1190,8,1285
TX,Shelby,48419,1366,6132,44,7542
TX,Sherman,48421,74,701,42,817
TX,Smith,48423,20623,55708,898,77229
TX,Somervell,48425,499,3143,42,3684
TX,Starr,48427,6968,3217,95,10280
TX,Stephens,48429,291,2653,24,2968
TX,Sterling,48431,39,445,4,488
TX,Stonewall,48433,96,503,11,610
TX,Sutton,48435,248,939,12,1199
TX,Swisher,48437,368,1491,26,1885
TX,Tarrant,48439,273814,340404,11676,625894
TX,Taylor,48441,8880,31152,673,40705
TX,Terrell,48443,136,316,3,455
TX,Terry,48445,552,2221,29,2802
TX,Throckmorton,48447,63,625,9,697
TX,Titus,48449,2017,5861,98,7976
TX,Tom Green,48451,8373,25792,488,34653
TX,Travis,48453,320550,145910,13360,479820
TX,Trinity,48455,835,4293,41,5169
TX,Tyler,48457,973,6079,67,7119
TX,Upshur,48459,2177,11638,194,14009
TX,Upton,48461,148,860,8,1016
TX,Uvalde,48463,3070,4755,80,7905
TX,Val Verde,48465,5241,5993,131,11365
TX,Van Zandt,48467,2150,15609,190,17949
TX,Victoria,48469,7245,19599,303,27147
TX,Walker,48471,5331,12199,266,17796
TX,Waller,48473,5791,10639,170,16600
TX,Ward,48475,690,2201,35,2926
TX,Washington,48477,2730,10532,208,13470
TX,Webb,48479,32055,16287,569,48911
TX,Wharton,48481,3332,9472,107,12911
TX,Wheeler,48483,126,1682,13,1821
TX,Wichita,48485,8614,24817,489,33920
TX,Wilbarger,48487,685,2722,50,3457
TX,Willacy,48489,2257,1931,38,4226
TX,Williamson,48491,90002,112214,5297,207513
TX,Wilson,48493,3800,13704,199,17703
TX,Winkler,48495,284,1150,19,1453
TX,Wise,48497,3184,19633,303,23120
TX,Wood,48499,2324,14406,151,16881
TX,Yoakum,48501,303,1558,32,1893
TX,Young,48503,726,5579,87,6392
TX,Zapata,48505,1292,861,15,2168
TX,Zavala,48507,2082,748,20,2850
WI,Adams,55001,3892,5209,190,9291
WI,Ashland,55003,4168,2584,168,6920
WI,Barron,55005,7623,10655,290,18568
WI,Bayfield,55007,5152,3458,187,8797
WI,Brown,55009,51724,61424,2521,115669
WI,Buffalo,55011,2385,3463,128,5976
WI,Burnett,55013,2742,4664,182,7588
WI,Calumet,55015,8992,14313,398,23703
WI,Chippewa,55017,11739,15499,537,27775
WI,Clark,55019,4015,7469,230,11714
WI,Columbia,55021,14124,12363,547,27034
WI,Crawford,55023,3354,3117,133,6604
WI,Dane,55025,220052,69206,5365,294623
WI,Dodge,55027,13552,23516,742,37810
WI,Door,55029,8151,8536,292,16979
WI,Douglas,55031,11034,7251,474,18759
WI,Dunn,55033,8667,9255,535,18457
WI,Eau Claire,55035,26768,20855,1210,48833
WI,Florence,55037,643,1503,35,2181
WI,Fond du Lac,55039,16439,27941,806,45186
WI,Forest,55041,1486,2421,75,3982
WI,Grant,55043,9665,9502,430,19597
WI,Green,55045,9378,7333,379,17090
WI,Green Lake,55047,2633,5411,140,8184
WI,Iowa,55049,6674,4289,213,11176
WI,Iron,55051,1264,1785,43,3092
WI,Jackson,55053,3713,4129,174,8016
WI,Jefferson,55055,16018,21475,664,38157
WI,Juneau,55057,4247,5689,195,10131
WI,Kenosha,55059,34481,31512,2081,68074
WI,Kewaunee,55061,3572,5792,135,9499
WI,La Crosse,55063,32103,23537,1441,57081
WI,Lafayette,55065,3135,3324,105,6564
WI,Langlade,55067,2825,5712,728,9265
WI,Lincoln,55069,5335,7865,310,13510
WI,Manitowoc,55071,13513,21360,683,35556
WI,Marathon,55073,24057,36886,1201,62144
WI,Marinette,55075,6193,10916,296,17405
WI,Marquette,55077,2911,4143,141,7195
WI,Menominee,55078,866,233,33,1132
WI,Milwaukee,55079,262124,124055,7698,393877
WI,Monroe,55081,6969,9464,366,16799
WI,Oconto,55083,5858,11490,243,17591
WI,Oneida,55085,7850,11248,502,19600
WI,Outagamie,55087,36290,45359,1765,83414
WI,Ozaukee,55089,18394,32069,713,51176
WI,Pepin,55091,1333,1745,57,3135
WI,Pierce,55093,8193,8740,568,17501
WI,Polk,55095,7333,10866,404,18603
WI,Portage,55097,18007,15958,906,34871
WI,Price,55099,2585,3996,98,6679
WI,Racine,55101,40498,44770,1922,87190
WI,Richland,55103,3623,3285,145,7053
WI,Rock,55105,39680,26904,1782,68366
WI,Rusk,55107,2184,3797,118,6099
WI,Sauk,55111,15630,12615,687,28932
WI,Sawyer,55113,3484,4542,171,8197
WI,Shawano,55115,6121,11478,401,18000
WI,Sheboygan,55117,20801,31520,926,53247
WI,St. Croix,55109,16690,22108,1272,40070
WI,Taylor,55119,2269,5690,129,8088
WI,Trempealeau,55121,5393,6623,239,12255
WI,Vernon,55123,6550,6276,240,13066
WI,Vilas,55125,4510,7814,195,12519
WI,Walworth,55127,17394,27088,977,45459
WI,Washburn,55129,3292,4461,163,7916
WI,Washington,55131,18703,50958,884,70545
WI,Waukesha,55133,72131,146699,2977,221807
WI,Waupaca,55135,8143,13909,421,22473
WI,Waushara,55137,3742,6719,168,10629
WI,Winnebago,55139,35610,38368,1775,75753
WI,Wood,55141,13638,18871,572,33081
WY,Albany,56001,7137,6494,780,14411
WY,Big Horn,56003,608,3391,315,4314
WY,Campbell,56005,1856,10398,756,13010
WY,Carbon,56007,1314,3560,292,5166
WY,Converse,56009,757,3872,310,4939
WY,Crook,56011,358,2575,155,3088
WY,Fremont,56013,4299,9251,808,14358
WY,Goshen,56015,957,3568,280,4805
WY,Hot Springs,56017,443,1682,126,2251
WY,Johnson,56019,478,3245,158,3881
WY,Laramie,56021,11196,20052,1454,32702
WY,Lincoln,56023,1155,5511,506,7172
WY,Natrona,56025,6352,16866,1262,24480
WY,Niobrara,56027,153,918,89,1160
WY,Park,56029,2277,8815,717,11809
WY,Platte,56031,845,2644,287,3776
WY,Sheridan,56033,2667,8727,420,11814
WY,Sublette,56035,602,2664,136,3402
WY,Sweetwater,56037,3758,8375,800,12933
WY,Teton,56039,6541,4736,411,11688
WY,Uinta,56041,1296,4547,420,6263
WY,Washakie,56043,568,2396,148,3112
WY,Weston,56045,348,2125,231,2704
AK,Aleutians East,02013,198,157,29,384
AK,Aleutians West,02016,622,391,70,1083
AK,Anchorage,02020,55092,54995,3718,113805
AK,Bethel,02050,3479,1272,357,5108
AK,Bristol Bay,02060,186,177,29,392
AK,Denali,02068,421,524,36,981
AK,Dillingham,02070,1317,491,80,1888
AK,Fairbanks North Star,02090,14628,17850,1451,33929
AK,Haines,02100,912,566,70,1548
AK,Hoonah-Angoon,02105,783,496,79,1358
AK,Juneau,02110,9230,5812,599,15641
AK,Kenai Peninsula,02122,8792,15540,1017,25349
AK,Ketchikan Gateway,02130,2158,3112,245,5515
AK,Kodiak Island,02150,2312,2153,269,4734
AK,Kusilvak,02158,1631,474,196,2301
AK,Lake and Peninsula,02164,296,160,44,500
AK,Matanuska-Susitna,02170,10226,29182,1173,40581
AK,Nome,02180,1831,945,227,3003
AK,North Slope,02185,1174,666,177,2017
AK,Northwest Arctic,02188,1051,764,157,1972
AK,Petersburg,02195,716,664,78,1458
AK,Prince of Wales-Hyder,02198,1218,1116,191,2525
AK,Sitka,02220,2226,1529,217,3972
AK,Skagway,02230,486,211,30,727
AK,Southeast Fairbanks,02240,780,2080,113,2973
AK,Valdez-Cordova,02261,1716,2030,215,3961
AK,Wrangell,02275,329,625,61,1015
AK,Yakutat,02282,180,116,27,323
AK,Yukon-Koyukuk,02290,1747,1533,202,3482
NH,Belknap,33001,9690,16856,374,26920
NH,Carroll,33003,10432,13308,265,24005
NH,Cheshire,33005,18158,13875,509,32542
NH,Coös,33007,4988,6397,225,11610
NH,Grafton,33009,22932,16734,642,40308
NH,Hillsborough,33011,72033,87846,2589,162468
NH,Merrimack,33013,30540,33513,972,65025
NH,Rockingham,33015,59269,79195,1699,140163
NH,Strafford,33017,26593,25782,931,53306
NH,Sullivan,33019,7724,9258,273,17255
FL,Alachua,12001,72701,41285,1333,115319
FL,Baker,12003,1760,8688,98,10546
FL,Bay,12005,16757,45709,935,63401
FL,Bradford,12007,2671,7698,144,10513
FL,Brevard,12009,114921,162213,4780,281914
FL,Broward,12011,482152,222012,5412,709576
FL,Calhoun,12013,923,3576,112,4611
FL,Charlotte,12015,31248,54102,1546,86896
FL,Citrus,12017,21197,47729,2029,70955
FL,Clay,12019,28151,64404,998,93553
FL,Collier,12021,53594,100303,1640,155537
FL,Columbia,12023,7108,17425,338,24871
FL,Desoto,12027,3058,5663,193,8914
FL,Dixie,12029,1007,4662,135,5804
FL,Duval,12031,196612,179902,3673,380187
FL,Escambia,12033,52835,74718,1899,129452
FL,Flagler,12035,21183,30951,729,52863
FL,Franklin,12037,1794,3516,131,5441
FL,Gadsden,12039,13718,6204,146,20068
FL,Gilchrist,12041,1282,5975,114,7371
FL,Glades,12043,1095,2647,96,3838
FL,Gulf,12045,1511,4265,124,5900
FL,Hamilton,12047,1591,2908,57,4556
FL,Hardee,12049,1802,4485,117,6404
FL,Hendry,12051,3516,5177,189,8882
FL,Hernando,12053,29431,49674,1631,80736
FL,Highlands,12055,12783,26285,741,39809
FL,Hillsborough,12057,281598,234835,7037,523470
FL,Holmes,12059,737,5940,104,6781
FL,Indian River,12061,28460,44924,917,74301
FL,Jackson,12063,5019,10771,198,15988
FL,Jefferson,12065,3376,3877,115,7368
FL,Lafayette,12067,419,2363,44,2826
FL,Lake,12069,60289,92633,2216,155138
FL,Lee,12071,111198,174078,4511,289787
FL,Leon,12073,88770,49947,1615,140332
FL,Levy,12075,4718,12084,301,17103
FL,Liberty,12077,526,2059,97,2682
FL,Madison,12079,3237,4347,48,7632
FL,Manatee,12081,67615,93235,2631,163481
FL,Marion,12083,57388,94897,2713,154998
FL,Martin,12085,29148,47849,821,77818
FL,Miami-Dade,12086,479197,311792,8986,799975
FL,Monroe,12087,17176,18508,468,36152
FL,Nassau,12089,11472,31703,414,43589
FL,Okaloosa,12091,22408,59940,1611,83959
FL,Okeechobee,12093,3306,7730,218,11254
FL,Orange,12095,296297,174253,5635,476185
FL,Osceola,12097,68721,44634,1773,115128
FL,Palm Beach,12099,341409,241016,4594,587019
FL,Pasco,12101,86382,120754,4074,211210
FL,Pinellas,12103,220826,207667,7309,435802
FL,Polk,12105,104045,136717,4105,244867
FL,Putnam,12107,9011,18721,415,28147
FL,Santa Rosa,12113,18207,56148,1285,75640
FL,Sarasota,12115,95014,113261,2927,211202
FL,Seminole,12117,100201,96630,2591,199422
FL,St. Johns,12109,46208,83664,1213,131085
FL,St. Lucie,12111,63606,58994,1539,124139
FL,Sumter,12119,21843,51801,803,74447
FL,Suwannee,12121,3450,12234,231,15915
FL,Taylor,12123,1877,5942,131,7950
FL,Union,12125,973,3842,59,4874
FL,Volusia,12127,100486,124811,3703,229000
FL,Wakulla,12129,4194,9802,245,14241
FL,Walton,12131,7019,22925,410,30354
FL,Washington,12133,1865,7017,178,9060
IA,Adair,19001,1167,2213,64,3444
IA,Adams,19003,549,1160,38,1747
IA,Allamakee,19005,2165,3326,188,5679
IA,Appanoose,19007,1834,3101,112,5047
IA,Audubon,19009,990,1658,46,2694
IA,Benton,19011,4482,6845,295,11622
IA,Black Hawk,19013,29259,22786,1190,53235
IA,Boone,19015,5810,6107,279,12196
IA,Bremer,19017,4999,6220,230,11449
IA,Buchanan,19019,3865,4400,225,8490
IA,Buena Vista,19021,2649,3771,144,6564
IA,Butler,19023,2064,3952,140,6156
IA,Calhoun,19025,1464,2710,135,4309
IA,Carroll,19027,3186,5676,162,9024
IA,Cass,19029,1886,3813,115,5814
IA,Cedar,19031,3518,4409,186,8113
IA,Cerro Gordo,19033,9011,9651,374,19036
IA,Cherokee,19035,1715,3327,114,5156
IA,Chickasaw,19037,2103,3021,122,5246
IA,Clarke,19039,1280,2341,85,3706
IA,Clay,19041,2417,4364,133,6914
IA,Clayton,19043,2978,4512,428,7918
IA,Clinton,19045,9047,8847,327,18221
IA,Crawford,19047,1735,3579,107,5421
IA,Dallas,19049,19804,21189,731,41724
IA,Davis,19051,1002,2070,69,3141
IA,Decatur,19053,1008,1872,72,2952
IA,Delaware,19055,2667,4779,224,7670
IA,Des Moines,19057,8038,6827,280,15145
IA,Dickinson,19059,3134,5564,141,8839
IA,Dubuque,19061,21108,20532,1108,42748
IA,Emmet,19063,1383,2298,88,3769
IA,Fayette,19065,3446,4528,256,8230
IA,Floyd,19067,2812,3366,137,6315
IA,Franklin,19069,1379,2647,82,4108
IA,Fremont,19071,992,1956,63,3011
IA,Greene,19073,1675,2326,92,4093
IA,Grundy,19075,1875,3785,101,5761
IA,Guthrie,19077,1738,3169,128,5035
IA,Hamilton,19079,2560,3703,122,6385
IA,Hancock,19081,1464,3257,101,4822
IA,Hardin,19083,2689,4407,153,7249
IA,Harrison,19085,1912,3931,156,5999
IA,Henry,19087,2996,4284,166,7446
IA,Howard,19089,1422,2050,149,3621
IA,Humboldt,19091,1200,2797,88,4085
IA,Ida,19093,713,2196,39,2948
IA,Iowa,19095,2966,4499,178,7643
IA,Jackson,19097,3582,4744,261,8587
IA,Jasper,19099,7234,8377,320,15931
IA,Jefferson,19101,3750,3146,175,7071
IA,Johnson,19103,48758,18119,1206,68083
IA,Jones,19105,3650,4752,201,8603
IA,Keokuk,19107,1294,2716,74,4084
IA,Kossuth,19109,2588,4642,135,7365
IA,Lee,19111,6387,5973,269,12629
IA,Linn,19113,56767,42449,2838,102054
IA,Louisa,19115,1469,2288,64,3821
IA,Lucas,19117,1172,2335,74,3581
IA,Lyon,19119,853,4281,52,5186
IA,Madison,19121,2739,4754,160,7653
IA,Mahaska,19123,2409,6007,178,8594
IA,Marion,19125,5249,9479,319,15047
IA,Marshall,19127,7095,7243,310,14648
IA,Mills,19129,2191,3945,187,6323
IA,Mitchell,19131,1704,2711,110,4525
IA,Monona,19133,1171,2556,70,3797
IA,Monroe,19135,1061,2053,46,3160
IA,Montgomery,19137,1220,2648,97,3965
IA,Muscatine,19139,7081,7535,357,14973
IA,O'Brien,19141,1296,4472,83,5851
IA,Osceola,19143,481,1922,27,2430
IA,Page,19145,1839,3702,92,5633
IA,Palo Alto,19147,1398,2320,68,3786
IA,Plymouth,19149,2717,7941,167,10825
IA,Pocahontas,19151,962,2091,70,3123
IA,Polk,19153,120257,82473,4059,206789
IA,Pottawattamie,19155,14234,19036,840,34110
IA,Poweshiek,19157,3998,4160,157,8315
IA,Ringgold,19159,804,1476,36,2316
IA,Sac,19161,1253,2965,91,4309
IA,Scott,19163,35147,32750,1338,69235
IA,Shelby,19165,1450,3537,80,5067
IA,Sioux,19167,1955,12840,146,14941
IA,Story,19169,25155,16535,1116,42806
IA,Tama,19171,3238,3931,154,7323
IA,Taylor,19173,759,1632,54,2445
IA,Union,19175,1835,2949,111,4895
IA,Van Buren,19177,839,2026,57,2922
IA,Wapello,19179,5480,6313,254,12047
IA,Warren,19181,10942,12801,508,24251
IA,Washington,19183,3746,5189,225,9160
IA,Wayne,19185,722,1624,59,2405
IA,Webster,19187,6132,7727,287,14146
IA,Winnebago,19189,1788,2726,118,4632
IA,Winneshiek,19191,4785,4841,247,9873
IA,Woodbury,19193,15024,19630,763,35417
IA,Worth,19195,1382,2043,107,3532
IA,Wright,19197,1788,3049,109,4946
ID,Ada,16001,94772,92684,3046,190502
ID,Adams,16003,579,1288,39,1906
ID,Bannock,16005,13386,14975,725,29086
ID,Bear Lake,16007,307,1780,64,2151
ID,Benewah,16009,1004,2672,87,3763
ID,Bingham,16011,3515,9337,398,13250
ID,Blaine,16013,7267,3063,157,10487
ID,Boise,16015,1051,2374,85,3510
ID,Bonner,16017,6749,11477,364,18590
ID,Bonneville,16019,10699,23497,1065,35261
ID,Boundary,16021,1075,3101,95,4271
ID,Butte,16023,214,788,29,1031
ID,Camas,16025,157,371,10,538
ID,Canyon,16027,21839,40636,1118,63593
ID,Caribou,16029,371,1824,72,2267
ID,Cassia,16031,1111,4888,181,6180
ID,Clark,16033,47,195,11,253
ID,Clearwater,16035,779,2310,67,3156
ID,Custer,16037,545,1518,61,2124
ID,Elmore,16039,2253,4582,196,7031
ID,Franklin,16041,416,3228,189,3833
ID,Fremont,16043,841,3798,145,4784
ID,Gem,16045,1572,5438,131,7141
ID,Gooding,16047,1110,3209,103,4422
ID,Idaho,16049,1372,5478,177,7027
ID,Jefferson,16051,1307,7125,277,8709
ID,Jerome,16053,1440,3808,136,5384
ID,Kootenai,16055,17620,38173,953,56746
ID,Latah,16057,8981,6803,213,15997
ID,Lemhi,16059,883,2470,82,3435
ID,Lewis,16061,326,1051,20,1397
ID,Lincoln,16063,419,1022,47,1488
ID,Madison,16065,1520,6887,366,8773
ID,Minidoka,16067,1179,3849,127,5155
ID,Nez Perce,16069,5385,8845,220,14450
ID,Oneida,16071,200,1249,67,1516
ID,Owyhee,16073,772,2613,82,3467
ID,Payette,16075,1890,5553,152,7595
ID,Power,16077,681,1456,57,2194
ID,Shoshone,16079,1623,2564,76,4263
ID,Teton,16081,2636,2055,109,4800
ID,Twin Falls,16083,7742,16102,648,24492
ID,Valley,16085,2442,2676,81,5199
ID,Washington,16087,1004,2849,61,3914
IL,POPE,17151,433,1091,197,1721
IL,PIKE,17149,1232,2633,2682,6547
IL,SCOTT,17171,388,882,795,2065
IL,MORGAN,17137,3207,5382,3109,11698
IL,ALEXANDER,17003,1154,878,142,2174
IL,McLEAN,17113,29364,32501,5411,67276
IL,KANE,17089,81310,77289,11110,169709
IL,CLAY,17025,1104,3314,373,4791
IL,HANCOCK,17067,1950,4255,725,6930
IL,RICHLAND,17159,1800,3692,544,6036
IL,JERSEY,17083,2569,4200,1838,8607
IL,FULTON,17057,5650,5070,1831,12551
IL,HENRY,17073,6997,10794,1532,19323
IL,WASHINGTON,17189,1536,4031,498,6065
IL,CARROLL,17015,1804,3658,483,5945
IL,IROQUOIS,17075,1858,7419,951,10228
IL,JOHNSON,17087,1427,3013,747,5187
IL,GALLATIN,17059,779,1046,240,2065
IL,JASPER,17079,1170,2828,394,4392
IL,ADAMS,17001,6176,15898,2284,24358
IL,SANGAMON,17167,36538,39099,10026,85663
IL,JEFFERSON,17081,4408,7848,1511,13767
IL,BOND,17005,2370,3388,803,6561
IL,STARK,17175,586,1219,230,2035
IL,WHITE,17193,1480,3891,446,5817
IL,MASON,17125,1790,2599,805,5194
IL,EDWARDS,17047,453,1745,189,2387
IL,WHITESIDE,17195,9371,10221,1770,21362
IL,JoDAVIESS,17085,3602,4900,611,9113
IL,CLARK,17023,1823,3742,519,6084
IL,KANKAKEE,17091,14595,19249,2823,36667
IL,CASS,17017,1483,2191,835,4509
IL,MARSHALL,17123,1428,2763,476,4667
IL,MONTGOMERY,17135,3940,4669,2849,11458
IL,CALHOUN,17013,795,898,589,2282
IL,SALINE,17165,3332,4608,1396,9336
IL,WOODFORD,17203,4097,10457,1546,16100
IL,HAMILTON,17065,881,2076,474,3431
IL,CUMBERLAND,17035,969,2809,543,4321
IL,JACKSON,17077,10597,7921,1702,20220
IL,CHAMPAIGN,17019,43257,29690,5447,78394
IL,STEPHENSON,17177,5760,8560,1874,16194
IL,ROCK ISLAND,17161,25774,21434,3491,50699
IL,CHRISTIAN,17021,3702,6701,2314,12717
IL,LAWRENCE,17101,1380,2589,299,4268
IL,PIATT,17147,2180,4698,712,7590
IL,DeWITT,17039,1539,3981,641,6161
IL,WARREN,17187,2268,3261,540,6069
IL,PERRY,17145,3077,4309,1088,8474
IL,GRUNDY,17063,7319,10184,1805,19308
IL,PUTNAM,17155,1088,1217,233,2538
IL,CRAWFORD,17033,2105,3996,752,6853
IL,MACON,17115,14961,20316,3646,38923
IL,SHELBY,17173,1975,5694,1477,9146
IL,DuPAGE,17043,176556,168347,20131,365034
IL,EDGAR,17045,1637,3820,630,6087
IL,DeKALB,17037,17016,16181,3009,36206
IL,MOULTRIE,17139,1181,3271,638,5090
IL,FORD,17053,971,3495,513,4979
IL,DOUGLAS,17041,1416,4223,722,6361
IL,PEORIA,17143,31238,28254,5256,64748
IL,WILLIAMSON,17199,9440,14471,2979,26890
IL,BROWN,17009,402,972,508,1882
IL,SCHUYLER,17169,973,1525,579,3077
IL,MACOUPIN,17117,6469,7872,3777,18118
IL,COLES,17029,5964,9159,1877,17000
IL,LOGAN,17107,2546,5840,1622,10008
IL,MADISON,17119,46374,48138,8803,103315
IL,TAZEWELL,17179,17859,27986,5587,51432
IL,GREENE,17061,1026,1844,1496,4366
IL,MENARD,17129,1619,3049,711,5379
IL,LIVINGSTON,17105,3345,7431,1228,12004
IL,BUREAU,17011,5290,6902,1276,13468
IL,WAYNE,17191,1015,4340,571,5926
IL,McDONOUGH,17109,4196,4798,1162,10156
IL,OGLE,17141,6384,10198,2428,19010
IL,LEE,17103,4995,6056,1473,12524
IL,ST. CLAIR,17163,52603,40524,5304,98431
IL,MONROE,17133,5291,9348,931,15570
IL,WABASH,17185,1093,2528,319,3940
IL,RANDOLPH,17157,4955,5939,1271,12165
IL,PULASKI,17153,1005,1094,256,2355
IL,MERCER,17131,2546,3658,700,6904
IL,CLINTON,17027,3874,9112,1093,14079
IL,HARDIN,17069,558,835,229,1622
IL,UNION,17181,2875,3794,829,7498
IL,FRANKLIN,17055,5227,7922,2085,15234
IL,HENDERSON,17071,940,1488,224,2652
IL,EFFINGHAM,17049,2840,9767,1631,14238
IL,KENDALL,17093,20990,20442,3369,44801
IL,LaSALLE,17099,17397,19034,3170,39601
IL,McHENRY,17111,48633,60646,6935,116214
IL,LAKE,17097,128603,109287,12849,250739
IL,KNOX,17095,8292,7831,1577,17700
IL,FAYETTE,17051,1951,4407,1457,7815
IL,COOK,17031,1262334,426196,68053,1756583
IL,MARION,17121,4194,7358,1051,12603
IL,BOONE,17007,6970,8792,2099,17861
IL,WILL,17197,123292,107859,15519,246670
IL,VERMILION,17183,7573,12402,3002,22977
IL,WINNEBAGO,17201,43440,41156,10421,95017
IL,MASSAC,17127,1527,3363,462,5352
KS,ALLEN,20001,1795,2292,349,4436
KS,ANDERSON,20003,957,1596,212,2765
KS,ATCHISON,20005,2447,2558,467,5472
KS,BARBER,20007,396,1155,206,1757
KS,BARTON,20009,2645,4841,1101,8587
KS,BOURBON,20011,1576,2970,387,4933
KS,BROWN,20013,1133,1836,419,3388
KS,BUTLER,20015,8651,12822,2494,23967
KS,CHASE,20017,440,653,125,1218
KS,CHAUTAUQUA,20019,252,808,75,1135
KS,CHEROKEE,20021,2314,4284,393,6991
KS,CHEYENNE,20023,248,733,106,1087
KS,CLARK,20025,181,521,147,849
KS,CLAY,20027,1040,1743,393,3176
KS,CLOUD,20029,1092,1744,407,3243
KS,COFFEY,20031,1082,1926,467,3475
KS,COMANCHE,20033,170,453,92,715
KS,COWLEY,20035,4221,5165,1143,10529
KS,CRAWFORD,20037,6294,5662,922,12878
KS,DECATUR,20039,287,736,106,1129
KS,DICKINSON,20041,2265,3790,707,6762
KS,DONIPHAN,20043,749,1699,151,2599
KS,DOUGLAS,20045,36678,10154,2686,49518
KS,EDWARDS,20047,307,692,143,1142
KS,ELK,20049,277,669,111,1057
KS,ELLIS,20051,4243,5138,1066,10447
KS,ELLSWORTH,20053,840,1168,293,2301
KS,FINNEY,20055,3192,3891,1597,8680
KS,FORD,20057,2582,3574,959,7115
KS,FRANKLIN,20059,3806,4742,828,9376
KS,GEARY,20061,2703,2769,697,6169
KS,GOVE,20063,256,720,120,1096
KS,GRAHAM,20065,284,671,125,1080
KS,GRANT,20067,451,1096,288,1835
KS,GRAY,20069,347,1138,306,1791
KS,GREELEY,20071,118,313,67,498
KS,GREENWOOD,20073,653,1214,268,2135
KS,HAMILTON,20075,166,373,91,630
KS,HARPER,20077,570,1243,233,2046
KS,HARVEY,20079,6450,5872,1400,13722
KS,HASKELL,20081,287,681,166,1134
KS,HODGEMAN,20083,167,597,119,883
KS,JACKSON,20085,2088,2565,656,5309
KS,JEFFERSON,20087,3306,3485,771,7562
KS,JEWELL,20089,294,765,124,1183
KS,JOHNSON,20091,148082,102813,19956,270851
KS,KEARNY,20093,286,687,122,1095
KS,KINGMAN,20095,891,1764,338,2993
KS,KIOWA,20097,218,615,111,944
KS,LABETTE,20099,2646,3273,422,6341
KS,LANE,20101,174,437,108,719
KS,LEAVENWORTH,20103,11802,12379,2159,26340
KS,LINCOLN,20105,383,769,100,1252
KS,LINN,20107,1091,2401,275,3767
KS,LOGAN,20109,255,785,122,1162
KS,LYON,20111,5679,3920,1300,10899
KS,MARION,20115,1785,2564,513,4862
KS,MARSHALL,20117,1449,1581,458,3488
KS,MCPHERSON,20113,4440,5832,1077,11349
KS,MEADE,20119,311,914,169,1394
KS,MIAMI,20121,4842,7160,1098,13100
KS,MITCHELL,20123,876,1375,248,2499
KS,MONTGOMERY,20125,2931,6133,722,9786
KS,MORRIS,20127,898,1106,246,2250
KS,MORTON,20129,184,626,97,907
KS,NEMAHA,20131,1415,2605,560,4580
KS,NEOSHO,20133,2069,2930,441,5440
KS,NESS,20135,250,808,120,1178
KS,NORTON,20137,511,1187,193,1891
KS,OSAGE,20139,2525,2964,817,6306
KS,OSBORNE,20141,413,907,178,1498
KS,OTTAWA,20143,669,1497,272,2438
KS,PAWNEE,20145,837,1145,260,2242
KS,PHILLIPS,20147,518,1419,233,2170
KS,POTTAWATOMIE,20149,3344,5384,1093,9821
KS,PRATT,20151,1221,1701,347,3269
KS,RAWLINS,20153,333,771,112,1216
KS,RENO,20155,8799,9892,2331,21022
KS,REPUBLIC,20157,592,1245,188,2025
KS,RICE,20159,963,1729,396,3088
KS,RILEY,20161,11280,6514,2068,19862
KS,ROOKS,20163,506,1409,236,2151
KS,RUSH,20165,403,754,147,1304
KS,RUSSELL,20167,783,1564,340,2687
KS,SALINE,20169,8181,8384,1814,18379
KS,SCOTT,20171,324,1244,296,1864
KS,SEDGWICK,20173,81011,70879,16184,168074
KS,SEWARD,20175,1394,2009,412,3815
KS,SHAWNEE,20177,40936,23933,5805,70674
KS,SHERIDAN,20179,219,795,124,1138
KS,SHERMAN,20181,510,1376,217,2103
KS,SMITH,20183,418,1074,122,1614
KS,STAFFORD,20185,458,950,212,1620
KS,STANTON,20187,148,376,74,598
KS,STEVENS,20189,274,1042,201,1517
KS,SUMNER,20191,2827,4203,964,7994
KS,THOMAS,20193,813,1856,358,3027
KS,TREGO,20195,348,755,166,1269
KS,WABAUNSEE,20197,1233,1582,333,3148
KS,WALLACE,20199,106,506,49,661
KS,WASHINGTON,20201,626,1342,299,2267
KS,WICHITA,20203,129,560,69,758
KS,WILSON,20205,921,1869,191,2981
KS,WOODSON,20207,394,693,93,1180
KS,Wyandotte,20209,28285,10526,3305,42116
MI,Alcona,26001,1982,3408,144,5534
MI,Alger,26003,1950,2097,112,4159
MI,Allegan,26005,19497,28648,1708,49853
MI,Alpena,26007,5595,7031,446,13072
MI,Antrim,26009,5025,7480,395,12900
MI,Arenac,26011,2631,3881,246,6758
MI,Baraga,26013,1356,1789,92,3237
MI,Barry,26015,10272,15573,1013,26858
MI,Bay,26017,23159,21847,1525,46531
MI,Benzie,26019,4551,4963,279,9793
MI,Berrien,26021,27861,32161,2014,62036
MI,Branch,26023,5324,9381,507,15212
MI,Calhoun,26025,23484,24711,1849,50044
MI,Cass,26027,7255,11538,664,19457
MI,Charlevoix,26029,5720,7556,401,13677
MI,Cheboygan,26031,4838,7249,468,12555
MI,Chippewa,26033,6187,7381,410,13978
MI,Clare,26035,4424,6955,457,11836
MI,Clinton,26037,18495,17649,1013,37157
MI,Crawford,26039,2367,3613,279,6259
MI,Delta,26041,6991,9061,378,16430
MI,Dickinson,26043,4119,6914,300,11333
MI,Eaton,26045,27003,22438,1665,51106
MI,Emmet,26047,7788,9539,555,17882
MI,Grand Traverse,26055,23220,24031,1550,48801
MI,Genesee,26049,100073,63537,4935,168545
MI,Gladwin,26051,4155,6512,338,11005
MI,Gogebic,26053,3312,3003,192,6507
MI,Gratiot,26057,6170,7690,493,14353
MI,Hillsdale,26059,5166,11088,567,16821
MI,Houghton,26061,6539,7372,400,14311
MI,Huron,26063,4828,8519,385,13732
MI,Ingham,26065,80292,35579,3359,119230
MI,Ionia,26067,9929,13007,894,23830
MI,Iosco,26069,4772,6534,384,11690
MI,Iron,26071,2269,2970,164,5403
MI,Isabella,26073,11656,10097,732,22485
MI,Jackson,26075,26704,32021,2127,60852
MI,Kalamazoo,26077,67023,44183,3656,114862
MI,Kalkaska,26079,2782,5190,385,8357
MI,Kent,26081,141629,129988,8674,280291
MI,Keweenaw,26083,571,707,38,1316
MI,Lake,26085,1904,2602,194,4700
MI,Lapeer,26087,14798,23209,1365,39372
MI,Leelanau,26089,7264,6630,308,14202
MI,Lenawee,26091,17624,21225,1203,40052
MI,Livingston,26093,39187,55842,2549,97578
MI,Luce,26095,851,1469,100,2420
MI,Mackinac,26097,2345,3229,142,5716
MI,Macomb,26099,181603,169073,9550,360226
MI,Manistee,26101,5420,5928,369,11717
MI,Marquette,26103,17173,11963,866,30002
MI,Mason,26105,5823,7420,467,13710
MI,Mecosta,26107,6408,8686,560,15654
MI,Menominee,26109,3528,5030,226,8784
MI,Midland,26111,16238,21215,1052,38505
MI,Missaukee,26113,1759,4641,166,6566
MI,Monroe,26115,27413,32336,1790,61539
MI,Montcalm,26117,9003,13408,946,23357
MI,Montmorency,26119,1508,2976,141,4625
MI,Muskegon,26121,37029,29655,6976,73660
MI,Newaygo,26123,6944,12621,762,20327
MI,Oakland,26125,347080,244417,13770,605267
MI,Oceana,26127,4260,6151,346,10757
MI,Ogemaw,26129,3335,5471,328,9134
MI,Ontonagon,26131,1293,1741,106,3140
MI,Osceola,26133,2901,6098,392,9391
MI,Oscoda,26135,1226,2379,127,3732
MI,Otsego,26137,4064,6903,389,11356
MI,Ottawa,26139,47380,77691,3517,128588
MI,Presque Isle,26141,2704,3751,222,6677
MI,Roscommon,26143,4561,6859,380,11800
MI,Saginaw,26145,42693,36306,1999,80998
MI,Sanilac,26151,5383,10443,576,16402
MI,Schoolcraft,26153,1533,2094,116,3743
MI,Shiawassee,26155,13834,14943,1013,29790
MI,St. Clair,26147,28089,36840,2505,67434
MI,St. Joseph,26149,7611,11962,865,20438
MI,Tuscola,26157,8272,13286,733,22291
MI,Van Buren,26159,13580,14824,1140,29544
MI,Washtenaw,26161,124910,44850,3748,173508
MI,Wayne,26163,463703,180057,16099,659859
MI,Wexford,26165,4995,8419,562,13976
MN,Aitkin,27001,3360,4481,303,8144
MN,Anoka,27003,76239,75957,7090,159286
MN,Becker,27005,5400,8784,543,14727
MN,Beltrami,27007,8848,8328,778,17954
MN,Benton,27009,6020,9405,623,16048
MN,Big Stone,27011,1111,1353,109,2573
MN,Blue Earth,27013,16317,10806,1012,28135
MN,Brown,27015,4932,6461,416,11809
MN,Carlton,27017,9051,6621,640,16312
MN,Carver,27019,22334,26822,1700,50856
MN,Cass,27021,5319,8145,517,13981
MN,Chippewa,27023,2261,3008,238,5507
MN,Chisago,27025,10091,14556,1127,25774
MN,Clay,27027,12748,10301,1170,24219
MN,Clearwater,27029,1125,2239,103,3467
MN,Cook,27031,2054,1009,128,3191
MN,Cottonwood,27033,2045,2843,131,5019
MN,Crow Wing,27035,11866,18176,1268,31310
MN,Dakota,27037,111429,87266,8076,206771
MN,Dodge,27039,3773,5037,318,9128
MN,Douglas,27041,6643,10901,501,18045
MN,Faribault,27043,2627,3495,242,6364
MN,Fillmore,27045,4607,4797,300,9704
MN,Freeborn,27047,6846,6651,473,13970
MN,Goodhue,27049,10471,11668,952,23091
MN,Grant,27051,1287,1710,118,3115
MN,Hennepin,27053,422618,182128,21916,626662
MN,Houston,27055,4416,4269,271,8956
MN,Hubbard,27057,3883,5885,362,10130
MN,Isanti,27059,6084,10483,784,17351
MN,Itasca,27061,10130,10470,962,21562
MN,Jackson,27063,1879,2594,188,4661
MN,Kanabec,27065,2547,3853,302,6702
MN,Kandiyohi,27067,7490,10438,676,18604
MN,Kittson,27069,1085,1149,100,2334
MN,Koochiching,27071,2541,2512,165,5218
MN,Lac Qui Parle,27073,1461,1776,114,3351
MN,Lake,27075,3264,2432,200,5896
MN,Lake Of The Woods,27077,601,1171,61,1833
MN,Le Sueur,27079,5533,6827,444,12804
MN,Lincoln,27081,1049,1326,56,2431
MN,Lyon,27083,4143,5468,345,9956
MN,Mcleod,27085,5241,9065,596,14902
MN,Mahnomen,27087,992,823,92,1907
MN,Marshall,27089,1436,2512,140,4088
MN,Martin,27091,3232,5190,307,8729
MN,Meeker,27093,3584,6325,398,10307
MN,Mille Lacs,27095,3927,6292,498,10717
MN,Morrison,27097,4123,9711,452,14286
MN,Mower,27099,7690,6464,518,14672
MN,Murray,27101,1676,2323,123,4122
MN,Nicollet,27103,9156,6132,445,15733
MN,Nobles,27105,3000,3734,237,6971
MN,Norman,27107,1280,1280,122,2682
MN,Olmsted,27109,38613,30517,2015,71145
MN,Otter Tail,27111,9873,16622,870,27365
MN,Pennington,27113,2183,2949,227,5359
MN,Pine,27115,4793,6240,524,11557
MN,Pipestone,27117,1228,2379,104,3711
MN,Polk,27119,4642,6736,418,11796
MN,Pope,27121,2276,3014,151,5441
MN,Ramsey,27123,170553,63685,9798,244036
MN,Red Lake,27125,724,855,64,1643
MN,Redwood,27127,2154,3855,197,6206
MN,Renville,27129,2470,3562,238,6270
MN,Rice,27131,14910,12353,1117,28380
MN,Rock,27133,1390,2288,87,3765
MN,Roseau,27135,1915,4335,192,6442
MN,St. Louis,27137,60383,35212,3852,99447
MN,Scott,27139,29223,34201,2616,66040
MN,Sherburne,27141,13851,23721,1659,39231
MN,Sibley,27143,2387,3936,240,6563
MN,Stearns,27145,26707,36830,2388,65925
MN,Steele,27147,6991,8733,602,16326
MN,Stevens,27149,1916,2306,156,4378
MN,Swift,27151,1751,2179,111,4041
MN,Todd,27153,3058,6244,300,9602
MN,Traverse,27155,649,806,56,1511
MN,Wabasha,27157,4311,5324,352,9987
MN,Wadena,27159,1731,3667,146,5544
MN,Waseca,27161,3500,4406,247,8153
MN,Washington,27163,67751,57537,4465,129753
MN,Watonwan,27165,2005,2018,107,4130
MN,Wilkin,27167,925,1528,104,2557
MN,Winona,27169,11893,8679,789,21361
MN,Wright,27171,21834,34992,2417,59243
MN,Yellow Medicine,27173,1641,2544,127,4312
NE,Adams,31001,3152,7067,0,10219
NE,Antelope,31003,440,2103,0,2543
NE,Arthur,31005,31,196,0,227
NE,Banner,31007,62,254,0,316
NE,Blaine,31009,49,215,0,264
NE,Boone,31011,440,1872,0,2312
NE,Box Butte,31013,1096,2525,0,3621
NE,Boyd,31015,152,809,0,961
NE,Brown,31017,214,1151,0,1365
NE,Buffalo,31019,5154,11168,0,16322
NE,Burt,31021,976,1973,0,2949
NE,Butler,31023,870,2632,0,3502
NE,Cass,31025,3709,6923,0,10632
NE,Cedar,31027,755,2775,0,3530
NE,Chase,31029,205,1354,0,1559
NE,Cherry,31031,426,1979,0,2405
NE,Cheyenne,31033,715,2534,0,3249
NE,Clay,31035,564,2122,0,2686
NE,Colfax,31037,738,1765,0,2503
NE,Cuming,31039,697,2682,0,3379
NE,Custer,31041,778,3861,0,4639
NE,Dakota,31043,1841,2701,0,4542
NE,Dawes,31045,1188,2179,0,3367
NE,Dawson,31047,1706,4558,0,6264
NE,Deuel,31049,127,585,0,712
NE,Dixon,31051,581,1666,0,2247
NE,Dodge,31053,4633,7457,0,12090
NE,Douglas,31055,108235,96120,0,204355
NE,Dundy,31057,119,654,0,773
NE,Fillmore,31059,752,1790,0,2542
NE,Franklin,31061,254,1109,0,1363
NE,Frontier,31063,191,857,0,1048
NE,Furnas,31065,371,1767,0,2138
NE,Gage,31067,3092,5250,0,8342
NE,Garden,31069,186,818,0,1004
NE,Garfield,31071,131,666,0,797
NE,Gosper,31073,150,685,0,835
NE,Grant,31075,42,260,0,302
NE,Greeley,31077,251,752,0,1003
NE,Hall,31079,5661,11069,0,16730
NE,Hamilton,31081,904,3214,0,4118
NE,Harlan,31083,273,1231,0,1504
NE,Hayes,31085,42,353,0,395
NE,Hitchcock,31087,191,886,0,1077
NE,Holt,31089,823,3339,0,4162
NE,Hooker,31091,58,259,0,317
NE,Howard,31093,633,1793,0,2426
NE,Jefferson,31095,944,2042,0,2986
NE,Johnson,31097,672,1124,0,1796
NE,Kearney,31099,605,2020,0,2625
NE,Keith,31101,684,2516,0,3200
NE,Keya Paha,31103,43,347,0,390
NE,Kimball,31105,263,1117,0,1380
NE,Knox,31107,818,2781,0,3599
NE,Lancaster,31109,64946,51560,0,116506
NE,Lincoln,31111,3174,9345,0,12519
NE,Logan,31113,28,307,0,335
NE,Loup,31115,57,250,0,307
NE,Madison,31119,2559,7906,0,10465
NE,McPherson,31117,45,211,0,256
NE,Merrick,31121,682,2695,0,3377
NE,Morrill,31123,474,1641,0,2115
NE,Nance,31125,318,928,0,1246
NE,Nemaha,31127,791,1825,0,2616
NE,Nuckolls,31129,340,1425,0,1765
NE,Otoe,31131,2107,4264,0,6371
NE,Pawnee,31133,350,804,0,1154
NE,Perkins,31135,195,1029,0,1224
NE,Phelps,31137,693,3162,0,3855
NE,Pierce,31139,398,2377,0,2775
NE,Platte,31141,2473,8570,0,11043
NE,Polk,31143,438,1650,0,2088
NE,Red Willow,31145,728,3161,0,3889
NE,Richardson,31147,829,2262,0,3091
NE,Rock,31149,94,573,0,667
NE,Saline,31151,1815,2406,0,4221
NE,Sarpy,31153,27632,39928,0,67560
NE,Saunders,31155,3016,6508,0,9524
NE,Scotts Bluff,31157,3439,7241,0,10680
NE,Seward,31159,2247,4812,0,7059
NE,Sheridan,31161,498,1513,0,2011
NE,Sherman,31163,346,948,0,1294
NE,Sioux,31165,96,441,0,537
NE,Stanton,31167,435,1829,0,2264
NE,Thayer,31169,541,1715,0,2256
NE,Thomas,31171,44,300,0,344
NE,Thurston,31173,876,963,0,1839
NE,Valley,31175,355,1444,0,1799
NE,Washington,31177,2752,6457,0,9209
NE,Wayne,31179,922,2296,0,3218
NE,Webster,31181,291,1079,0,1370
NE,Wheeler,31183,80,319,0,399
NE,York,31185,1378,3743,0,5121
OH,Adams,39001,2184,6302,263,8749
OH,Allen,39003,10825,24200,936,35961
OH,Ashland,39005,5157,12846,713,18716
OH,Ashtabula,39007,13668,17184,1381,32233
OH,Athens,39009,14261,7566,816,22643
OH,Auglaize,39011,3676,14902,580,19158
OH,Belmont,39013,8686,15614,587,24887
OH,Brown,39015,3683,10668,496,14847
OH,Butler,39017,48890,82771,3863,135524
OH,Carroll,39019,3114,6772,415,10301
OH,Champaign,39021,4197,10023,617,14837
OH,Clark,39023,18537,27967,1582,48086
OH,Clermont,39025,23847,53508,2785,80140
OH,Clinton,39027,3647,10884,522,15053
OH,Columbiana,39029,11625,22846,1156,35627
OH,Coshocton,39031,3738,7768,414,11920
OH,Crawford,39033,4202,9786,520,14508
OH,Cuyahoga,39035,323276,150848,11494,485618
OH,Darke,39037,3820,15161,669,19650
OH,Defiance,39039,4649,8834,470,13953
OH,Delaware,39041,39655,53674,1912,95241
OH,Erie,39043,14494,14577,1206,30277
OH,Fairfield,39045,22702,35445,1610,59757
OH,Fayette,39047,2381,5955,203,8539
OH,Franklin,39049,310205,166057,11062,487324
OH,Fulton,39051,5275,10467,565,16307
OH,Gallia,39053,2707,6820,200,9727
OH,Geauga,39055,15887,25468,1210,42565
OH,Greene,39057,24557,42173,2182,68912
OH,Guernsey,39059,3965,8242,434,12641
OH,Hamilton,39061,181979,148272,9365,339616
OH,Hancock,39063,8427,19112,883,28422
OH,Hardin,39065,2714,6309,390,9413
OH,Harrison,39067,1780,3851,194,5825
OH,Henry,39069,3091,7255,389,10735
OH,Highland,39071,3222,9942,436,13600
OH,Hocking,39073,3604,5988,362,9954
OH,Holmes,39075,1595,7031,256,8882
OH,Huron,39077,6517,11536,881,18934
OH,Jackson,39079,3047,6913,252,10212
OH,Jefferson,39081,8890,14863,805,24558
OH,Knox,39083,7126,14726,719,22571
OH,Lake,39085,41355,50783,2940,95078
OH,Lawrence,39087,6557,13510,482,20549
OH,Licking,39089,25168,41647,1891,68706
OH,Logan,39091,3989,11823,667,16479
OH,Lorain,39093,58846,52268,3437,114551
OH,Lucas,39095,90232,57004,5288,152524
OH,Madison,39097,4371,9084,407,13862
OH,Mahoning,39099,49740,38689,2288,90717
OH,Marion,39101,7176,12631,778,20585
OH,Medina,39103,29529,43650,2180,75359
OH,Meigs,39105,2290,5383,192,7865
OH,Mercer,39107,3161,13697,475,17333
OH,Monroe,39111,1760,3219,157,5136
OH,Montgomery,39113,99812,100021,6187,206020
OH,Morgan,39115,1663,3297,146,5106
OH,Morrow,39117,3601,9127,480,13208
OH,Muskingum,39119,9653,18622,859,29134
OH,Noble,39121,1338,3146,150,4634
OH,Ottawa,39123,7695,9880,686,18261
OH,Paulding,39125,1965,4705,211,6881
OH,Perry,39127,3754,7418,420,11592
OH,Pickaway,39129,6219,13230,539,19988
OH,Pike,39131,3237,5360,268,8865
OH,Portage,39133,28679,29563,2413,60655
OH,Preble,39135,3678,11389,756,15823
OH,Putnam,39137,2672,11875,332,14879
OH,Richland,39139,14827,28381,1470,44678
OH,Ross,39141,8760,13987,699,23446
OH,Sandusky,39143,8721,12373,1018,22112
OH,Scioto,39145,8806,14499,540,23845
OH,Seneca,39147,6457,11521,768,18746
OH,Shelby,39149,4032,13924,628,18584
OH,Stark,39151,59949,75121,4683,139753
OH,Summit,39153,117744,88088,6076,211908
OH,Trumbull,39155,38522,34139,2102,74763
OH,Tuscarawas,39157,11649,19394,1224,32267
OH,Union,39159,7598,15526,785,23909
OH,Van Wert,39161,2293,8112,309,10714
OH,Vinton,39163,1380,2561,119,4060
OH,Warren,39165,30720,66190,2609,99519
OH,Washington,39167,7221,15497,669,23387
OH,Wayne,39169,13470,25270,1315,40055
OH,Williams,39171,3604,9323,488,13415
OH,Wood,39173,23051,25193,1851,50095
OH,Wyandot,39175,2286,5565,312,8163
OH,Miami,39109,11314,29014,1502,41830
SC,Abbeville,45001,3113,5451,8,8572
SC,Aiken,45003,22754,36801,57,59612
SC,Allendale,45005,2289,608,1,2898
SC,Anderson,45007,19386,43412,95,62893
SC,Bamberg,45009,2828,1552,2,4382
SC,Barnwell,45011,3549,3734,6,7289
SC,Beaufort,45013,31971,38399,63,70433
SC,Berkeley,45015,30452,35107,110,65669
SC,Calhoun,45017,2990,2952,6,5948
SC,Charleston,45019,84634,62642,175,147451
SC,Cherokee,45021,4964,11730,17,16711
SC,Chester,45023,5195,5665,3,10863
SC,Chesterfield,45025,5241,6730,6,11977
SC,Clarendon,45027,6365,5722,3,12090
SC,Colleton,45029,6321,6891,14,13226
SC,Darlington,45031,11436,11871,8,23315
SC,Dillon,45033,4141,4052,1,8194
SC,Dorchester,45035,23275,27563,58,50896
SC,Edgefield,45037,3747,5636,9,9392
SC,Fairfield,45039,5865,3409,5,9279
SC,Florence,45041,22533,22947,36,45516
SC,Georgetown,45043,11760,14083,15,25858
SC,Greenville,45045,74007,102195,369,176571
SC,Greenwood,45047,9140,13973,34,23147
SC,Hampton,45049,4051,2558,15,6624
SC,Horry,45051,38574,71985,79,110638
SC,Jasper,45053,5002,4346,12,9360
SC,Kershaw,45055,9588,13881,28,23497
SC,Lancaster,45057,13297,19554,21,32872
SC,Laurens,45059,7415,12899,34,20348
SC,Lee,45061,4190,2174,4,6368
SC,Lexington,45063,36854,62544,153,99551
SC,Marion,45067,6450,3963,8,10421
SC,Marlboro,45069,4594,3166,7,7767
SC,McCormick,45065,2103,2327,1,4431
SC,Newberry,45071,5374,7644,12,13030
SC,Oconee,45073,7945,19599,38,27582
SC,Orangeburg,45075,21402,9222,19,30643
SC,Pickens,45077,10393,28139,82,38614
SC,Richland,45079,99476,41793,169,141438
SC,Saluda,45081,2356,4516,4,6876
SC,Spartanburg,45083,36264,58442,168,94874
SC,Sumter,45085,19830,14578,18,34426
SC,Union,45087,3728,5208,7,8943
SC,Williamsburg,45089,7769,3774,11,11554
SC,York,45091,39571,55905,54,95530
