state,county_name,county_id,dem_2024,gop_2024,oth_2024,total_2024
AZ,Apache,04001,19901,11283,679,31863
AZ,Cochise,04003,23347,33184,1585,58116
AZ,Coconino,04005,42924,24825,1736,69485
AZ,Gila,04007,9330,17433,565,27328
AZ,Graham,04009,4235,10385,373,14993
AZ,Greenlee,04011,1102,2078,104,3284
AZ,La Paz,04012,2292,4998,219,7509
AZ,Maricopa,04013,1045766,940465,44417,2030648
AZ,Mohave,04015,26578,79494,2415,108487
AZ,Navajo,04017,22173,27218,1085,50476
AZ,Pima,04019,298751,193021,13970,505742
AZ,Pinal,04021,86674,115595,4672,206941
AZ,Santa Cruz,04023,11986,6370,599,18955
AZ,Yavapai,04025,52077,93200,2592,147869
AZ,Yuma,04027,29199,36212,1707,67118
CA,Alameda,06001,489039,147721,0,636760
CA,Alpine,06003,463,262,0,725
CA,Amador,06005,7454,14534,0,21988
CA,Butte,06007,42417,49192,0,91609
CA,Calaveras,06009,8956,17109,0,26065
CA,Colusa,06011,2436,4471,0,6907
CA,Contra Costa,06013,343169,165245,0,508414
CA,Del Norte,06015,4217,6084,0,10301
CA,El Dorado,06017,45734,64663,0,110397
CA,Fresno,06019,148396,166675,0,315071
CA,Glenn,06021,3122,7114,0,10236
CA,Humboldt,06023,40240,22793,0,63033
CA,Imperial,06025,26441,26579,0,53020
CA,Inyo,06027,4134,4673,0,8807
CA,Kern,06029,107501,168458,0,275959
CA,Kings,06031,15225,25354,0,40579
CA,Lake,06033,12797,13401,0,26198
CA,Lassen,06035,2439,8691,0,11130
CA,Los Angeles,06037,2335222,1220750,0,3555972
CA,Madera,06039,20538,32451,0,52989
CA,Marin,06041,112842,28490,0,141332
CA,Mariposa,06043,3582,5747,0,9329
CA,Mendocino,06045,24106,14182,0,38288
CA,Merced,06047,40394,43320,0,83714
CA,Modoc,06049,978,2951,0,3929
CA,Mono,06051,3384,2503,0,5887
CA,Monterey,06053,92302,51913,0,144215
CA,Napa,06055,42245,21986,0,64231
CA,Nevada,06057,33363,27987,0,61350
CA,Orange,06059,674882,688967,0,1363849
CA,Placer,06061,98198,129981,0,228179
CA,Plumas,06063,3921,6034,0,9955
CA,Riverside,06065,443181,474241,0,917422
CA,Sacramento,06067,375265,263954,0,639219
CA,San Benito,06069,14991,12031,0,27022
CA,San Bernardino,06071,355667,384091,0,739758
CA,San Diego,06073,817805,625129,0,1442934
CA,San Francisco,06075,310932,66421,0,377353
CA,San Joaquin,06077,127205,129064,0,256269
CA,San Luis Obispo,06079,77525,68569,0,146094
CA,San Mateo,06081,237186,84474,0,321660
CA,Santa Barbara,06083,110609,70126,0,180735
CA,Santa Clara,06085,498785,224597,0,723382
CA,Santa Cruz,06087,98631,30737,0,129368
CA,Shasta,06089,25996,61402,0,87398
CA,Sierra,06091,617,1110,0,1727
CA,Siskiyou,06093,8087,12958,0,21045
CA,Solano,06095,113204,72404,0,185608
CA,Sonoma,06097,176477,68712,0,245189
CA,Stanislaus,06099,86040,106444,0,192484
CA,Sutter,06101,12984,25129,0,38113
CA,Tehama,06103,7098,18632,0,25730
CA,Trinity,06105,2413,3148,0,5561
CA,Tulare,06107,51972,83439,0,135411
CA,Tuolumne,06109,10479,17372,0,27851
CA,Ventura,06111,211381,169660,0,381041
CA,Yolo,06113,61084,29758,0,90842
CA,Yuba,06115,10501,18711,0,29212
CT,Fairfield,09001,265597,168556,6273,440426
CT,Hartford,09003,259568,150084,7744,417396
CT,Litchfield,09005,49766,52285,1633,103684
CT,Middlesex,09007,54503,39156,1603,95262
CT,New Haven,09009,224025,153763,6828,384616
CT,New London,09011,77429,52861,2655,132945
CT,Tolland,09013,43691,34433,1404,79528
CT,Windham,09015,26116,27118,1168,54402
DE,Kent,10001,44169,39158,2941,86268
DE,New Castle,10003,176195,82475,11335,270005
DE,Sussex,10005,62934,76120,5279,144333
FL,Alachua,12001,78314,54458,2436,135208
FL,Baker,12003,2161,12415,221,14797
FL,Bay,12005,22988,72045,2032,97065
FL,Bradford,12007,3005,10363,249,13617
FL,Brevard,12009,140412,209204,8022,357638
FL,Broward,12011,512458,338969,11248,862675
FL,Calhoun,12013,976,5280,113,6369
FL,Charlotte,12015,38154,82377,1680,122221
FL,Citrus,12017,27975,66837,2062,96877
FL,Clay,12019,37009,86368,2399,125776
FL,Collier,12021,63988,150015,1580,215583
FL,Columbia,12023,8283,24400,536,33219
FL,DeSoto,12027,3378,8708,225,12311
FL,Dixie,12029,1169,6673,160,8002
FL,Duval,12031,223191,232168,8324,463683
FL,Escambia,12033,60111,98502,3108,161721
FL,Flagler,12035,28051,49683,1179,78913
FL,Franklin,12037,1795,4814,115,6724
FL,Gadsden,12039,13192,8221,333,21746
FL,Gilchrist,12041,1617,8740,207,10564
FL,Glades,12043,1161,3987,94,5242
FL,Gulf,12045,1757,6745,146,8648
FL,Hamilton,12047,1602,3945,113,5660
FL,Hardee,12049,1879,6016,163,8058
FL,Hendry,12051,3837,9215,204,13256
FL,Hernando,12053,36545,70178,2307,109030
FL,Highlands,12055,15688,34858,713,51259
FL,Hillsborough,12057,316262,336341,12720,665323
FL,Holmes,12059,866,8063,132,9061
FL,Indian River,12061,35299,61075,1407,97781
FL,Jackson,12063,5515,16033,415,21963
FL,Jefferson,12065,3230,5118,107,8455
FL,Lafayette,12067,454,3183,87,3724
FL,Lake,12069,83276,136284,4297,223857
FL,Lee,12071,125524,255340,4447,385311
FL,Leon,12073,88881,63554,2646,155081
FL,Levy,12075,5763,17894,454,24111
FL,Liberty,12077,539,2859,54,3452
FL,Madison,12079,2966,5984,129,9079
FL,Manatee,12081,85462,137928,3278,226668
FL,Marion,12083,72779,135179,3638,211416
FL,Martin,12085,34015,61948,1244,97207
FL,Miami-Dade,12086,477598,585445,13071,1076114
FL,Monroe,12087,18227,25069,475,43771
FL,Nassau,12089,16804,47668,845,65317
FL,Okaloosa,12091,28850,81192,2561,112603
FL,Okeechobee,12093,4002,11544,244,15790
FL,Orange,12095,330386,256770,13409,600565
FL,Osceola,12097,81586,85085,3653,170324
FL,Palm Beach,12099,368640,356386,9213,734239
FL,Pasco,12101,119344,186620,7682,313646
FL,Pinellas,12103,241729,260571,9205,511505
FL,Polk,12105,135475,201722,6114,343311
FL,Putnam,12107,9511,25621,696,35828
FL,St. Johns,12109,64516,128463,2652,195631
FL,St. Lucie,12111,84650,95644,2422,182716
FL,Santa Rosa,12113,24555,84815,2162,111532
FL,Sarasota,12115,111763,160328,3326,275417
FL,Seminole,12117,118325,127316,4886,250527
FL,Sumter,12119,31273,72344,966,104583
FL,Suwannee,12121,4073,17123,461,21657
FL,Taylor,12123,1816,7914,160,9893
FL,Union,12125,1053,4967,131,6151
FL,Volusia,12127,120503,179997,6103,306603
FL,Wakulla,12129,5265,14013,372,19650
FL,Walton,12131,9618,38828,753,49199
FL,Washington,12133,1988,10294,233,12515
HI,Hawaii,15001,54691,22747,2079,79517
HI,Honolulu,15003,209780,111603,10953,332336
HI,Kauaʻi,15007,18934,8537,1024,28495
HI,Maui,15009,40789,17188,2438,60415
IN,Adams,18001,2623,9453,300,12376
IN,Allen,18003,64275,89831,3731,157837
IN,Bartholomew,18005,10790,20573,896,32259
IN,Benton,18007,922,2887,116,3925
IN,Blackford,18009,1109,3554,158,4821
IN,Boone,18011,14596,23037,1155,38788
IN,Brown,18013,2695,5392,357,8444
IN,Carroll,18015,2034,6898,240,9172
IN,Cass,18017,3661,10031,408,14100
IN,Clark,18019,22317,32978,1894,57189
IN,Clay,18021,2375,8752,326,11453
IN,Clinton,18023,2803,8620,360,11783
IN,Crawford,18025,1312,3311,127,4750
IN,Daviess,18027,1829,8632,244,10705
IN,Dearborn,18029,5208,20655,551,26414
IN,Decatur,18031,2098,8971,375,11444
IN,DeKalb,18033,4429,13530,553,18512
IN,Delaware,18035,17590,24801,1254,43645
IN,Dubois,18037,5436,13549,592,19577
IN,Elkhart,18039,22106,46298,1304,69708
IN,Fayette,18041,1955,7066,250,9271
IN,Floyd,18043,16554,23053,1105,40712
IN,Fountain,18045,1481,6224,214,7919
IN,Franklin,18047,1932,9043,260,11235
IN,Fulton,18049,1990,6580,215,8785
IN,Gibson,18051,3692,11424,406,15522
IN,Grant,18053,6160,16244,563,22967
IN,Greene,18055,3131,10146,391,13668
IN,Hamilton,18057,77761,99855,4230,181846
IN,Hancock,18059,13067,28667,1926,43660
IN,Harrison,18061,5234,14256,566,20056
IN,Hendricks,18063,28790,48718,2343,79851
IN,Henry,18065,5023,14818,602,20443
IN,Howard,18067,11810,25369,1249,38428
IN,Huntington,18069,4019,12579,523,17121
IN,Jackson,18071,3954,13946,460,18360
IN,Jasper,18073,3281,11204,358,14843
IN,Jay,18075,1594,5976,210,7780
IN,Jefferson,18077,4197,8943,367,13507
IN,Jennings,18079,2364,8816,368,11548
IN,Johnson,18081,20743,45502,2102,68347
IN,Knox,18083,3501,10167,384,14052
IN,Kosciusko,18085,6920,25610,911,33441
IN,LaGrange,18087,1956,7806,205,9967
IN,Lake,18089,105648,88474,3623,197745
IN,LaPorte,18091,18828,24752,1146,44726
IN,Lawrence,18093,4586,14811,625,20022
IN,Madison,18095,19190,34393,1719,55302
IN,Marion,18097,217819,126643,8447,352909
IN,Marshall,18099,4838,13495,400,18733
IN,Martin,18101,1002,3633,184,4819
IN,Miami,18103,2850,9983,387,13220
IN,Monroe,18105,35960,21187,1521,58668
IN,Montgomery,18107,3806,12101,479,16386
IN,Morgan,18109,7103,25306,1196,33605
IN,Newton,18111,1352,4860,221,6433
IN,Noble,18113,4035,13710,471,18216
IN,Ohio,18115,670,2254,76,3000
IN,Orange,18117,1897,5947,211,8055
IN,Owen,18119,2153,6744,502,9399
IN,Parke,18121,1274,4768,173,6215
IN,Perry,18123,2936,4961,155,8052
IN,Pike,18125,1226,4166,150,5542
IN,Porter,18127,36931,46011,1796,84738
IN,Posey,18129,3366,9147,288,12801
IN,Pulaski,18131,1158,4031,163,5352
IN,Putnam,18133,3572,11918,530,16020
IN,Randolph,18135,2170,7533,260,9963
IN,Ripley,18137,2640,11286,316,14242
IN,Rush,18139,1498,5532,259,7289
IN,St. Joseph,18141,53253,54590,2223,110066
IN,Scott,18143,2393,6042,241,8676
IN,Shelby,18145,4465,13495,747,18707
IN,Spencer,18147,2700,7051,213,9964
IN,Starke,18149,2279,7035,276,9590
IN,Steuben,18151,4004,11345,386,15735
IN,Sullivan,18153,2031,5898,193,8122
IN,Switzerland,18155,914,3156,73,4143
IN,Tippecanoe,18157,30091,31699,1879,63669
IN,Tipton,18159,1675,5617,277,7569
IN,Union,18161,694,2606,127,3427
IN,Vanderburgh,18163,30403,41084,1505,72992
IN,Vermillion,18165,1930,4645,191,6766
IN,Vigo,18167,16282,22898,997,40177
IN,Wabash,18169,2973,10102,345,13420
IN,Warren,18171,879,3362,95,4336
IN,Warrick,18173,10227,20314,678,31219
IN,Washington,18175,2783,9219,402,12404
IN,Wayne,18177,8376,17083,898,26357
IN,Wells,18179,2379,10135,370,12884
IN,White,18181,2650,7900,309,10859
IN,Whitley,18183,3855,12729,548,17132
MA,Barnstable,25001,81395,65709,183,147287
MA,Berkshire,25003,46803,19984,65,66852
MA,Bristol,25005,134451,136530,352,271333
MA,Dukes,25007,8792,3260,10,12062
MA,Essex,25009,228303,165907,568,394778
MA,Franklin,25011,27921,13737,57,41715
MA,Hampden,25013,110375,93677,370,204422
MA,Hampshire,25015,58099,25644,108,83851
MA,Middlesex,25017,532646,266265,1523,800434
MA,Nantucket,25019,4513,2479,8,7000
MA,Norfolk,25021,225378,154068,920,380366
MA,Plymouth,25023,147813,148292,341,296446
MA,Suffolk,25025,219769,70676,1006,291451
MA,Worcester,25027,215410,199212,710,415332
MD,Allegany,24001,7396,21811,2204,31411
MD,Anne Arundel,24003,137645,164698,8044,310387
MD,Baltimore,24005,212585,188177,10361,411123
MD,Baltimore City,24510,183929,42088,4020,230037
MD,Calvert,24009,18359,33580,1816,53755
MD,Caroline,24011,3790,11534,805,16129
MD,Carroll,24013,26180,72049,3762,101991
MD,Cecil,24015,13392,35557,2923,51872
MD,Charles,24017,57893,31941,1956,91790
MD,Dorchester,24019,5837,10113,689,16639
MD,Frederick,24021,66280,83767,4722,154769
MD,Garrett,24023,2423,11966,1113,15502
MD,Harford,24025,48108,95455,5616,149179
MD,Howard,24027,103163,75247,3382,181792
MD,Kent,24029,4340,6375,340,11055
MD,Montgomery,24031,340280,169303,7264,516847
MD,Prince George's,24033,333021,64550,5112,402683
MD,Queen Anne's,24035,8204,22842,1150,32196
MD,St. Mary's,24037,18426,37471,2560,58457
MD,Somerset,24039,3368,5953,631,9952
MD,Talbot,24041,8778,13393,608,22779
MD,Washington,24043,21488,46870,3635,71993
MD,Wicomico,24045,17163,27244,2073,46480
MD,Worcester,24047,8864,22358,1338,32560
ME,Androscoggin,23001,29332,22073,6809,58214
ME,Aroostook,23003,16727,14996,3312,35035
ME,Cumberland,23005,113847,47372,28883,191102
ME,Franklin,23007,9067,6731,1842,17640
ME,Hancock,23009,19666,11585,4665,35916
ME,Kennebec,23011,36394,27170,8157,71721
ME,Knox,23013,14526,7873,3281,25680
ME,Lincoln,23015,12739,7613,2833,23185
ME,Oxford,23017,16837,13779,3544,34160
ME,Penobscot,23019,39123,35774,11105,86002
ME,Piscataquis,23021,4291,4943,870,10104
ME,Sagadahoc,23023,14328,7373,2606,24307
ME,Somerset,23025,11984,12713,2793,27490
ME,Waldo,23027,12440,8821,3587,24848
ME,Washington,23029,7398,8522,1855,17775
ME,York,23031,65552,46204,19413,131169
MI,Alcona,26001,2133,5048,186,7367
MI,Alger,26003,2047,3002,109,5158
MI,Allegan,26005,25193,44205,1972,71370
MI,Alpena,26007,5827,10567,483,16877
MI,Antrim,26009,6178,10136,418,16732
MI,Arenac,26011,2786,5911,241,8938
MI,Baraga,26013,1468,2698,80,4246
MI,Barry,26015,12311,24678,1143,38132
MI,Bay,26017,26313,32145,1693,60151
MI,Benzie,26019,5659,6742,338,12739
MI,Berrien,26021,35983,44819,2358,83160
MI,Branch,26023,5923,14181,688,20792
MI,Calhoun,26025,28321,36586,2295,67202
MI,Cass,26027,8584,18127,704,27415
MI,Charlevoix,26029,6979,9930,475,17384
MI,Cheboygan,26031,5445,10259,460,16164
MI,Chippewa,26033,6689,10751,573,18013
MI,Clare,26035,5285,11146,562,16993
MI,Clinton,26037,22600,25903,562,49545
MI,Crawford,26039,2696,5360,275,8331
MI,Delta,26041,7316,13601,561,21478
MI,Dickinson,26043,4662,10076,364,15102
MI,Eaton,26045,31453,31627,1549,64629
MI,Emmet,26047,9778,12301,589,22668
MI,Genesee,26049,114995,97999,6465,219459
MI,Gladwin,26051,4537,10239,417,15193
MI,Gogebic,26053,3250,4536,264,8050
MI,Grand Traverse,26055,29487,30865,1670,62022
MI,Gratiot,26057,6648,12281,581,19510
MI,Hillsdale,26059,5924,17792,689,24405
MI,Houghton,26061,7650,10993,483,19126
MI,Huron,26063,5541,12509,500,18550
MI,Ingham,26065,94679,48083,4054,146816
MI,Ionia,26067,11253,21241,1059,33553
MI,Iosco,26069,5402,9546,475,15423
MI,Iron,26071,2404,4328,172,6904
MI,Isabella,26073,13728,15569,959,30256
MI,Jackson,26075,32200,47562,2643,82405
MI,Kalamazoo,26077,81996,57478,4460,143934
MI,Kalkaska,26079,3150,7757,408,11315
MI,Kent,26081,187509,170388,10261,368158
MI,Keweenaw,26083,665,882,38,1585
MI,Lake,26085,2250,4257,260,6767
MI,Lapeer,26087,16651,36578,1426,54655
MI,Leelanau,26089,9164,8102,289,17555
MI,Lenawee,26091,19772,32385,1627,53784
MI,Livingston,26093,50533,78193,2526,131252
MI,Luce,26095,771,2096,79,2946
MI,Mackinac,26097,2613,4326,165,7104
MI,Macomb,26099,217665,265883,15176,498724
MI,Manistee,26101,6177,8491,457,15125
MI,Marquette,26103,20548,16915,926,38389
MI,Mason,26105,6739,10613,505,17857
MI,Mecosta,26107,7462,13950,747,22159
MI,Menominee,26109,4041,8332,330,12703
MI,Midland,26111,20666,27605,1330,49601
MI,Missaukee,26113,1934,6828,256,9018
MI,Monroe,26115,32420,54082,2460,88962
MI,Montcalm,26117,10270,22944,1114,34328
MI,Montmorency,26119,1654,4455,162,6271
MI,Muskegon,26121,45182,45231,3025,93438
MI,Newaygo,26123,8066,19932,839,28837
MI,Oakland,26125,418749,325903,18802,763454
MI,Oceana,26127,5066,9168,419,14653
MI,Ogemaw,26129,3684,8312,315,12311
MI,Ontonagon,26131,1279,2387,108,3774
MI,Osceola,26133,3281,9291,436,13008
MI,Oscoda,26135,1388,3500,184,5072
MI,Otsego,26137,4978,10323,438,15739
MI,Ottawa,26139,67389,105708,3995,177092
MI,Presque Isle,26141,2992,5391,223,8606
MI,Roscommon,26143,5254,10115,472,15841
MI,Saginaw,26145,49668,49659,2609,101936
MI,Sanilac,26151,6056,16306,645,23007
MI,Schoolcraft,26153,1629,3032,133,4794
MI,Shiawassee,26155,15476,23505,1122,40103
MI,St. Clair,26147,31519,59992,2921,94432
MI,St. Joseph,26149,9195,18545,1022,28762
MI,Tuscola,26157,8754,20503,883,30140
MI,Van Buren,26159,16798,22570,1228,40596
MI,Washtenaw,26161,154214,58207,6648,219069
MI,Wayne,26163,532029,267761,39069,838859
MI,Wexford,26165,6063,12457,694,19214
MN,Aitkin,27001,4135,5857,292,10284
MN,Anoka,27003,106871,91380,7860,206111
MN,Becker,27005,7539,11489,447,19475
MN,Beltrami,27007,12390,11287,901,24578
MN,Benton,27009,8435,13048,825,22308
MN,Big Stone,27011,1225,1516,64,2805
MN,Blue Earth,27013,19135,15185,1379,35699
MN,Brown,27015,5851,8137,393,14381
MN,Carlton,27017,11056,8650,696,20402
MN,Carver,27019,34470,31720,1938,68128
MN,Cass,27021,7294,11259,499,19052
MN,Chippewa,27023,2748,3320,165,6233
MN,Chisago,27025,13673,20205,1054,34932
MN,Clay,27027,17750,13220,1164,32134
MN,Clearwater,27029,1379,3203,131,4713
MN,Cook,27031,2517,1000,97,3614
MN,Cottonwood,27033,2405,3328,180,5913
MN,Crow Wing,27035,16451,23953,1260,41664
MN,Dakota,27037,153609,93160,8476,255245
MN,Dodge,27039,4905,6992,406,12303
MN,Douglas,27041,10179,13741,667,24587
MN,Faribault,27043,3091,4305,274,7670
MN,Fillmore,27045,5428,6417,344,12189
MN,Freeborn,27047,7818,8013,512,16343
MN,Goodhue,27049,13629,13947,798,28374
MN,Grant,27051,1576,1791,136,3503
MN,Hennepin,27053,513644,168903,23280,705827
MN,Houston,27055,4811,6036,341,11188
MN,Hubbard,27057,5208,7886,367,13461
MN,Isanti,27059,8837,15642,884,25363
MN,Itasca,27061,11741,14065,641,26447
MN,Jackson,27063,2076,3327,147,5550
MN,Kanabec,27065,3371,5797,301,9469
MN,Kandiyohi,27067,9522,12797,601,22920
MN,Kittson,27069,1189,1226,46,2461
MN,Koochiching,27071,2940,3537,177,6654
MN,Lac Qui Parle,27073,1790,2048,105,3943
MN,Lake,27075,3916,2747,179,6842
MN,Lake of the Woods,27077,721,1514,58,2293
MN,Le Sueur,27079,6994,9570,555,17119
MN,Lincoln,27081,1258,1815,105,3178
MN,Lyon,27083,5436,6976,407,12819
MN,Mahnomen,27087,1084,997,59,2140
MN,Marshall,27089,1764,3010,137,4911
MN,Martin,27091,4065,6272,287,10624
MN,McLeod,27085,8209,11985,721,20915
MN,Meeker,27093,4791,8306,418,13515
MN,Mille Lacs,27095,5184,9099,581,14864
MN,Morrison,27097,5793,13495,597,19885
MN,Mower,27099,9386,8415,760,18561
MN,Murray,27101,1760,2796,131,4687
MN,Nicollet,27103,10408,8094,601,19103
MN,Nobles,27105,3103,4654,270,8027
MN,Norman,27107,1574,1549,111,3234
MN,Olmsted,27109,52328,34077,2743,89148
MN,Otter Tail,27111,14125,21085,914,36124
MN,Pennington,27113,3162,3879,245,7286
MN,Pine,27115,6527,9431,561,16519
MN,Pipestone,27117,1468,3154,133,4755
MN,Polk,27119,6133,8558,407,15098
MN,Pope,27121,3160,3768,203,7131
MN,Ramsey,27123,198507,60719,10349,269575
MN,Red Lake,27125,886,1127,74,2087
MN,Redwood,27127,3075,4937,223,8235
MN,Renville,27129,3231,4488,232,7951
MN,Rice,27131,19235,15362,1104,35701
MN,Rock,27133,1810,3283,181,5274
MN,Roseau,27135,2843,5262,240,8345
MN,St. Louis,27137,72294,41273,3711,117278
MN,Scott,27139,44408,41018,2968,88394
MN,Sherburne,27141,21183,33341,2082,56606
MN,Sibley,27143,3199,4949,258,8406
MN,Stearns,27145,36587,45225,2731,84543
MN,Steele,27147,9089,10601,765,20455
MN,Stevens,27149,2266,2667,121,5054
MN,Swift,27151,2164,2667,140,4971
MN,Todd,27153,4403,8651,405,13459
MN,Traverse,27155,815,906,58,1779
MN,Wabasha,27157,5730,7194,400,13324
MN,Wadena,27159,2398,5295,205,7898
MN,Waseca,27161,4206,5789,293,10288
MN,Washington,27163,96678,64562,5338,166578
MN,Watonwan,27165,2174,2488,170,4832
MN,Wilkin,27167,1298,1875,112,3285
MN,Winona,27169,13474,12806,848,27128
MN,Wright,27171,35333,49500,2992,87825
MN,Yellow Medicine,27173,2121,3103,139,5363
MO,Adair,29001,3307,6589,279,10175
MO,Andrew,29003,2490,7002,228,9720
MO,Atchison,29005,479,2052,92,2623
MO,Audrain,29007,2893,7172,312,10377
MO,Barry,29009,3169,12423,392,15984
MO,Barton,29011,836,4958,122,5916
MO,Bates,29013,1924,6100,203,8227
MO,Benton,29015,2468,7966,256,10690
MO,Bollinger,29017,750,5244,108,6102
MO,Boone,29019,49327,37557,2439,89323
MO,Buchanan,29021,13017,21451,922,35390
MO,Butler,29023,3107,14267,326,17700
MO,Caldwell,29025,1036,3506,127,4669
MO,Callaway,29027,6598,14110,550,21258
MO,Camden,29029,6294,18505,484,25283
MO,Cape Girardeau,29031,10089,28864,992,39945
MO,Carroll,29033,955,3395,112,4462
MO,Carter,29035,379,2403,43,2825
MO,Cass,29037,21081,36053,1674,58808
MO,Cedar,29039,1260,5649,189,7098
MO,Chariton,29041,1052,2887,96,4035
MO,Christian,29043,12465,37040,1040,50545
MO,Clark,29045,617,2539,115,3271
MO,Clay,29047,62452,63337,3421,129210
MO,Clinton,29049,3217,7614,276,11107
MO,Cole,29051,13896,25034,966,39896
MO,Cooper,29053,2566,6028,193,8787
MO,Crawford,29055,2305,8220,191,10716
MO,Dade,29057,1645,6504,219,8368
MO,Dallas,29059,1642,6494,217,8353
MO,Daviess,29061,864,2934,112,3910
MO,DeKalb,29063,1026,3610,127,4763
MO,Dent,29065,1181,5662,180,7023
MO,Douglas,29067,1165,5866,159,7190
MO,Dunklin,29069,1794,7786,276,9856
MO,Franklin,29071,16597,36907,1400,54904
MO,Gasconade,29073,1808,5976,136,7920
MO,Gentry,29075,735,2450,70,3255
MO,Greene,29077,57542,82303,3600,143445
MO,Grundy,29079,869,3420,75,4364
MO,Harrison,29081,648,3105,56,3809
MO,Henry,29083,2856,7617,321,10794
MO,Hickory,29085,1111,3818,136,5065
MO,Holt,29087,401,1873,43,2317
MO,Howard,29089,1513,3262,123,4898
MO,Howell,29091,3414,14932,400,18746
MO,Iron,29093,1014,3289,127,4430
MO,Jackson,29095,189008,117054,9410,315472
MO,Jasper,29097,13518,38129,1810,53457
MO,Jefferson,29099,41469,73111,3162,117742
MO,Johnson,29101,7462,15269,670,23401
MO,Knox,29103,307,1406,41,1754
MO,Laclede,29105,3073,13600,347,17020
MO,Lafayette,29107,4927,11895,349,17171
MO,Lawrence,29109,3625,14138,460,18223
MO,Lewis,29111,833,3460,130,4423
MO,Lincoln,29113,8071,22811,804,31686
MO,Linn,29115,1424,4028,168,5620
MO,Livingston,29117,1598,5077,108,6783
MO,Macon,29121,1529,6111,119,7759
MO,Madison,29123,1068,4465,144,5677
MO,Maries,29125,873,3822,69,4764
MO,Marion,29127,3032,9642,318,12992
MO,McDonald,29119,1428,7620,196,9244
MO,Mercer,29129,273,1475,29,1777
MO,Miller,29131,2366,10194,286,12846
MO,Mississippi,29133,942,3263,146,4351
MO,Moniteau,29135,1572,5469,159,7200
MO,Monroe,29137,962,3256,91,4309
MO,Montgomery,29139,1329,4497,116,5942
MO,Morgan,29141,2138,7243,227,9608
MO,New Madrid,29143,1433,5068,185,6686
MO,Newton,29145,5860,22381,739,28980
MO,Nodaway,29147,2849,6562,207,9618
MO,Oregon,29149,786,3635,122,4543
MO,Osage,29151,1257,6337,105,7699
MO,Ozark,29153,791,3802,107,4700
MO,Pemiscot,29155,1260,3735,106,5101
MO,Perry,29157,1753,7619,197,9569
MO,Pettis,29159,5101,13134,480,18715
MO,Phelps,29161,5662,13014,481,19157
MO,Pike,29163,1856,5754,133,7743
MO,Platte,29165,28351,28061,1343,57755
MO,Polk,29167,3234,12204,333,15771
MO,Pulaski,29169,4022,10834,483,15339
MO,Putnam,29171,341,1937,69,2347
MO,Ralls,29173,1181,4404,124,5709
MO,Randolph,29175,2900,7700,315,10915
MO,Ray,29177,3444,7791,307,11542
MO,Reynolds,29179,581,2343,62,2986
MO,Ripley,29181,779,4739,162,5680
MO,Saline,29195,3038,5971,274,9283
MO,Schuyler,29197,327,1513,57,1897
MO,Scotland,29199,347,1473,50,1870
MO,Scott,29201,3409,13488,339,17236
MO,Shannon,29203,736,3088,117,3941
MO,Shelby,29205,616,2535,61,3212
MO,St. Charles,29183,97175,121368,5573,224116
MO,St. Clair,29185,1071,3809,91,4971
MO,St. Francois,29187,7899,19573,661,28133
MO,St. Louis County,29189,309428,179628,13438,502494
MO,St. Louis City,29510,93919,18068,3685,115672
MO,Ste. Genevieve,29186,2982,6415,196,9593
MO,Stoddard,29207,1726,11451,258,13435
MO,Stone,29209,3948,14687,319,18954
MO,Sullivan,29211,425,1957,42,2424
MO,Taney,29213,5630,20221,658,26509
MO,Texas,29215,1884,9324,240,11448
MO,Vernon,29217,1835,6778,228,8841
MO,Warren,29219,5579,13858,439,19876
MO,Washington,29221,2183,7648,227,10058
MO,Wayne,29223,840,4783,138,5761
MO,Webster,29225,4074,15163,457,19694
MO,Worth,29227,210,848,22,1080
MO,Wright,29229,1197,7608,139,8944
MS,Adams,28001,6560,5219,0,11779
MS,Alcorn,28003,2280,12576,0,14856
MS,Amite,28005,2294,4514,0,6808
MS,Attala,28007,2894,4753,0,7647
MS,Benton,28009,1280,2522,0,3802
MS,Bolivar,28011,6200,4101,0,10301
MS,Calhoun,28013,1512,4402,0,5914
MS,Carroll,28015,1378,3746,0,5124
MS,Chickasaw,28017,3023,4121,0,7144
MS,Choctaw,28019,937,2866,0,3803
MS,Claiborne,28021,2843,719,0,3562
MS,Clarke,28023,2350,5151,0,7501
MS,Clay,28025,4886,4228,0,9114
MS,Coahoma,28027,4533,2146,0,6679
MS,Copiah,28029,5287,6388,0,11675
MS,Covington,28031,2879,5924,0,8803
MS,DeSoto,28033,28914,49073,0,77987
MS,Forrest,28035,11221,17104,0,28325
MS,Franklin,28037,1203,2852,0,4055
MS,George,28039,1216,9662,0,10878
MS,Greene,28041,891,4712,0,5603
MS,Grenada,28043,3989,5689,0,9678
MS,Hancock,28045,4104,16797,0,20901
MS,Harrison,28047,25289,49863,0,75152
MS,Hinds,28049,60625,25901,0,86526
MS,Holmes,28051,5226,1456,0,6682
MS,Humphreys,28053,2355,1075,0,3430
MS,Issaquena,28055,291,304,0,595
MS,Itawamba,28057,1114,9337,0,10451
MS,Jackson,28059,14932,37059,0,51991
MS,Jasper,28061,3646,4189,0,7835
MS,Jefferson,28063,2634,693,0,3327
MS,Jefferson Davis,28065,2970,2383,0,5353
MS,Jones,28067,7246,20307,0,27553
MS,Kemper,28069,2234,1824,0,4058
MS,Lafayette,28071,8447,14761,0,23208
MS,Lamar,28073,6863,20984,0,27847
MS,Lauderdale,28075,10139,16873,0,27012
MS,Lawrence,28077,1867,4137,0,6004
MS,Leake,28079,3116,5229,0,8345
MS,Lee,28081,10352,24415,0,34767
MS,Leflore,28083,6231,3111,0,9342
MS,Lincoln,28085,4080,11599,0,15679
MS,Lowndes,28087,10690,13548,0,24238
MS,Madison,28089,21180,34181,0,55361
MS,Marion,28091,3241,7845,0,11086
MS,Marshall,28093,6634,8100,0,14734
MS,Monroe,28095,5025,10920,0,15945
MS,Montgomery,28097,1678,2671,0,4349
MS,Neshoba,28099,2539,8245,0,10784
MS,Newton,28101,2562,6657,0,9219
MS,Noxubee,28103,2975,1312,0,4287
MS,Oktibbeha,28105,8325,9498,0,17823
MS,Panola,28107,5978,8374,0,14352
MS,Pearl River,28109,4012,20157,0,24169
MS,Perry,28111,1089,4412,0,5501
MS,Pike,28113,7130,8205,0,15335
MS,Pontotoc,28115,2304,11556,0,13860
MS,Prentiss,28117,1717,8504,0,10221
MS,Quitman,28119,1629,952,0,2581
MS,Rankin,28121,17267,51542,0,68809
MS,Scott,28123,3680,6122,0,9802
MS,Sharkey,28125,1229,556,0,1785
MS,Simpson,28127,3389,7556,0,10945
MS,Smith,28129,1458,6158,0,7616
MS,Stone,28131,1510,6282,0,7792
MS,Sunflower,28133,4659,3074,0,7733
MS,Tallahatchie,28135,2546,2478,0,5024
MS,Tate,28137,3498,9225,0,12723
MS,Tippah,28139,1550,7927,0,9477
MS,Tishomingo,28141,1038,7824,0,8862
MS,Tunica,28143,1798,827,0,2625
MS,Union,28145,1779,10484,0,12263
MS,Walthall,28147,2319,4158,0,6477
MS,Warren,28149,8272,9770,0,18042
MS,Washington,28151,9406,4926,0,14332
MS,Wayne,28153,3075,6022,0,9097
MS,Webster,28155,854,4203,0,5057
MS,Wilkinson,28157,1710,1136,0,2846
MS,Winston,28159,3439,4937,0,8376
MS,Yalobusha,28161,2243,3609,0,5852
MS,Yazoo,28163,4223,4702,0,8925
MT,Beaverhead,30001,2024,3707,110,5841
MT,Big Horn,30003,2805,1580,68,4453
MT,Blaine,30005,1814,1192,51,3057
MT,Broadwater,30007,1219,3503,120,4842
MT,Carbon,30009,2794,4459,135,7388
MT,Carter,30011,109,732,13,854
MT,Cascade,30013,17323,19808,746,37877
MT,Chouteau,30015,1274,1643,44,2961
MT,Custer,30017,1855,3818,147,5820
MT,Daniels,30019,220,719,15,954
MT,Dawson,30021,1259,3269,125,4653
MT,Deer Lodge,30023,2991,1820,99,4910
MT,Fallon,30025,256,1200,39,1495
MT,Fergus,30027,1910,4749,104,6763
MT,Flathead,30029,23647,38582,1313,63542
MT,Gallatin,30031,39094,30537,924,70555
MT,Garfield,30033,68,720,8,796
MT,Glacier,30035,3638,1426,70,5134
MT,Golden Valley,30037,91,422,7,520
MT,Granite,30039,778,1377,30,2185
MT,Hill,30041,3438,3217,177,6832
MT,Jefferson,30043,3099,5108,146,8353
MT,Judith Basin,30045,352,991,17,1360
MT,Lake,30047,7798,8881,314,16993
MT,Lewis and Clark,30049,22175,19367,847,42389
MT,Liberty,30051,307,683,12,1002
MT,Lincoln,30053,3287,8291,241,11819
MT,Madison,30057,2025,4388,101,6514
MT,McCone,30055,173,890,22,1085
MT,Meagher,30059,309,845,26,1180
MT,Mineral,30061,950,1831,68,2849
MT,Missoula,30063,48429,23743,1200,73372
MT,Musselshell,30065,536,2408,61,3005
MT,Park,30067,6009,5614,193,11816
MT,Petroleum,30069,50,274,4,328
MT,Phillips,30071,490,1678,32,2200
MT,Pondera,30073,1017,1804,45,2866
MT,Powder River,30075,205,886,19,1110
MT,Powell,30077,1065,2160,76,3301
MT,Prairie,30079,180,489,24,693
MT,Ravalli,30081,10449,19116,482,30047
MT,Richland,30083,1238,3914,148,5300
MT,Roosevelt,30085,2249,1636,73,3958
MT,Rosebud,30087,1435,2208,81,3724
MT,Sanders,30089,2241,5663,202,8106
MT,Sheridan,30091,685,1159,53,1897
MT,Silver Bow,30093,11854,6232,332,18418
MT,Stillwater,30095,1352,4473,107,5932
MT,Sweet Grass,30097,665,1685,52,2402
MT,Teton,30099,1216,2323,67,3606
MT,Toole,30101,558,1436,50,2044
MT,Treasure,30103,101,336,10,447
MT,Valley,30105,1307,2672,114,4093
MT,Wheatland,30107,278,792,16,1086
MT,Wibaux,30109,121,414,15,550
MT,Yellowstone,30111,33493,46812,1680,81985
ND,Adams,38001,259,933,5,1197
ND,Barnes,38003,1901,3403,16,5320
ND,Benson,38005,873,1071,3,1947
ND,Billings,38007,117,529,4,650
ND,Bottineau,38009,895,2511,13,3419
ND,Bowman,38011,263,1349,3,1615
ND,Burke,38013,175,868,8,1051
ND,Burleigh,38015,15714,35755,240,51709
ND,Cass,38017,41321,48637,199,90157
ND,Cavalier,38019,562,1421,6,1989
ND,Dickey,38021,706,1722,2,2430
ND,Divide,38023,309,887,4,1200
ND,Dunn,38025,395,1805,8,2208
ND,Eddy,38027,380,832,4,1216
ND,Emmons,38029,355,1534,12,1901
ND,Foster,38031,408,1279,3,1690
ND,Golden Valley,38033,156,822,2,980
ND,Grand Forks,38035,12418,18509,71,30998
ND,Grant,38037,267,1035,3,1305
ND,Griggs,38039,347,936,4,1287
ND,Hettinger,38041,225,1057,2,1284
ND,Kidder,38043,316,1056,2,1374
ND,LaMoure,38045,581,1536,6,2123
ND,Logan,38047,185,833,6,1024
ND,McHenry,38049,649,2068,10,2727
ND,McIntosh,38051,324,1060,6,1390
ND,McKenzie,38053,900,4523,22,5445
ND,McLean,38055,1370,3981,21,5372
ND,Mercer,38057,1010,3414,31,4455
ND,Morton,38059,4431,12263,75,16769
ND,Mountrail,38061,1208,2824,10,4042
ND,Nelson,38063,657,1091,3,1751
ND,Oliver,38065,217,846,6,1069
ND,Pembina,38067,840,2264,3,3107
ND,Pierce,38069,515,1445,8,1968
ND,Ramsey,38071,1640,3568,7,5215
ND,Ransom,38073,1033,1596,4,2633
ND,Renville,38075,234,970,1,1205
ND,Richland,38077,2877,5321,10,8208
ND,Rolette,38079,2534,1486,4,4024
ND,Sargent,38081,797,1235,1,2033
ND,Sheridan,38083,162,581,6,749
ND,Sioux,38085,665,281,2,948
ND,Slope,38087,52,335,2,389
ND,Stark,38089,2716,12074,53,14843
ND,Steele,38091,422,585,4,1011
ND,Stutsman,38093,3171,6771,16,9958
ND,Towner,38095,355,757,2,1114
ND,Traill,38097,1489,2612,13,4114
ND,Walsh,38099,1355,3124,14,4493
ND,Ward,38101,7772,20328,113,28213
ND,Wells,38103,537,1690,13,2240
ND,Williams,38105,2542,12156,70,14768
NE,Adams,31001,5336,8869,42,14247
NE,Antelope,31003,829,2580,1,3410
NE,Arthur,31005,46,234,0,280
NE,Banner,31007,74,310,0,384
NE,Blaine,31009,64,227,1,292
NE,Boone,31011,727,2274,4,3005
NE,Box Butte,31013,1642,3198,21,4861
NE,Boyd,31015,113,948,0,1061
NE,Brown,31017,382,1243,4,1629
NE,Buffalo,31019,8423,15147,61,23631
NE,Burt,31021,1410,2185,4,3599
NE,Butler,31023,1297,3222,18,4537
NE,Cass,31025,6457,9051,30,15538
NE,Cedar,31027,1179,3693,10,4882
NE,Chase,31029,364,1485,0,1849
NE,Cherry,31031,641,2336,14,2991
NE,Cheyenne,31033,1280,3176,11,4467
NE,Clay,31035,870,2397,8,3275
NE,Colfax,31037,1161,2296,11,3468
NE,Cuming,31039,1258,3145,7,4410
NE,Custer,31041,1447,4409,9,5865
NE,Dakota,31043,2872,3082,23,5977
NE,Dawes,31045,1333,2501,4,3838
NE,Dawson,31047,2859,5556,19,8434
NE,Deuel,31049,276,724,2,1002
NE,Dixon,31051,872,1973,4,2849
NE,Dodge,31053,7137,9108,49,16294
NE,Douglas,31055,157317,111211,1082,269610
NE,Dundy,31057,192,722,0,914
NE,Fillmore,31059,985,2017,2,3004
NE,Franklin,31061,381,1204,5,1590
NE,Frontier,31063,336,1055,3,1394
NE,Furnas,31065,619,1784,5,2408
NE,Gage,31067,4601,6262,30,10893
NE,Garden,31069,273,831,3,1107
NE,Garfield,31071,204,791,4,999
NE,Gosper,31073,270,854,1,1125
NE,Grant,31075,37,322,1,360
NE,Greeley,31077,310,909,3,1222
NE,Hall,31079,9225,13335,61,22621
NE,Hamilton,31081,1505,4004,13,5522
NE,Harlan,31083,420,1368,6,1794
NE,Hayes,31085,57,434,0,491
NE,Hitchcock,31087,351,1069,2,1422
NE,Holt,31089,1306,4074,17,5397
NE,Hooker,31091,99,323,1,423
NE,Howard,31093,1016,2489,7,3512
NE,Jefferson,31095,1365,2252,2,3619
NE,Johnson,31097,912,1219,4,2135
NE,Kearney,31099,1004,2595,14,3613
NE,Keith,31101,1185,2963,7,4155
NE,Keya Paha,31103,85,450,5,540
NE,Kimball,31105,476,1206,5,1687
NE,Knox,31107,1160,3225,8,4393
NE,Lancaster,31109,91356,65295,417,157068
NE,Lincoln,31111,5658,10646,53,16357
NE,Logan,31113,82,357,2,441
NE,Loup,31115,92,339,0,431
NE,Madison,31119,4997,10523,20,15540
NE,McPherson,31117,42,237,0,279
NE,Merrick,31121,1090,3226,20,4336
NE,Morrill,31123,640,1730,5,2375
NE,Nance,31125,575,1244,1,1820
NE,Nemaha,31127,1361,2014,7,3382
NE,Nuckolls,31129,651,1566,8,2225
NE,Otoe,31131,3398,4720,13,8131
NE,Pawnee,31133,472,896,1,1369
NE,Perkins,31135,338,1088,1,1427
NE,Phelps,31137,1152,3787,21,4960
NE,Pierce,31139,953,2917,12,3882
NE,Platte,31141,4601,10994,30,15625
NE,Polk,31143,779,2048,6,2833
NE,Red Willow,31145,727,4537,6,5270
NE,Richardson,31147,1516,2336,13,3865
NE,Rock,31149,156,669,0,825
NE,Saline,31151,2593,3020,16,5629
NE,Sarpy,31153,49817,49448,241,99506
NE,Saunders,31155,4941,8499,24,13464
NE,Scotts Bluff,31157,5528,9407,41,14976
NE,Seward,31159,3310,5855,21,9186
NE,Sheridan,31161,567,1889,6,2462
NE,Sherman,31163,526,1134,7,1667
NE,Sioux,31165,141,531,0,672
NE,Stanton,31167,789,2235,3,3027
NE,Thayer,31169,839,2013,6,2858
NE,Thomas,31171,81,300,4,385
NE,Thurston,31173,1092,951,0,2043
NE,Valley,31175,620,1657,6,2283
NE,Washington,31177,4621,7815,27,12463
NE,Wayne,31179,1469,2588,10,4067
NE,Webster,31181,448,1284,6,1738
NE,Wheeler,31183,96,378,0,474
NE,York,31185,2339,4614,17,6970
NJ,Atlantic,34001,58942,60859,2429,122230
NJ,Bergen,34003,224775,192452,10607,427834
NJ,Burlington,34005,134884,83225,3722,221831
NJ,Camden,34007,156445,79545,3418,239408
NJ,Cape May,34009,20096,30905,616,51617
NJ,Cumberland,34011,25186,25441,1583,52210
NJ,Essex,34013,216580,75420,7887,299887
NJ,Gloucester,34015,80034,77303,2012,159349
NJ,Hudson,34017,135615,64050,8239,207904
NJ,Hunterdon,34019,34983,40273,1843,77099
NJ,Mercer,34021,105685,46932,3907,156524
NJ,Middlesex,34023,188482,140676,13544,342702
NJ,Monmouth,34025,151920,185197,7112,344229
NJ,Morris,34027,127727,135636,5289,268652
NJ,Ocean,34029,109610,197040,2883,309533
NJ,Passaic,34031,91719,86654,7655,186028
NJ,Salem,34033,12561,17338,809,30708
NJ,Somerset,34035,95344,71652,4272,171268
NJ,Sussex,34037,29959,49734,2571,82264
NJ,Union,34039,138186,79183,4855,222224
NJ,Warren,34041,22758,34074,1462,58294
NM,Bernalillo,35001,187163,117575,0,304738
NM,Catron,35003,615,1676,0,2291
NM,Chaves,35005,6723,14891,0,21614
NM,Cibola,35006,4955,3801,0,8756
NM,Colfax,35007,2706,3031,0,5737
NM,Curry,35009,4532,10176,0,14708
NM,De Baca,35011,268,585,0,853
NM,Doña Ana,35013,46715,36355,0,83070
NM,Eddy,35015,5979,16775,0,22754
NM,Grant,35017,7800,6133,0,13933
NM,Guadalupe,35019,1143,735,0,1878
NM,Harding,35021,138,282,0,420
NM,Hidalgo,35023,785,980,0,1765
NM,Lea,35025,4563,15852,0,20415
NM,Lincoln,35027,3270,6706,0,9976
NM,Los Alamos,35028,7761,4365,0,12126
NM,Luna,35029,3547,4205,0,7752
NM,McKinley,35031,17064,8195,0,25259
NM,Mora,35033,1532,866,0,2398
NM,Otero,35035,9229,14147,0,23376
NM,Quay,35037,1174,2406,0,3580
NM,Rio Arriba,35039,10035,5524,0,15559
NM,Roosevelt,35041,1951,4559,0,6510
NM,San Juan,35045,19078,32417,0,51495
NM,San Miguel,35047,7447,3427,0,10874
NM,Sandoval,35043,42473,35959,0,78432
NM,Santa Fe,35049,62312,20183,0,82495
NM,Sierra,35051,2553,3269,0,5822
NM,Socorro,35053,3704,3365,0,7069
NM,Taos,35055,12457,3849,0,16306
NM,Torrance,35057,2454,4601,0,7055
NM,Union,35059,397,1231,0,1628
NM,Valencia,35061,14810,17857,0,32667
NV,Carson City,32510,13454,15389,1956,30799
NV,Churchill,32001,3278,9179,949,13406
NV,Clark,32003,514662,441057,59118,1014837
NV,Douglas,32005,11675,22125,1455,35255
NV,Elko,32007,4439,15850,1956,22245
NV,Esmeralda,32009,72,345,41,458
NV,Eureka,32011,107,825,88,1020
NV,Humboldt,32013,1838,5500,630,7968
NV,Lander,32015,538,1924,249,2711
NV,Lincoln,32017,353,1959,142,2454
NV,Lyon,32019,9182,21892,2213,33287
NV,Mineral,32021,737,1326,224,2287
NV,Nye,32023,7645,17220,1978,26843
NV,Pershing,32027,519,1618,154,2291
NV,Storey,32029,919,1964,175,3058
NV,Washoe,32031,130841,115713,14921,261475
NV,White Pine,32033,846,3160,328,4334
NY,Albany,36001,95231,49505,1034,145770
NY,Allegany,36003,5862,13066,91,19019
NY,Bronx,36005,260993,80569,3269,344831
NY,Broome,36007,47049,40357,574,87980
NY,Cattaraugus,36009,12172,20775,140,33087
NY,Cayuga,36011,16352,18973,173,35498
NY,Chautauqua,36013,23438,31622,217,55277
NY,Chemung,36015,15835,20478,161,36474
NY,Chenango,36017,8653,13050,117,21820
NY,Clinton,36019,18614,16109,160,34883
NY,Columbia,36021,21345,13890,128,35463
NY,Cortland,36023,10469,10941,136,21546
NY,Delaware,36025,9852,12620,128,22600
NY,Dutchess,36027,82986,65871,742,149599
NY,Erie,36029,252782,187547,2495,442824
NY,Essex,36031,10032,8351,68,18451
NY,Franklin,36033,9357,9481,70,18451
NY,Fulton,36035,8291,14449,97,22837
NY,Genesee,36037,9736,17871,126,27733
NY,Greene,36039,11133,13435,144,24712
NY,Hamilton,36041,1283,2053,13,3349
NY,Herkimer,36043,9671,17766,122,27559
NY,Jefferson,36045,17511,23477,150,41138
NY,Kings,36047,68071,194631,9076,811778
NY,Lewis,36049,4163,8099,63,12325
NY,Livingston,36051,12830,17370,144,30344
NY,Madison,36053,15138,17727,192,33057
NY,Monroe,36055,213432,140764,1854,356050
NY,Montgomery,36057,8263,11383,93,19739
NY,Nassau,36059,344787,345325,3298,693410
NY,New York,36061,525316,107064,5714,628094
NY,Niagara,36063,44641,53851,462,98954
NY,Oneida,36065,41860,54056,474,96390
NY,Onondaga,36067,134707,88547,1282,224536
NY,Ontario,36069,29924,28924,248,59096
NY,Orange,36071,89114,78309,887,168310
NY,Orleans,36073,5480,11568,60,17108
NY,Oswego,36075,21036,31216,285,52537
NY,Otsego,36077,13345,13956,222,27523
NY,Putnam,36079,24920,29310,231,54461
NY,Queens,36081,451360,232407,5703,690470
NY,Rensselaer,36083,41950,35065,507,690470
NY,Richmond,36085,74191,119958,1622,195771
NY,Rockland,36087,72003,64082,599,136684
NY,St. Lawrence,36089,19322,22727,170,42219
NY,Saratoga,36091,68479,59574,633,128686
NY,Schenectady,36093,40626,28681,489,69798
NY,Schoharie,36095,6156,9495,88,15739
NY,Schuyler,36097,3815,5440,37,9262
NY,Seneca,36099,6803,7769,58,14630
NY,Steuben,36101,15857,28367,139,44363
NY,Suffolk,36103,348948,389431,2760,741139
NY,Sullivan,36105,15755,17122,176,33053
NY,Tioga,36107,9755,14036,90,23881
NY,Tompkins,36109,34484,10738,350,45572
NY,Ulster,36111,60364,35889,629,96882
NY,Warren,36113,18162,16728,167,35057
NY,Washington,36115,12539,15221,151,27911
NY,Wayne,36117,17647,25686,160,43943
NY,Westchester,36119,287607,154287,2202,444096
NY,Wyoming,36121,5330,13268,85,18683
NY,Yates,36123,4471,5787,48,10306
OH,Adams,39001,2447,9325,401,12173
OH,Allen,39003,14120,30208,1660,45988
OH,Ashland,39005,7280,17894,1019,26193
OH,Ashtabula,39007,16785,24117,1780,42682
OH,Athens,39009,14696,10013,928,25637
OH,Auglaize,39011,5248,19363,861,25472
OH,Belmont,39013,9476,20146,1129,30751
OH,Brown,39015,4610,15622,748,20980
OH,Butler,39017,69734,104952,6557,181243
OH,Carroll,39019,3545,9543,571,13659
OH,Champaign,39021,5547,13917,801,20265
OH,Clark,39023,23630,36611,2393,62634
OH,Clermont,39025,37825,70592,4649,113066
OH,Clinton,39027,5154,14513,887,20554
OH,Columbiana,39029,13902,31757,1935,47594
OH,Coshocton,39031,4457,11011,717,16185
OH,Crawford,39033,5400,13938,793,20131
OH,Cuyahoga,39035,384042,170671,14352,569065
OH,Darke,39037,5359,20615,886,26860
OH,Defiance,39039,5880,12028,822,18730
OH,Delaware,39041,63697,65715,3582,132994
OH,Erie,39043,18117,19654,1536,39307
OH,Fairfield,39045,33697,47342,2819,83858
OH,Fayette,39047,3207,8712,474,12393
OH,Franklin,39049,385850,186441,16790,589081
OH,Fulton,39051,6764,14450,868,22082
OH,Gallia,39053,2912,9316,496,12724
OH,Geauga,39055,22315,30987,1330,54632
OH,Greene,39057,37327,49477,3052,89856
OH,Guernsey,39059,4839,11836,712,17387
OH,Hamilton,39061,235825,158523,13394,407742
OH,Hancock,39063,12170,23803,1547,37520
OH,Hardin,39065,3367,8839,585,12791
OH,Harrison,39067,1857,4891,320,7068
OH,Henry,39069,4356,9685,562,14603
OH,Highland,39071,4152,14884,692,19728
OH,Hocking,39073,4125,8599,572,13296
OH,Holmes,39075,2117,9699,381,12197
OH,Huron,39077,8452,17090,1289,26831
OH,Jackson,39079,3346,10299,472,14117
OH,Jefferson,39081,9819,19795,1196,30810
OH,Knox,39083,9537,21363,1061,31961
OH,Lake,39085,58125,64089,4045,126259
OH,Lawrence,39087,7192,18077,1060,26329
OH,Licking,39089,35373,55320,3616,94309
OH,Logan,39091,5614,16763,981,23358
OH,Lorain,39093,79307,71759,5115,156181
OH,Lucas,39095,107783,72544,8703,189030
OH,Madison,39097,6322,13347,789,20458
OH,Mahoning,39099,53847,54067,3585,111499
OH,Marion,39101,8824,16763,1195,26782
OH,Medina,39103,43173,58915,3262,105350
OH,Meigs,39105,2456,7385,374,10215
OH,Mercer,39107,4337,18432,1057,23826
OH,Miami,39109,17525,39225,2039,58789
OH,Monroe,39111,1725,4715,211,6651
OH,Montgomery,39113,130464,112324,9146,251934
OH,Morgan,39115,1802,4587,252,6641
OH,Morrow,39117,4610,13197,727,18534
OH,Muskingum,39119,11852,25408,1680,38940
OH,Noble,39121,1316,4555,202,6073
OH,Ottawa,39123,9460,13317,921,23698
OH,Paulding,39125,2056,6678,456,9190
OH,Perry,39127,4492,11626,654,16772
OH,Pickaway,39129,8452,19613,986,29051
OH,Pike,39131,3364,8264,415,12043
OH,Portage,39133,37082,42163,3000,82245
OH,Preble,39135,4940,15806,785,21531
OH,Putnam,39137,3573,15582,549,19704
OH,Richland,39139,18488,37368,1891,57747
OH,Ross,39141,11125,20402,1160,32687
OH,Sandusky,39143,10782,16951,1522,29255
OH,Scioto,39145,8935,20509,1075,30519
OH,Seneca,39147,8509,15420,1163,25092
OH,Shelby,39149,4927,19275,868,25070
OH,Stark,39151,75434,99365,6941,181740
OH,Summit,39153,150517,111573,9174,271264
OH,Trumbull,39155,43178,48755,3722,95655
OH,Tuscarawas,39157,13501,27395,1740,42636
OH,Union,39159,13719,21926,1315,36960
OH,Van Wert,39161,3204,10826,577,14607
OH,Vinton,39163,1360,4018,221,5599
OH,Warren,39165,49350,84796,4726,138872
OH,Washington,39167,9275,19865,1061,30201
OH,Wayne,39169,17313,33532,1900,52745
OH,Williams,39171,5043,12036,940,18019
OH,Wood,39173,31242,32801,2758,66801
OH,Wyandot,39175,2996,7813,467,11276
PA,Adams,42001,19947,38505,1824,60276
PA,Allegheny,42003,425280,272861,17781,715922
PA,Armstrong,42005,9136,26653,1155,36944
PA,Beaver,42007,38529,53593,2635,94757
PA,Bedford,42009,4624,22855,564,28043
PA,Berks,42011,89063,108058,6521,203642
PA,Blair,42013,18445,44741,1537,64723
PA,Bradford,42015,8007,22099,804,30910
PA,Bucks,42017,196444,194203,9186,399833
PA,Butler,42019,40973,77328,2666,120967
PA,Cambria,42021,22887,46482,1635,71004
PA,Cameron,42023,580,1558,76,2214
PA,Carbon,42025,11570,22603,898,35071
PA,Centre,42027,40382,38054,1979,80415
PA,Chester,42029,178765,138271,7551,324587
PA,Clarion,42031,4683,14179,815,19677
PA,Clearfield,42033,10111,29063,1038,40212
PA,Clinton,42035,5722,12250,476,18448
PA,Columbia,42037,10969,20617,814,32400
PA,Crawford,42039,13370,28234,1110,42714
PA,Cumberland,42041,64713,78178,4512,147403
PA,Dauphin,42043,77022,66949,4985,148956
PA,Delaware,42045,197424,121482,7551,326457
PA,Elk,42047,4679,11939,499,17117
PA,Erie,42049,67868,65603,3371,136842
PA,Fayette,42051,20752,40804,1389,62945
PA,Forest,42053,741,1808,100,2649
PA,Franklin,42055,23591,57217,2313,83121
PA,Fulton,42057,1197,6773,146,8116
PA,Greene,42059,5075,11643,427,17145
PA,Huntingdon,42061,5582,16910,986,23028
PA,Indiana,42063,13181,27881,1006,42068
PA,Jefferson,42065,4834,17618,626,23078
PA,Juniata,42067,2478,9252,313,12043
PA,Lackawanna,42069,61653,51944,2289,115886
PA,Lancaster,42071,118580,162105,7668,288353
PA,Lawrence,42073,16176,29405,1211,46792
PA,Lebanon,42075,24745,46172,2222,73139
PA,Lehigh,42077,94875,87147,5562,187584
PA,Luzerne,42079,64495,87048,3442,154985
PA,Lycoming,42081,17354,40672,1472,59498
PA,McKean,42083,5231,13799,541,19571
PA,Mercer,42085,20302,36468,1318,58088
PA,Mifflin,42087,4991,16413,542,21946
PA,Monroe,42089,41712,40884,2455,85051
PA,Montgomery,42091,311859,196422,11687,519968
PA,Montour,42093,3813,5847,240,9900
PA,Northampton,42095,84762,85787,4066,174615
PA,Northumberland,42097,13432,28706,1156,43294
PA,Perry,42099,6470,18355,855,25680
PA,Philadelphia,42101,541567,129098,19651,690316
PA,Pike,42103,6470,20869,831,34609
PA,Potter,42105,1695,7109,251,9055
PA,Schuylkill,42107,22224,48553,2063,72840
PA,Snyder,42109,5309,14211,427,19947
PA,Somerset,42111,9059,30667,1090,40816
PA,Sullivan,42113,1021,2612,82,3715
PA,Susquehanna,42115,6129,15545,542,22216
PA,Tioga,42117,5066,15778,588,21432
PA,Union,42119,7872,12747,453,21072
PA,Venango,42121,7902,17825,904,26631
PA,Warren,42123,6415,13655,597,20667
PA,Washington,42125,45926,71798,2717,120441
PA,Wayne,42127,9385,19331,619,29335
PA,Westmoreland,42129,75926,128040,4893,208937
PA,Wyoming,42131,4750,9919,350,15019
PA,York,42133,91779,148098,8051,247928
RI,Bristol,44001,17552,9888,49,27489
RI,Kent,44003,49019,41403,207,90629
RI,Newport,44005,27289,15830,64,43183
RI,Providence,44007,156457,98145,793,255395
RI,Washington,44009,42992,30661,126,73779
TN,Anderson,47001,11587,23718,722,36027
TN,Bedford,47003,4067,15098,415,19580
TN,Benton,47005,1283,5653,154,7090
TN,Bledsoe,47007,897,5061,103,6061
TN,Blount,47009,17632,49551,1271,68454
TN,Bradley,47011,9494,37622,1029,48145
TN,Campbell,47013,2495,12250,289,15034
TN,Cannon,47015,1171,5308,130,6609
TN,Carroll,47017,2017,9446,192,11655
TN,Carter,47019,4081,19687,448,24216
TN,Cheatham,47021,5563,14518,414,20495
TN,Chester,47023,1135,6169,141,7445
TN,Claiborne,47025,2118,10885,193,13196
TN,Clay,47027,593,2900,58,3551
TN,Cocke,47029,2456,12471,296,15223
TN,Coffee,47031,5428,18463,590,24481
TN,Crockett,47033,1124,4530,84,5738
TN,Cumberland,47035,6751,26427,540,33718
TN,Davidson,47037,179312,100124,5965,285401
TN,Decatur,47039,811,4410,97,5318
TN,DeKalb,47041,1707,7137,191,9035
TN,Dickson,47043,5967,18149,585,24701
TN,Dyer,47045,2556,11050,253,13859
TN,Fayette,47047,6111,16600,370,23081
TN,Fentress,47049,1188,8064,165,9417
TN,Franklin,47051,4493,14437,344,19274
TN,Gibson,47053,4386,16078,422,20886
TN,Giles,47055,2844,10027,267,13138
TN,Grainger,47057,1537,9226,146,10909
TN,Greene,47059,4841,25157,561,30559
TN,Grundy,47061,960,4931,138,6029
TN,Hamblen,47063,5225,19382,370,24977
TN,Hamilton,47065,72115,97475,3527,173117
TN,Hancock,47067,343,2365,46,2754
TN,Hardeman,47069,3204,5731,186,9121
TN,Hardin,47071,1572,9945,207,11724
TN,Hawkins,47073,3715,21209,475,25399
TN,Haywood,47075,3122,3269,120,6511
TN,Henderson,47077,1704,9994,182,11880
TN,Henry,47079,3085,11048,286,14419
TN,Hickman,47081,1947,8055,195,10197
TN,Houston,47083,801,2814,69,3684
TN,Humphreys,47085,1789,6153,177,8119
TN,Jackson,47087,1093,4279,96,5468
TN,Jefferson,47089,4666,20239,428,25333
TN,Johnson,47091,1085,6666,98,7849
TN,Knox,47093,88913,129275,3373,221561
TN,Lake,47095,384,1414,32,1830
TN,Lauderdale,47097,2311,5434,156,7901
TN,Lawrence,47099,2933,15484,498,18915
TN,Lewis,47101,1002,4613,134,5749
TN,Lincoln,47103,2562,12744,307,15613
TN,Loudon,47105,7428,24848,516,32792
TN,Macon,47111,1321,8342,185,9848
TN,Madison,47113,14807,23578,781,39166
TN,Marion,47115,3042,10314,290,13646
TN,Marshall,47117,3391,11916,289,15596
TN,Maury,47119,14008,36665,950,51623
TN,McMinn,47107,4205,18934,503,23642
TN,McNairy,47109,1680,9155,165,11000
TN,Meigs,47121,985,4810,109,5904
TN,Monroe,47123,3694,17759,449,21902
TN,Montgomery,47125,30669,46104,2230,79003
TN,Moore,47127,545,2954,87,3586
TN,Morgan,47129,1215,7090,132,8437
TN,Obion,47131,2041,10378,179,12598
TN,Overton,47133,1970,8413,211,10594
TN,Perry,47135,569,2906,65,3540
TN,Pickett,47137,513,2306,63,2882
TN,Polk,47139,1429,7041,131,8601
TN,Putnam,47141,8960,24520,688,34168
TN,Rhea,47143,2284,11553,292,14129
TN,Roane,47145,6255,20207,520,26982
TN,Robertson,47147,8322,25146,826,34294
TN,Rutherford,47149,55605,86026,3482,145113
TN,Scott,47151,1062,7924,160,9146
TN,Sequatchie,47153,1275,6253,161,7689
TN,Sevier,47155,8399,34101,770,43270
TN,Shelby,47157,189954,120568,8572,319094
TN,Smith,47159,1576,7255,177,9008
TN,Stewart,47161,1101,5201,143,6445
TN,Sullivan,47163,15646,57989,1267,74902
TN,Sumner,47165,27119,66413,2040,95572
TN,Tipton,47167,5839,19625,539,26003
TN,Trousdale,47169,842,3079,89,4010
TN,Unicoi,47171,1403,6754,156,8313
TN,Union,47173,1315,6834,130,8279
TN,Van Buren,47175,532,2533,79,3144
TN,Warren,47177,3648,12287,394,16329
TN,Washington,47179,16872,42160,1205,60237
TN,Wayne,47181,755,5690,120,6565
TN,Weakley,47183,2494,10375,238,13107
TN,White,47185,2174,10316,246,12736
TN,Williamson,47187,46785,94791,2558,144134
TN,Wilson,47189,23556,54895,1681,80132
TX,Anderson,48001,3872,15022,322,19216
TX,Andrews,48003,873,4976,123,5972
TX,Angelina,48005,8382,24994,690,34066
TX,Aransas,48007,3069,9605,282,12956
TX,Archer,48009,562,4483,64,5109
TX,Armstrong,48011,97,1001,14,1112
TX,Atascosa,48013,5739,11973,446,18158
TX,Austin,48015,2998,11981,310,15289
TX,Bailey,48017,325,1352,36,1713
TX,Bandera,48019,2735,10472,323,13530
TX,Bastrop,48021,16445,21835,1166,39446
TX,Baylor,48023,199,1433,40,1672
TX,Bee,48025,2845,5639,188,8672
TX,Bell,48027,55441,70468,3463,129372
TX,Bexar,48029,422903,303262,34298,760463
TX,Blanco,48031,2071,6243,183,8497
TX,Borden,48033,13,366,4,383
TX,Bosque,48035,1712,7643,198,9553
TX,Bowie,48037,9405,26219,573,36197
TX,Brazoria,48039,67075,90208,4163,161446
TX,Brazos,48041,34849,54153,2743,91745
TX,Brewster,48043,1998,2422,124,4544
TX,Briscoe,48045,79,649,16,744
TX,Brooks,48047,1379,874,49,2302
TX,Brown,48049,2359,14108,313,16780
TX,Burleson,48051,1805,7327,189,9321
TX,Burnet,48053,6401,21056,629,28086
TX,Caldwell,48055,6851,8227,463,15541
TX,Calhoun,48057,2018,5603,137,7758
TX,Callahan,48059,863,5973,140,6976
TX,Cameron,48061,58330,53391,2789,114510
TX,Camp,48063,1257,3894,75,5226
TX,Carson,48065,328,2755,68,3151
TX,Cass,48067,2457,11477,183,14117
TX,Castro,48069,408,1530,46,1984
TX,Chambers,48071,4617,19746,514,24877
TX,Cherokee,48073,3915,16065,413,20393
TX,Childress,48075,285,1919,40,2244
TX,Clay,48077,663,5128,88,5879
TX,Cochran,48079,149,706,25,880
TX,Coke,48081,218,1567,19,1804
TX,Coleman,48083,470,3585,67,4122
TX,Collin,48085,236579,263381,11313,511273
TX,Collingsworth,48087,141,1039,1,1181
TX,Colorado,48089,2207,7554,158,9919
TX,Comal,48091,29149,71757,2418,103324
TX,Comanche,48093,962,5435,109,6506
TX,Concho,48095,176,989,19,1184
TX,Cooke,48097,3620,16284,395,20299
TX,Coryell,48099,7276,15775,726,23777
TX,Cottle,48101,90,544,9,643
TX,Crane,48103,196,1115,27,1338
TX,Crockett,48105,328,1008,37,1373
TX,Crosby,48107,438,1370,52,1860
TX,Culberson,48109,340,394,11,745
TX,Dallam,48111,158,1229,38,1425
TX,Dallas,48113,531153,291528,19744,842425
TX,Dawson,48115,688,2686,81,3455
TX,Deaf Smith,48117,1025,3113,87,4225
TX,Delta,48119,453,2158,44,2655
TX,Denton,48121,200676,237978,9805,448459
TX,DeWitt,48123,1392,6240,118,7750
TX,Dickens,48125,148,817,18,983
TX,Dimmit,48127,1849,1305,89,3243
TX,Donley,48129,192,1453,25,1670
TX,Duval,48131,2190,1872,115,4177
TX,Eastland,48133,1026,7132,146,8304
TX,Ector,48135,10620,30729,919,42268
TX,Edwards,48137,152,800,22,974
TX,El Paso,48141,141826,92997,10164,244987
TX,Ellis,48139,35685,61020,2070,98775
TX,Erath,48143,3126,14672,380,18178
TX,Falls,48145,1782,4351,133,6266
TX,Fannin,48147,2927,13084,327,16338
TX,Fayette,48149,2649,10408,228,13285
TX,Fisher,48151,358,1420,34,1812
TX,Floyd,48153,406,1617,47,2070
TX,Foard,48155,94,438,6,538
TX,Fort Bend,48157,186710,159691,9740,356141
TX,Franklin,48159,859,4349,68,5276
TX,Freestone,48161,1601,7197,159,8957
TX,Frio,48163,2039,2557,240,4826
TX,Gaines,48165,561,5700,106,6367
TX,Galveston,48167,59316,95114,3962,158392
TX,Garza,48169,223,1318,28,1569
TX,Gillespie,48171,3296,12881,334,16511
TX,Glasscock,48173,37,616,7,660
TX,Goliad,48175,853,3016,73,3942
TX,Gonzales,48177,1849,5607,179,7635
TX,Gray,48179,878,6489,153,7520
TX,Grayson,48181,15453,48504,1319,65276
TX,Gregg,48183,13660,31862,983,46505
TX,Grimes,48185,2900,10830,261,13991
TX,Guadalupe,48187,30981,50972,2159,84112
TX,Hale,48189,2013,6941,241,9195
TX,Hall,48191,155,957,19,1131
TX,Hamilton,48193,679,3699,96,4474
TX,Hansford,48195,147,1802,30,1979
TX,Hardeman,48197,217,1163,18,1398
TX,Hardin,48199,3603,23992,473,28068
TX,Harris,48201,841784,666027,41103,1548914
TX,Harrison,48203,7408,22137,534,30079
TX,Hartley,48205,172,1817,16,2005
TX,Haskell,48207,363,1826,45,2234
TX,Hays,48209,67475,54436,3665,125576
TX,Hemphill,48211,195,1380,24,1599
TX,Henderson,48213,7453,30047,726,38226
TX,Hidalgo,48215,110139,96208,5275,211622
TX,Hill,48217,3223,13104,331,16658
TX,Hockley,48219,1355,6437,163,7955
TX,Hood,48221,6604,29112,747,36463
TX,Hopkins,48223,3142,13269,294,16705
TX,Houston,48225,2104,7033,148,9285
TX,Howard,48227,1895,7388,229,9512
TX,Hudspeth,48229,285,702,33,1020
TX,Hunt,48231,11067,34351,991,46409
TX,Hutchinson,48233,946,7047,175,8168
TX,Irion,48235,118,732,17,867
TX,Jack,48237,427,3689,65,4181
TX,Jackson,48239,998,5222,80,6300
TX,Jasper,48241,2702,12842,201,15745
TX,Jeff Davis,48243,447,671,37,1155
TX,Jefferson,48245,39643,43888,1425,84956
TX,Jim Hogg,48247,917,586,16,1519
TX,Jim Wells,48249,5895,6773,292,12960
TX,Johnson,48251,20935,57382,2006,80323
TX,Jones,48253,1039,5729,133,6901
TX,Karnes,48255,1175,3743,92,5010
TX,Kaufman,48257,26235,41177,1414,68826
TX,Kendall,48259,6666,22068,546,29280
TX,Kenedy,48261,48,92,4,144
TX,Kent,48263,58,383,7,448
TX,Kerr,48265,6672,20840,610,28122
TX,Kimble,48267,298,2039,42,2379
TX,King,48269,5,129,0,134
TX,Kinney,48271,390,970,27,1387
TX,Kleberg,48273,4614,5047,232,9893
TX,Knox,48275,249,1096,19,1364
TX,Lamar,48277,4344,16454,308,21106
TX,Lamb,48279,729,3285,97,4111
TX,Lampasas,48281,2314,8606,268,11188
TX,La Salle,48283,956,1088,68,2112
TX,Lavaca,48285,1378,8915,126,10419
TX,Lee,48287,1719,6505,138,8362
TX,Leon,48289,1115,7734,161,9010
TX,Liberty,48291,6429,23983,651,31063
TX,Limestone,48293,2045,6821,145,9011
TX,Lipscomb,48295,131,1094,23,1248
TX,Live Oak,48297,822,4165,75,5062
TX,Llano,48299,2677,10698,248,13623
TX,Loving,48301,17,75,3,95
TX,Lubbock,48303,37560,83643,3266,124469
TX,Lynn,48305,367,2118,43,2528
TX,Madison,48313,1012,4336,95,5443
TX,Marion,48315,1101,3509,84,4694
TX,Martin,48317,264,1756,47,2067
TX,Mason,48319,441,2027,39,2507
TX,Matagorda,48321,3486,9482,241,13209
TX,Maverick,48323,6859,7287,586,14732
TX,McCulloch,48307,497,2938,63,3498
TX,McLennan,48309,35632,62054,2091,99777
TX,McMullen,48311,48,423,5,476
TX,Medina,48325,7416,16508,533,24457
TX,Menard,48327,194,824,18,1036
TX,Midland,48329,11866,45032,1284,58182
TX,Milam,48331,2462,8347,227,11036
TX,Mills,48333,344,2343,43,2730
TX,Mitchell,48335,374,2059,40,2473
TX,Montague,48337,1353,9489,172,11014
TX,Montgomery,48339,86879,213797,5841,306517
TX,Moore,48341,954,4186,108,5248
TX,Morris,48343,1353,3958,80,5391
TX,Motley,48345,41,592,9,642
TX,Nacogdoches,48347,7927,17072,478,25477
TX,Navarro,48349,5120,14327,351,19798
TX,Newton,48351,972,4650,69,5691
TX,Nolan,48353,1123,3808,109,5040
TX,Nueces,48355,55433,62062,2964,120459
TX,Ochiltree,48357,280,2669,47,2996
TX,Oldham,48359,91,862,8,961
TX,Orange,48361,6285,29050,626,35961
TX,Palo Pinto,48363,2355,10611,277,13243
TX,Panola,48365,1935,9281,145,11361
TX,Parker,48367,16349,72477,1900,90726
TX,Parmer,48369,374,2060,40,2474
TX,Pecos,48371,1206,2817,119,4142
TX,Polk,48373,5106,18596,441,24143
TX,Potter,48375,8933,22109,848,31890
TX,Presidio,48377,1249,651,40,1940
TX,Rains,48379,951,5450,127,6528
TX,Randall,48381,13596,51991,1302,66889
TX,Reagan,48383,156,764,16,936
TX,Real,48385,336,1574,39,1949
TX,Red River,48387,1148,4498,91,5737
TX,Reeves,48389,1142,2034,112,3288
TX,Refugio,48391,958,2004,69,3031
TX,Roberts,48393,20,542,9,571
TX,Robertson,48395,2006,5982,137,8125
TX,Rockwall,48397,19466,41726,1127,62319
TX,Runnels,48399,525,3430,72,4027
TX,Rusk,48401,4500,16665,357,21522
TX,Sabine,48403,612,4864,64,5540
TX,San Augustine,48405,808,2834,65,3707
TX,San Jacinto,48407,2338,10118,254,12710
TX,San Patricio,48409,8578,16116,627,25321
TX,San Saba,48411,333,2314,43,2690
TX,Schleicher,48413,205,872,21,1098
TX,Scurry,48415,811,4683,137,5631
TX,Shackelford,48417,173,1520,20,1713
TX,Shelby,48419,1756,8022,98,9876
TX,Sherman,48421,82,791,14,887
TX,Smith,48423,28971,72205,2052,103228
TX,Somervell,48425,859,4298,119,5276
TX,Starr,48427,6745,7081,356,14182
TX,Stephens,48429,450,3216,61,3727
TX,Sterling,48431,56,553,15,624
TX,Stonewall,48433,120,581,11,712
TX,Sutton,48435,239,1129,21,1389
TX,Swisher,48437,440,1744,49,2233
TX,Tarrant,48439,401742,399927,19804,821473
TX,Taylor,48441,14479,39509,1264,55252
TX,Terrell,48443,92,301,7,400
TX,Terry,48445,609,2663,75,3347
TX,Throckmorton,48447,80,801,9,890
TX,Titus,48449,2386,7545,197,10128
TX,Tom Green,48451,12332,31686,1152,45170
TX,Travis,48453,407210,157203,14128,578541
TX,Trinity,48455,1298,5910,128,7336
TX,Tyler,48457,1337,8001,169,9507
TX,Upshur,48459,2994,16451,394,19839
TX,Upton,48461,164,1069,32,1265
TX,Uvalde,48463,3493,5848,278,9619
TX,Val Verde,48465,5782,8071,440,14293
TX,Van Zandt,48467,3838,23626,463,27927
TX,Victoria,48469,10176,24002,657,34835
TX,Walker,48471,7728,16775,475,24978
TX,Waller,48473,10432,16385,625,27442
TX,Ward,48475,710,2931,86,3727
TX,Washington,48477,4240,13586,323,18149
TX,Webb,48479,33758,28121,1820,63699
TX,Wharton,48481,4150,11915,258,16323
TX,Wheeler,48483,192,2025,36,2253
TX,Wichita,48485,12545,30711,1001,44257
TX,Wilbarger,48487,926,3419,88,4433
TX,Willacy,48489,2892,2365,158,5415
TX,Williamson,48491,151076,146451,8518,306045
TX,Wilson,48493,6802,19783,548,27133
TX,Winkler,48495,303,1560,31,1894
TX,Wise,48497,6350,31060,730,38140
TX,Wood,48499,3757,20129,438,24324
TX,Yoakum,48501,357,1928,56,2341
TX,Young,48503,1063,7088,120,8271
TX,Zapata,48505,1957,2197,111,4265
TX,Zavala,48507,1994,1167,112,3273
UT,Beaver,49001,327,2605,214,3146
UT,Box Elder,49003,4050,22803,1798,28651
UT,Cache,49005,15067,41451,3414,59932
UT,Carbon,49007,2140,6751,435,9326
UT,Daggett,49009,78,451,13,542
UT,Davis,49011,45688,108083,12099,165870
UT,Duchesne,49013,790,7450,601,8841
UT,Emery,49015,474,4200,262,4936
UT,Garfield,49017,463,2149,145,2757
UT,Grand,49019,2617,2472,158,5247
UT,Iron,49021,4757,20772,1920,27449
UT,Juab,49023,594,5222,543,6359
UT,Kane,49025,1003,3143,240,4386
UT,Millard,49027,518,5309,488,6315
UT,Morgan,49029,911,5506,375,6792
UT,Piute,49031,76,821,54,951
UT,Rich,49033,160,1214,59,1433
UT,Salt Lake,49035,237322,238607,19523,495452
UT,San Juan,49037,2141,3694,349,6184
UT,Sanpete,49039,1429,10173,1168,12770
UT,Sevier,49041,938,9103,739,10780
UT,Summit,49043,13282,11399,742,25423
UT,Tooele,49045,8140,22984,2342,33466
UT,Uintah,49047,1565,13077,931,15573
UT,Utah,49049,60490,214605,21489,296584
UT,Wasatch,49051,5276,12004,1043,18323
UT,Washington,49053,18607,69743,7103,95453
UT,Wayne,49055,326,1196,97,1619
UT,Weber,49057,35286,67713,5950,108949
VA,Accomack,51001,7672,9339,26,17037
VA,Albemarle,51003,43968,21912,76,65956
VA,Alexandria,51510,62597,17175,222,79994
VA,Alleghany,51005,2786,5358,13,8157
VA,Amelia,51007,2314,5600,6,7920
VA,Amherst,51009,5790,11414,20,17224
VA,Appomattox,51011,2562,6923,10,9495
VA,Arlington,51013,100725,27269,365,128359
VA,Augusta,51015,12517,31605,61,44183
VA,Bath,51017,684,1881,1,2566
VA,Bedford,51019,13068,37536,52,50656
VA,Bland,51021,709,2707,2,3418
VA,Botetourt,51023,6608,14950,24,21582
VA,Bristol,51520,2629,4699,4,7332
VA,Brunswick,51025,4324,3372,6,7702
VA,Buchanan,51027,2331,6686,16,9033
VA,Buckingham,51029,3242,4581,9,7832
VA,Buena Vista,51530,935,1881,3,2819
VA,Campbell,51031,8526,22449,39,31014
VA,Caroline,51033,8249,9218,18,17485
VA,Carroll,51035,3637,12318,14,15969
VA,Charles City,51036,2397,1802,4,4203
VA,Charlotte,51037,2148,3815,3,5966
VA,Charlottesville,51540,19439,3650,58,23147
VA,Chesapeake,51550,67224,59657,149,127030
VA,Chesterfield,51041,115364,93336,279,208979
VA,Clarke,51043,4182,5487,8,9677
VA,Colonial Heights,51570,3259,5456,5,8720
VA,Covington,51580,1025,1418,0,2443
VA,Craig,51045,671,2415,2,3088
VA,Culpeper,51047,11211,17105,24,28340
VA,Cumberland,51049,2164,3256,5,5425
VA,Danville,51590,10986,6335,33,17354
VA,Dickenson,51051,1929,4884,17,6830
VA,Dinwiddie,51053,6335,9163,18,15516
VA,Emporia,51595,1415,673,2,2090
VA,Essex,51057,2858,3072,8,5938
VA,Fairfax City,51600,8882,4407,53,13342
VA,Fairfax County,51059,393906,186266,1932,582104
VA,Falls Church,51610,7163,1791,20,8974
VA,Fauquier,51061,17441,26971,51,44463
VA,Floyd,51063,3302,6251,12,9565
VA,Fluvanna,51065,7992,8581,24,16597
VA,Franklin City,51620,2367,1359,6,3732
VA,Franklin County,51067,9114,21569,37,30720
VA,Frederick,51069,19769,31659,62,51490
VA,Fredericksburg,51630,8858,4346,32,13236
VA,Galax,51640,893,1788,5,2686
VA,Giles,51071,2593,6435,13,9041
VA,Gloucester,51073,7522,15391,21,22934
VA,Goochland,51075,7956,11655,14,19625
VA,Grayson,51077,1888,6045,11,7944
VA,Greene,51079,4731,7193,16,11940
VA,Greensville,51081,2416,1770,9,4195
VA,Halifax,51083,7397,10218,40,17655
VA,Hampton,51650,44201,17611,83,61895
VA,Hanover,51085,27207,44715,65,71987
VA,Harrisonburg,51660,10922,5946,31,16899
VA,Henrico,51087,116336,61160,242,177738
VA,Henry,51089,9583,15426,43,25052
VA,Highland,51091,497,1012,1,1510
VA,Hopewell,51670,5173,3438,16,8627
VA,Isle of Wight,51093,10292,14163,20,24475
VA,James City,51095,26991,24033,68,51092
VA,King and Queen,51097,1628,2513,2,4143
VA,King George,51099,5843,9459,16,15318
VA,King William,51101,3659,7678,10,11347
VA,Lancaster,51103,3364,3888,6,7258
VA,Lee,51105,2306,7452,20,9778
VA,Lexington,51678,1817,1031,4,2852
VA,Loudoun,51107,133436,93441,860,227737
VA,Louisa,51109,9124,14726,22,23872
VA,Lunenburg,51111,2344,3324,4,5672
VA,Lynchburg,51680,17020,19478,75,36573
VA,Madison,51113,2839,5546,3,8388
VA,Manassas,51683,9375,6438,36,15849
VA,Manassas Park,51685,3713,2112,28,5853
VA,Martinsville,51690,3515,1942,9,5466
VA,Mathews,51115,1872,4015,9,5896
VA,Mecklenburg,51117,6699,9170,23,15892
VA,Middlesex,51119,2570,4265,3,6838
VA,Montgomery,51121,25037,21575,107,46719
VA,Nelson,51125,4520,4849,16,9385
VA,New Kent,51127,5700,10695,10,16405
VA,Newport News,51700,49499,25323,91,74913
VA,Norfolk,51710,61334,23657,140,85131
VA,Northampton,51131,3687,3047,8,6742
VA,Northumberland,51133,3253,4912,7,8172
VA,Norton,51720,606,973,2,1581
VA,Nottoway,51135,2800,4000,10,6810
VA,Orange,51137,8725,13289,43,22057
VA,Page,51139,3618,9354,21,12993
VA,Patrick,51141,2391,7005,9,9405
VA,Petersburg,51730,11254,1583,22,12859
VA,Pittsylvania,51143,10523,22725,42,33290
VA,Poquoson,51735,2273,5729,10,8012
VA,Portsmouth,51740,28791,11581,30,40402
VA,Powhatan,51145,5949,14844,16,20809
VA,Prince Edward,51147,4617,4567,14,9198
VA,Prince George,51149,7048,10010,13,17071
VA,Prince William,51153,137060,87310,711,225081
VA,Pulaski,51155,5655,11743,16,17414
VA,Radford,51750,3423,3051,16,6490
VA,Rappahannock,51157,2053,2947,16,5016
VA,Richmond City,51760,89672,17400,242,107314
VA,Richmond County,51159,1562,2550,1,4113
VA,Roanoke City,51770,26676,15082,82,41840
VA,Roanoke County,51161,22978,33609,70,56657
VA,Rockbridge,51163,4526,8199,13,12738
VA,Rockingham,51165,16180,32081,81,48342
VA,Russell,51167,3326,9885,18,13229
VA,Salem,51775,5653,7352,17,13022
VA,Scott,51169,2431,8359,20,10810
VA,Shenandoah,51171,7968,16097,36,24101
VA,Smyth,51173,3885,10339,20,14244
VA,Southampton,51175,3914,5801,10,9725
VA,Spotsylvania,51177,37339,41199,106,78644
VA,Stafford,51179,42603,39764,140,82507
VA,Staunton,51790,7820,5552,24,13396
VA,Suffolk,51800,31587,21255,81,52923
VA,Surry,51181,2232,2100,9,4341
VA,Sussex,51183,2605,2226,5,4836
VA,Tazewell,51185,4952,14096,31,19079
VA,Virginia Beach,51810,118920,106476,238,225634
VA,Warren,51187,7529,14771,42,22342
VA,Washington,51191,8259,20851,57,29167
VA,Waynesboro,51820,5521,5598,16,11135
VA,Westmoreland,51193,4774,5615,12,10401
VA,Williamsburg,51830,5635,2151,10,7796
VA,Winchester,51840,6804,4905,23,11732
VA,Wise,51195,4494,11802,20,16316
VA,Wythe,51197,3732,11268,20,15020
VA,York,51199,18726,20685,36,39447
VT,Addison,50001,14407,7038,906,22351
VT,Bennington,50003,11831,6597,1809,20237
VT,Caledonia,50005,8853,6556,964,16373
VT,Chittenden,50007,70006,21966,3567,95539
VT,Essex,50009,1442,1677,233,3352
VT,Franklin,50011,13282,12021,1123,26426
VT,Grand Isle,50013,2847,1910,178,4935
VT,Lamoille,50015,9444,4465,696,14605
VT,Orange,50017,10126,6481,855,17462
VT,Orleans,50019,7182,6619,674,14475
VT,Rutland,50021,16838,15040,1753,33631
VT,Washington,50023,23979,9401,1470,34850
VT,Windham,50025,17585,6282,1461,25328
VT,Windsor,50027,21607,10459,1623,33689
WA,Adams,53001,1627,3504,44,5175
WA,Asotin,53003,4386,6627,36,11049
WA,Benton,53005,39595,57804,313,97712
WA,Chelan,53007,18884,22168,96,41148
WA,Clallam,53009,25487,21663,83,47233
WA,Clark,53011,142669,122712,918,266299
WA,Columbia,53013,745,1658,15,2418
WA,Cowlitz,53015,24329,32854,171,57354
WA,Douglas,53017,7892,12637,64,20593
WA,Ferry,53019,1431,2558,8,3997
WA,Franklin,53021,12538,18212,50,30800
WA,Garfield,53023,413,926,1,1340
WA,Grant,53025,11664,23390,74,35128
WA,Grays Harbor,53027,18061,18772,105,36938
WA,Island,53029,29216,21677,114,51007
WA,Jefferson,53031,17621,6708,49,24378
WA,King,53033,828204,271832,3370,1103406
WA,Kitsap,53035,91348,61734,327,153409
WA,Kittitas,53037,11028,14556,73,25657
WA,Klickitat,53039,5962,7125,40,13127
WA,Lewis,53041,15912,28030,132,44074
WA,Lincoln,53043,1889,5099,19,7007
WA,Mason,53045,17593,17865,162,35620
WA,Okanogan,53047,9022,11060,51,20133
WA,Pacific,53049,7273,6552,38,13863
WA,Pend Oreille,53051,2721,5585,23,8329
WA,Pierce,53053,235829,192366,899,429094
WA,San Juan,53055,9466,3214,46,12726
WA,Skagit,53057,34472,29438,143,64053
WA,Skamania,53059,3206,3855,20,7081
WA,Snohomish,53061,239059,166117,1020,406196
WA,Spokane,53063,132644,143680,842,277166
WA,Stevens,53065,8138,19270,96,27504
WA,Thurston,53067,96086,63796,462,160344
WA,Wahkiakum,53069,1305,1641,8,2954
WA,Walla Walla,53071,13621,15293,32,28946
WA,Whatcom,53073,83355,51836,290,135481
WA,Whitman,53075,10698,8856,34,19588
WA,Yakima,53077,37188,46517,359,84064
WI,Adams,55001,4806,7551,402,12759
WI,Ashland,55003,4775,3844,220,8839
WI,Barron,55005,9352,16462,727,26541
WI,Bayfield,55007,6260,4697,212,11169
WI,Brown,55009,67789,76722,3360,147871
WI,Buffalo,55011,2913,4898,208,8019
WI,Burnett,55013,3730,6745,256,10731
WI,Calumet,55015,12850,19075,749,32674
WI,Chippewa,55017,14875,22189,991,38055
WI,Clark,55019,4819,9917,441,15177
WI,Columbia,55021,16753,17120,751,34624
WI,Crawford,55023,4026,4761,255,9042
WI,Dane,55025,273696,84762,4983,363441
WI,Dodge,55027,16819,31928,1148,49895
WI,Door,55029,10503,9942,363,20808
WI,Douglas,55031,13119,11105,665,24889
WI,Dunn,55033,10795,13983,598,25376
WI,Eau Claire,55035,34382,26584,1423,62389
WI,Florence,55037,788,2272,74,3134
WI,Fond du Lac,55039,20777,35909,1353,58039
WI,Forest,55041,1853,3200,138,5191
WI,Grant,55043,11300,14995,615,26910
WI,Green,55045,11188,10280,466,21934
WI,Green Lake,55047,3592,7138,256,10986
WI,Iowa,55049,7946,6323,297,14566
WI,Iron,55051,1513,2445,78,4036
WI,Jackson,55053,4314,5764,323,10401
WI,Jefferson,55055,20631,28005,1053,49689
WI,Juneau,55057,4991,8993,452,14436
WI,Kenosha,55059,41946,45165,2487,89598
WI,Kewaunee,55061,4254,7869,255,12378
WI,La Crosse,55063,39268,30746,1601,71615
WI,Lafayette,55065,3763,4838,167,8768
WI,Langlade,55067,3830,7444,284,11558
WI,Lincoln,55069,6572,10119,401,17092
WI,Manitowoc,55071,17627,27201,1138,45966
WI,Marathon,55073,31883,44779,1650,78312
WI,Marinette,55075,7678,15730,721,24129
WI,Marquette,55077,3405,5729,237,9371
WI,Menominee,55078,1203,288,44,1535
WI,Milwaukee,55079,315402,131700,10405,457507
WI,Monroe,55081,8647,13860,656,23163
WI,Oconto,55083,7180,16959,566,24705
WI,Oneida,55085,10272,13898,497,24667
WI,Outagamie,55087,49196,59077,2833,111106
WI,Ozaukee,55089,27208,34914,951,63073
WI,Pepin,55091,1591,2636,91,4318
WI,Pierce,55093,10407,14172,559,25138
WI,Polk,55095,9710,17446,775,27931
WI,Portage,55097,21989,20082,861,42932
WI,Price,55099,3181,5424,201,8806
WI,Racine,55101,49333,54789,2504,106626
WI,Richland,55103,4111,4912,210,9233
WI,Rock,55105,47080,38097,2257,87434
WI,Rusk,55107,2548,5372,281,8201
WI,Sauk,55111,18429,17895,853,37177
WI,Sawyer,55113,4621,6208,204,11033
WI,Shawano,55115,7549,15052,697,23298
WI,Sheboygan,55117,27552,37747,1605,66904
WI,St. Croix,55109,23792,34844,1393,60029
WI,Taylor,55119,2943,7892,287,11122
WI,Trempealeau,55121,6424,9118,380,15922
WI,Vernon,55123,7765,8312,405,16482
WI,Vilas,55125,6120,9607,288,16015
WI,Walworth,55127,22882,35692,1454,60028
WI,Washburn,55129,3916,6724,242,10882
WI,Washington,55131,28053,61163,1526,90742
WI,Waukesha,55133,105781,163590,4310,273681
WI,Waupaca,55135,10013,19117,977,30107
WI,Waushara,55137,4643,9253,354,14250
WI,Winnebago,55139,44721,47265,2515,94501
WI,Wood,55141,17134,23662,1035,41831
WV,Barbour,54001,1069,4963,273,6305
WV,Berkeley,54003,16740,35870,2285,54895
WV,Boone,54005,1826,5965,197,7988
WV,Braxton,54007,1255,3812,165,5232
WV,Brooke,54009,2684,6857,141,9682
WV,Cabell,54011,12093,21486,1131,34710
WV,Calhoun,54013,484,2293,77,2854
WV,Clay,54015,594,2479,100,3173
WV,Doddridge,54017,379,2374,150,2903
WV,Fayette,54019,4512,10147,557,15216
WV,Gilmer,54021,481,1763,67,2311
WV,Grant,54023,547,4647,199,5393
WV,Greenbrier,54025,4515,9676,521,14712
WV,Hampshire,54027,1777,8120,341,10238
WV,Hancock,54029,3277,9334,247,12858
WV,Hardy,54031,1303,4798,206,6307
WV,Harrison,54033,7508,20396,1145,29049
WV,Jackson,54035,2669,9492,466,12627
WV,Jefferson,54037,11265,16509,884,28658
WV,Kanawha,54039,29195,42331,2103,73629
WV,Lewis,54041,1239,5467,298,7004
WV,Lincoln,54043,1283,5555,205,7043
WV,Logan,54045,1874,8916,246,11036
WV,Marion,54049,7834,15406,1074,24314
WV,Marshall,54051,4027,8902,225,13154
WV,Mason,54053,2156,7890,356,10402
WV,McDowell,54047,898,4121,136,5155
WV,Mercer,54055,4306,18120,653,23079
WV,Mineral,54057,2207,10157,385,12749
WV,Mingo,54059,1085,6940,170,8195
WV,Monongalia,54061,18272,20874,1780,40926
WV,Monroe,54063,1235,4804,199,6238
WV,Morgan,54065,1840,6662,323,8825
WV,Nicholas,54067,2006,7538,320,9864
WV,Ohio,54069,7599,10750,275,18624
WV,Pendleton,54071,614,2658,81,3353
WV,Pleasants,54073,641,2569,94,3304
WV,Pocahontas,54075,1014,2649,141,3804
WV,Preston,54077,2477,9988,1687,14152
WV,Putnam,54079,6841,19184,930,26955
WV,Raleigh,54081,6970,21796,1225,29991
WV,Randolph,54083,2881,8107,432,11420
WV,Ritchie,54085,547,3278,119,3944
WV,Roane,54087,1190,4100,151,5441
WV,Summers,54089,1267,3708,160,5135
WV,Taylor,54091,1518,5344,337,7199
WV,Tucker,54093,849,2544,218,3611
WV,Tyler,54095,643,2795,115,3553
WV,Upshur,54097,1879,7437,374,9690
WV,Wayne,54099,3392,11416,435,15243
WV,Webster,54101,541,2331,69,2941
WV,Wetzel,54103,1494,4469,114,6077
WV,Wirt,54105,419,2001,100,2520
WV,Wood,54107,9381,26084,1178,36643
WV,Wyoming,54109,956,6207,215,7378
WY,Albany,56001,7745,9737,114,17596
WY,Big Horn,56003,703,4922,39,5664
WY,Campbell,56005,1877,15774,137,17788
WY,Carbon,56007,1216,5028,40,6284
WY,Converse,56009,802,5699,52,6553
WY,Crook,56011,393,3817,34,4244
WY,Fremont,56013,4823,11930,117,16870
WY,Goshen,56015,1011,5066,26,6103
WY,Hot Springs,56017,436,2140,13,2589
WY,Johnson,56019,727,4063,38,4828
WY,Laramie,56021,13092,29648,371,43111
WY,Lincoln,56023,1480,9077,64,10621
WY,Natrona,56025,7674,25240,342,33256
WY,Niobrara,56027,118,1073,2,1193
WY,Park,56029,2790,13343,154,16287
WY,Platte,56031,747,3924,33,4704
WY,Sheridan,56033,3438,12580,136,16154
WY,Sublette,56035,779,4007,43,4829
WY,Sweetwater,56037,3550,12724,77,16351
WY,Teton,56039,7885,5083,91,13059
WY,Uinta,56041,1478,7310,53,8841
WY,Washakie,56043,588,3207,26,3821
WY,Weston,56045,375,3026,15,3416
