NAME,DP02_0068PE,DP03_0062E,DP05_0001E,DP05_0076PE,DP05_0082PE,DP05_0083PE,DP05_0085PE,state,county,county subdivision
"Andover town, Capitol Planning Region, Connecticut",46.3,127335,3148,0.6,94.2,0.3,1.8,09,110,01080
"Avon town, Capitol Planning Region, Connecticut",71.4,151481,18856,4.6,73.4,2.1,15.2,09,110,02060
"Berlin town, Capitol Planning Region, Connecticut",43.7,110657,20210,6.2,86.0,0.9,4.7,09,110,04300
"Bloomfield town, Capitol Planning Region, Connecticut",39.1,97436,21547,7.6,29.9,53.8,4.0,09,110,05910
"Bolton town, Capitol Planning Region, Connecticut",48.6,124861,4848,6.6,86.4,1.5,1.4,09,110,06260
"Canton town, Capitol Planning Region, Connecticut",58.9,127941,10108,3.1,88.1,1.2,0.2,09,110,12270
"Columbia town, Capitol Planning Region, Connecticut",33.5,122500,5268,5.5,85.9,2.2,0.0,09,110,16400
"Coventry town, Capitol Planning Region, Connecticut",44.2,104953,12267,4.7,92.0,0.0,1.6,09,110,17800
"East Granby town, Capitol Planning Region, Connecticut",47.1,123005,5214,6.0,76.7,4.1,3.2,09,110,22070
"East Hartford town, Capitol Planning Region, Connecticut",17.6,66943,50798,38.4,31.9,22.7,3.2,09,110,22630
"East Windsor town, Capitol Planning Region, Connecticut",41.8,95264,11157,8.3,73.8,4.6,6.6,09,110,24800
"Ellington town, Capitol Planning Region, Connecticut",48.8,125797,16700,4.3,82.6,2.5,5.5,09,110,25360
"Enfield town, Capitol Planning Region, Connecticut",30.6,91141,41100,10.7,75.6,5.0,2.4,09,110,25990
"Farmington town, Capitol Planning Region, Connecticut",66.2,134237,26685,7.3,69.8,2.7,16.7,09,110,27600
"Glastonbury town, Capitol Planning Region, Connecticut",68.8,150290,35136,8.2,76.4,2.0,9.8,09,110,31240
"Granby town, Capitol Planning Region, Connecticut",56.7,117476,11020,2.7,90.6,0.6,2.1,09,110,32640
"Hartford town, Capitol Planning Region, Connecticut",18.3,45300,119970,44.8,15.9,33.8,2.2,09,110,37070
"Hebron town, Capitol Planning Region, Connecticut",51.4,140700,9109,4.5,90.5,0.9,0.6,09,110,37910
"Manchester town, Capitol Planning Region, Connecticut",39.7,87213,59473,15.9,54.4,14.3,10.7,09,110,44700
"Mansfield town, Capitol Planning Region, Connecticut",57.2,67321,22454,6.7,71.2,5.4,13.3,09,110,44910
"Marlborough town, Capitol Planning Region, Connecticut",49.5,140022,6106,10.9,81.7,2.0,4.8,09,110,45820
"New Britain town, Capitol Planning Region, Connecticut",18.8,57036,73301,42.8,39.8,10.6,2.3,09,110,50440
"Newington town, Capitol Planning Region, Connecticut",40.4,98585,30551,11.6,72.2,4.3,6.9,09,110,52140
"Plainville town, Capitol Planning Region, Connecticut",28.5,81920,17468,11.3,78.3,2.5,2.8,09,110,60120
"Rocky Hill town, Capitol Planning Region, Connecticut",49.1,100061,20724,7.8,69.3,4.7,14.4,09,110,65370
"Simsbury town, Capitol Planning Region, Connecticut",69.5,153715,24747,6.5,82.3,3.2,4.3,09,110,68940
"Somers town, Capitol Planning Region, Connecticut",37.2,115119,10164,5.8,83.4,4.6,0.0,09,110,69220
"Southington town, Capitol Planning Region, Connecticut",43.2,121584,43575,5.0,86.3,1.5,2.8,09,110,70550
"South Windsor town, Capitol Planning Region, Connecticut",59.0,143025,26820,5.9,64.3,4.2,21.0,09,110,71390
"Stafford town, Capitol Planning Region, Connecticut",27.6,97509,11462,6.4,88.4,0.1,0.4,09,110,72090
"Suffield town, Capitol Planning Region, Connecticut",40.2,125352,15636,8.0,81.2,5.8,2.1,09,110,74540
"Tolland town, Capitol Planning Region, Connecticut",56.5,132500,14556,7.7,84.1,0.5,2.3,09,110,76290
"Vernon town, Capitol Planning Region, Connecticut",36.2,80766,30377,12.1,71.4,5.0,6.5,09,110,78250
"West Hartford town, Capitol Planning Region, Connecticut",66.3,125616,63809,11.5,68.6,7.3,7.7,09,110,82590
"Wethersfield town, Capitol Planning Region, Connecticut",54.5,118523,27180,12.6,77.8,2.9,4.9,09,110,84900
"Willington town, Capitol Planning Region, Connecticut",37.9,88370,5563,4.8,82.1,1.0,7.3,09,110,85950
"Windsor town, Capitol Planning Region, Connecticut",43.9,107548,29367,10.1,45.1,33.9,3.8,09,110,87000
"Windsor Locks town, Capitol Planning Region, Connecticut",26.4,90417,12555,9.4,71.7,7.2,6.3,09,110,87070
"County subdivisions not defined, Greater Bridgeport Planning Region, Connecticut",-666666666.0,-666666666,0,-666666666.0,-666666666.0,-666666666.0,-666666666.0,09,120,00000
"Bridgeport town, Greater Bridgeport Planning Region, Connecticut",23.1,56584,148012,44.6,25.6,19.5,5.2,09,120,08070
"Easton town, Greater Bridgeport Planning Region, Connecticut",72.6,189505,7612,3.4,86.1,1.5,3.9,09,120,23890
"Fairfield town, Greater Bridgeport Planning Region, Connecticut",71.4,168391,62508,7.0,84.7,0.8,4.9,09,120,26620
"Monroe town, Greater Bridgeport Planning Region, Connecticut",57.8,156731,18833,6.8,83.4,0.8,6.5,09,120,48620
"Stratford town, Greater Bridgeport Planning Region, Connecticut",37.5,93820,52403,19.1,64.3,11.1,2.2,09,120,74190
"Trumbull town, Greater Bridgeport Planning Region, Connecticut",59.5,163227,36928,8.4,74.6,2.0,9.4,09,120,77200
"County subdivisions not defined, Lower Connecticut River Valley Planning Region, Connecticut",-666666666.0,-666666666,0,-666666666.0,-666666666.0,-666666666.0,-666666666.0,09,130,00000
"Chester town, Lower Connecticut River Valley Planning Region, Connecticut",42.8,94570,3786,6.9,86.3,1.8,0.1,09,130,14300
"Clinton town, Lower Connecticut River Valley Planning Region, Connecticut",44.1,116023,13317,6.1,86.8,0.4,2.4,09,130,15350
"Cromwell town, Lower Connecticut River Valley Planning Region, Connecticut",45.6,104458,14301,8.8,74.5,5.5,6.1,09,130,18080
"Deep River town, Lower Connecticut River Valley Planning Region, Connecticut",43.4,86995,4432,4.5,87.4,2.8,0.6,09,130,19130
"Durham town, Lower Connecticut River Valley Planning Region, Connecticut",47.9,151875,7182,3.2,88.2,0.1,2.0,09,130,20810
"East Haddam town, Lower Connecticut River Valley Planning Region, Connecticut",40.8,105866,8934,3.9,91.4,0.0,0.1,09,130,22280
"East Hampton town, Lower Connecticut River Valley Planning Region, Connecticut",36.6,118775,12834,7.3,86.1,0.6,3.0,09,130,22490
"Essex town, Lower Connecticut River Valley Planning Region, Connecticut",55.8,100767,6766,3.2,88.7,1.7,2.5,09,130,26270
"Haddam town, Lower Connecticut River Valley Planning Region, Connecticut",47.3,115833,8562,5.4,84.9,0.9,5.4,09,130,35230
"Killingworth town, Lower Connecticut River Valley Planning Region, Connecticut",51.7,132739,6219,2.5,87.6,0.0,0.9,09,130,40710
"Lyme town, Lower Connecticut River Valley Planning Region, Connecticut",63.3,139000,2356,1.5,92.7,0.0,0.6,09,130,44210
"Middlefield town, Lower Connecticut River Valley Planning Region, Connecticut",42.7,113750,4236,3.6,86.5,0.6,6.8,09,130,47080
"Middletown town, Lower Connecticut River Valley Planning Region, Connecticut",40.7,73979,47646,11.8,64.7,13.3,5.3,09,130,47360
"Old Lyme town, Lower Connecticut River Valley Planning Region, Connecticut",53.6,126904,7644,4.3,88.0,0.4,3.2,09,130,57040
"Old Saybrook town, Lower Connecticut River Valley Planning Region, Connecticut",56.6,119500,10515,6.8,90.5,0.4,1.1,09,130,57320
"Portland town, Lower Connecticut River Valley Planning Region, Connecticut",49.9,118955,9421,3.8,87.9,1.4,3.8,09,130,61800
"Westbrook town, Lower Connecticut River Valley Planning Region, Connecticut",45.4,76172,6832,13.7,76.5,1.1,1.7,09,130,81680
"Ansonia town, Naugatuck Valley Planning Region, Connecticut",22.7,80585,18951,25.1,50.6,16.5,3.1,09,140,01220
"Beacon Falls town, Naugatuck Valley Planning Region, Connecticut",43.4,95405,6089,8.4,79.8,6.5,0.7,09,140,03250
"Bethlehem town, Naugatuck Valley Planning Region, Connecticut",36.5,106731,3398,5.0,90.8,1.0,0.0,09,140,04930
"Bristol town, Naugatuck Valley Planning Region, Connecticut",30.5,83458,61129,18.6,64.9,6.6,4.6,09,140,08490
"Cheshire town, Naugatuck Valley Planning Region, Connecticut",62.1,150787,28852,6.8,73.4,2.7,9.6,09,140,14160
"Derby town, Naugatuck Valley Planning Region, Connecticut",33.2,76263,12359,20.9,58.9,11.3,1.9,09,140,19550
"Middlebury town, Naugatuck Valley Planning Region, Connecticut",53.4,142750,7736,4.0,82.7,0.5,7.4,09,140,46940
"Naugatuck town, Naugatuck Valley Planning Region, Connecticut",32.4,92184,31634,17.2,60.6,11.3,4.4,09,140,49950
"Oxford town, Naugatuck Valley Planning Region, Connecticut",45.8,125563,12870,11.7,77.0,0.8,5.3,09,140,58300
"Plymouth town, Naugatuck Valley Planning Region, Connecticut",27.6,99797,11715,7.5,85.6,1.1,0.8,09,140,60750
"Prospect town, Naugatuck Valley Planning Region, Connecticut",36.7,125556,9414,4.9,83.8,3.7,1.7,09,140,62290
"Seymour town, Naugatuck Valley Planning Region, Connecticut",34.7,103682,16799,18.6,67.0,7.0,2.2,09,140,67610
"Shelton town, Naugatuck Valley Planning Region, Connecticut",43.5,114739,41402,11.9,69.4,5.8,8.6,09,140,68170
"Southbury town, Naugatuck Valley Planning Region, Connecticut",51.5,112434,19973,8.8,83.4,1.9,3.2,09,140,69640
"Thomaston town, Naugatuck Valley Planning Region, Connecticut",36.0,104074,7476,8.8,79.5,2.0,2.0,09,140,75730
"Waterbury town, Naugatuck Valley Planning Region, Connecticut",17.0,51642,114356,37.5,30.5,23.7,2.5,09,140,80070
"Watertown town, Naugatuck Valley Planning Region, Connecticut",37.2,97664,22171,11.2,80.1,1.8,3.3,09,140,80490
"Wolcott town, Naugatuck Valley Planning Region, Connecticut",36.6,114406,16192,4.0,83.9,4.2,0.9,09,140,87560
"Woodbury town, Naugatuck Valley Planning Region, Connecticut",50.3,129427,9787,3.9,87.1,2.1,2.6,09,140,87910
"Ashford town, Northeastern Connecticut Planning Region, Connecticut",39.9,129219,4220,4.5,88.4,0.0,2.4,09,150,01430
"Brooklyn town, Northeastern Connecticut Planning Region, Connecticut",21.5,90575,8456,4.9,87.9,0.8,2.0,09,150,09190
"Canterbury town, Northeastern Connecticut Planning Region, Connecticut",25.9,99487,5082,3.8,88.2,3.7,0.0,09,150,12130
"Chaplin town, Northeastern Connecticut Planning Region, Connecticut",23.4,96582,2168,4.4,87.5,0.6,1.4,09,150,13810
"Eastford town, Northeastern Connecticut Planning Region, Connecticut",43.2,108500,1616,2.4,94.8,0.2,0.4,09,150,21860
"Hampton town, Northeastern Connecticut Planning Region, Connecticut",33.0,112344,1628,5.3,90.4,0.1,0.0,09,150,36000
"Killingly town, Northeastern Connecticut Planning Region, Connecticut",24.1,81881,17785,4.8,87.3,2.1,1.2,09,150,40500
"Plainfield town, Northeastern Connecticut Planning Region, Connecticut",14.4,75631,15079,5.9,84.3,3.8,2.5,09,150,59980
"Pomfret town, Northeastern Connecticut Planning Region, Connecticut",46.9,105642,4294,4.1,89.0,0.3,3.6,09,150,61030
"Putnam town, Northeastern Connecticut Planning Region, Connecticut",20.9,67416,9256,6.9,83.6,2.4,1.3,09,150,62710
"Scotland town, Northeastern Connecticut Planning Region, Connecticut",29.1,94946,1524,6.0,78.8,0.1,0.0,09,150,67400
"Sterling town, Northeastern Connecticut Planning Region, Connecticut",14.0,89167,3601,5.8,81.3,4.1,3.0,09,150,73420
"Thompson town, Northeastern Connecticut Planning Region, Connecticut",24.5,88421,9275,5.4,88.5,0.0,0.1,09,150,75870
"Union town, Northeastern Connecticut Planning Region, Connecticut",26.7,89375,991,5.2,92.0,0.0,0.4,09,150,77830
"Voluntown town, Northeastern Connecticut Planning Region, Connecticut",25.3,92438,2587,2.2,85.4,0.0,0.0,09,150,78600
"Woodstock town, Northeastern Connecticut Planning Region, Connecticut",47.1,104487,8267,4.3,93.7,0.2,0.0,09,150,88190
"Barkhamsted town, Northwest Hills Planning Region, Connecticut",52.3,119255,3652,6.9,92.0,0.0,0.6,09,160,02760
"Burlington town, Northwest Hills Planning Region, Connecticut",52.5,158357,9613,4.4,86.8,0.5,2.1,09,160,10100
"Canaan town, Northwest Hills Planning Region, Connecticut",52.2,87000,1140,4.1,91.1,1.0,1.0,09,160,10940
"Colebrook town, Northwest Hills Planning Region, Connecticut",38.9,114904,1463,1.6,91.0,1.6,2.1,09,160,16050
"Cornwall town, Northwest Hills Planning Region, Connecticut",55.1,101339,1438,2.9,86.2,0.6,6.3,09,160,17240
"Goshen town, Northwest Hills Planning Region, Connecticut",54.6,161354,3181,6.0,86.1,0.0,4.0,09,160,32290
"Hartland town, Northwest Hills Planning Region, Connecticut",37.3,117109,1881,2.9,94.3,0.2,0.0,09,160,37140
"Harwinton town, Northwest Hills Planning Region, Connecticut",38.4,107440,5529,6.0,91.7,0.0,0.6,09,160,37280
"Kent town, Northwest Hills Planning Region, Connecticut",54.1,101023,3041,4.3,88.8,0.0,2.1,09,160,40290
"Litchfield town, Northwest Hills Planning Region, Connecticut",46.5,106912,8249,3.8,86.3,1.0,3.4,09,160,43370
"Morris town, Northwest Hills Planning Region, Connecticut",41.8,111000,2100,1.4,95.1,1.5,0.0,09,160,49460
"New Hartford town, Northwest Hills Planning Region, Connecticut",47.1,116618,6684,2.4,93.9,0.0,1.3,09,160,51350
"Norfolk town, Northwest Hills Planning Region, Connecticut",45.7,85859,1732,8.7,83.5,0.9,1.3,09,160,53470
"North Canaan town, Northwest Hills Planning Region, Connecticut",25.1,68295,3200,13.2,80.9,0.0,0.0,09,160,54030
"Roxbury town, Northwest Hills Planning Region, Connecticut",66.3,120250,2184,4.9,84.4,6.8,2.7,09,160,65930
"Salisbury town, Northwest Hills Planning Region, Connecticut",55.4,99382,4206,4.9,84.7,3.6,1.4,09,160,66420
"Sharon town, Northwest Hills Planning Region, Connecticut",58.6,106951,2710,1.2,81.1,0.1,5.1,09,160,67960
"Torrington town, Northwest Hills Planning Region, Connecticut",24.5,69611,35481,13.6,72.6,5.8,3.0,09,160,76570
"Warren town, Northwest Hills Planning Region, Connecticut",51.2,119167,1474,13.9,73.2,2.4,7.5,09,160,79510
"Washington town, Northwest Hills Planning Region, Connecticut",57.2,89135,3648,16.7,79.8,0.4,1.9,09,160,79720
"Winchester town, Northwest Hills Planning Region, Connecticut",28.2,68890,10242,8.5,87.1,1.8,0.0,09,160,86440
"County subdivisions not defined, South Central Connecticut Planning Region, Connecticut",-666666666.0,-666666666,0,-666666666.0,-666666666.0,-666666666.0,-666666666.0,09,170,00000
"Bethany town, South Central Connecticut Planning Region, Connecticut",58.9,153879,5280,1.7,90.4,3.6,1.8,09,170,04580
"Branford town, South Central Connecticut Planning Region, Connecticut",49.5,97223,28090,5.4,84.5,3.1,4.4,09,170,07310
"East Haven town, South Central Connecticut Planning Region, Connecticut",25.0,86498,27729,19.3,73.1,3.8,2.1,09,170,22910
"Guilford town, South Central Connecticut Planning Region, Connecticut",57.6,130036,22037,4.4,86.6,1.6,2.8,09,170,34950
"Hamden town, South Central Connecticut Planning Region, Connecticut",46.6,92176,60297,13.3,54.8,23.5,3.9,09,170,35650
"Madison town, South Central Connecticut Planning Region, Connecticut",71.8,168341,17577,3.0,87.7,0.9,3.9,09,170,44560
"Meriden town, South Central Connecticut Planning Region, Connecticut",22.2,68617,60418,37.7,49.2,7.4,2.4,09,170,46520
"Milford town, South Central Connecticut Planning Region, Connecticut",48.8,109580,52340,8.9,80.3,2.6,4.7,09,170,47535
"New Haven town, South Central Connecticut Planning Region, Connecticut",37.7,53771,132893,31.2,29.3,29.0,5.1,09,170,52070
"North Branford town, South Central Connecticut Planning Region, Connecticut",35.5,113687,13487,4.3,89.7,0.5,2.7,09,170,53890
"North Haven town, South Central Connecticut Planning Region, Connecticut",47.4,126807,24177,7.2,79.0,3.7,7.1,09,170,54870
"Orange town, South Central Connecticut Planning Region, Connecticut",59.1,145625,14251,3.6,80.3,4.4,9.1,09,170,57600
"Wallingford town, South Central Connecticut Planning Region, Connecticut",39.0,101572,44039,11.0,80.0,2.1,3.5,09,170,78740
"West Haven town, South Central Connecticut Planning Region, Connecticut",29.0,73566,55147,26.5,46.7,18.2,4.7,09,170,82870
"Woodbridge town, South Central Connecticut Planning Region, Connecticut",73.5,201926,9041,6.0,76.6,2.9,10.0,09,170,87700
"County subdivisions not defined, Southeastern Connecticut Planning Region, Connecticut",-666666666.0,-666666666,0,-666666666.0,-666666666.0,-666666666.0,-666666666.0,09,180,00000
"Bozrah town, Southeastern Connecticut Planning Region, Connecticut",32.7,110250,2373,4.2,92.0,0.1,0.5,09,180,06820
"Colchester town, Southeastern Connecticut Planning Region, Connecticut",46.5,118839,15505,5.0,89.4,2.2,0.7,09,180,15910
"East Lyme town, Southeastern Connecticut Planning Region, Connecticut",50.3,107667,18638,5.9,80.6,1.8,6.6,09,180,23400
"Franklin town, Southeastern Connecticut Planning Region, Connecticut",28.9,100179,1925,4.6,78.2,5.6,0.2,09,180,29910
"Griswold town, Southeastern Connecticut Planning Region, Connecticut",17.9,80694,11484,5.2,87.1,0.2,0.6,09,180,33900
"Groton town, Southeastern Connecticut Planning Region, Connecticut",42.2,83547,38086,12.2,70.3,4.8,6.3,09,180,34250
"Lebanon town, Southeastern Connecticut Planning Region, Connecticut",37.4,106594,7137,4.7,92.1,0.0,0.0,09,180,42390
"Ledyard town, Southeastern Connecticut Planning Region, Connecticut",39.7,107774,15394,8.9,77.5,3.0,2.9,09,180,42600
"Lisbon town, Southeastern Connecticut Planning Region, Connecticut",21.2,94302,4213,1.4,94.0,0.0,0.2,09,180,43230
"Montville town, Southeastern Connecticut Planning Region, Connecticut",24.9,87752,18006,8.4,74.6,5.0,4.9,09,180,48900
"New London town, Southeastern Connecticut Planning Region, Connecticut",28.9,60123,27199,34.4,44.8,13.5,2.3,09,180,52350
"North Stonington town, Southeastern Connecticut Planning Region, Connecticut",40.9,115069,5154,9.8,86.4,0.0,2.0,09,180,55500
"Norwich town, Southeastern Connecticut Planning Region, Connecticut",22.6,64185,39992,21.4,55.9,10.1,6.4,09,180,56270
"Preston town, Southeastern Connecticut Planning Region, Connecticut",27.4,109375,4812,3.2,92.9,1.1,1.2,09,180,62150
"Salem town, Southeastern Connecticut Planning Region, Connecticut",52.6,118378,4247,4.1,88.6,1.3,1.2,09,180,66210
"Sprague town, Southeastern Connecticut Planning Region, Connecticut",21.0,89838,2945,9.9,78.3,4.1,3.2,09,180,71670
"Stonington town, Southeastern Connecticut Planning Region, Connecticut",51.7,108922,18381,3.1,85.4,2.2,1.8,09,180,73770
"Waterford town, Southeastern Connecticut Planning Region, Connecticut",39.5,109485,19629,5.8,82.9,2.5,4.7,09,180,80280
"Windham town, Southeastern Connecticut Planning Region, Connecticut",21.0,55034,23905,40.2,51.2,4.4,1.5,09,180,86790
"County subdivisions not defined, Western Connecticut Planning Region, Connecticut",-666666666.0,-666666666,0,-666666666.0,-666666666.0,-666666666.0,-666666666.0,09,190,00000
"Bethel town, Western Connecticut Planning Region, Connecticut",44.6,115135,20498,13.9,64.9,6.5,5.6,09,190,04720
"Bridgewater town, Western Connecticut Planning Region, Connecticut",58.8,156682,1670,2.2,92.8,1.8,0.5,09,190,08210
"Brookfield town, Western Connecticut Planning Region, Connecticut",54.2,142432,17490,8.8,79.5,3.6,3.2,09,190,08980
"Danbury town, Western Connecticut Planning Region, Connecticut",34.5,83422,86086,31.1,43.8,11.2,4.8,09,190,18500
"Darien town, Western Connecticut Planning Region, Connecticut",85.6,250001,21683,5.4,82.8,0.4,6.8,09,190,18850
"Greenwich town, Western Connecticut Planning Region, Connecticut",72.4,198458,63505,13.5,69.7,3.3,7.1,09,190,33620
"New Canaan town, Western Connecticut Planning Region, Connecticut",82.8,250001,20704,4.7,83.0,1.7,5.9,09,190,50580
"New Fairfield town, Western Connecticut Planning Region, Connecticut",45.4,143864,13558,13.3,74.7,4.0,1.9,09,190,50860
"New Milford town, Western Connecticut Planning Region, Connecticut",40.5,103630,28161,11.8,77.5,3.7,3.6,09,190,52630
"Newtown town, Western Connecticut Planning Region, Connecticut",55.9,148067,27384,10.4,80.9,2.3,2.2,09,190,52980
"Norwalk town, Western Connecticut Planning Region, Connecticut",44.6,105301,91375,31.4,42.7,17.5,4.7,09,190,56060
"Redding town, Western Connecticut Planning Region, Connecticut",72.5,176719,8756,9.0,81.3,0.7,3.5,09,190,63480
"Ridgefield town, Western Connecticut Planning Region, Connecticut",71.8,168810,24992,6.1,82.8,2.2,4.1,09,190,63970
"Sherman town, Western Connecticut Planning Region, Connecticut",62.2,107375,3508,6.7,84.8,0.7,0.9,09,190,68310
"Stamford town, Western Connecticut Planning Region, Connecticut",51.7,107474,135806,28.1,42.5,19.3,7.0,09,190,73070
"Weston town, Western Connecticut Planning Region, Connecticut",80.7,250001,10335,8.9,78.4,2.7,5.1,09,190,83430
"Westport town, Western Connecticut Planning Region, Connecticut",77.7,250001,27282,9.0,79.2,2.2,4.9,09,190,83500
"Wilton town, Western Connecticut Planning Region, Connecticut",73.9,227165,18439,6.3,74.9,3.8,6.1,09,190,86370
