district_id,code,state,state_name,pres16_total,pres16_dem,pres16_rep,pres20_total,pres20_dem,pres20_rep,pres24_total,pres24_dem,pres24_rep,margin_2016,margin_2020,margin_2024
201,AK-01,AK,Alaska,318608,116454,163387,357569,153778,189951,337780,139695,184410,-16.77130942,-10.52369745,-13.79645485
101,AL-01,AL,Alabama,297479,97477,190125,324766,111504,209022,328069,103121,220876,-32.21396235,-30.42436495,-36.34447233
102,AL-02,AL,Alabama,294563,127407,159319,310336,139947,166756,293174,123962,165887,-11.12978942,-8.741029595,-14.46442803
103,AL-03,AL,Alabama,289677,79538,200498,322821,93356,225352,316410,82862,230048,-43.19444643,-41.41596697,-47.0378064
104,AL-04,AL,Alabama,297488,51956,236405,326492,60120,262489,323861,52911,267661,-63.9646138,-62.72887613,-66.98963103
105,AL-05,AL,Alabama,298086,92178,189897,346248,122869,216421,353600,122382,224861,-34.64291412,-27.57287276,-29.51218599
106,AL-06,AL,Alabama,320579,88483,217406,356423,116892,233531,349473,112016,231535,-42.14698796,-33.28520103,-34.78930348
107,AL-07,AL,Alabama,325952,192568,124979,336196,204936,127599,300503,175158,121748,21.28472321,23.25680004,17.98885843
501,AR-01,AR,Arkansas,274701,82710,178526,286792,80516,197832,279751,73540,200849,-36.67794638,-42.14724015,-46.39726811
502,AR-02,AR,Arkansas,306119,120843,166843,333041,140254,183964,322108,131691,182666,-15.98965539,-13.48166974,-16.21564018
503,AR-03,AR,Arkansas,259373,82476,156678,300274,110479,180794,316568,114236,193730,-31.02686972,-24.14058289,-25.8125897
504,AR-04,AR,Arkansas,290299,94416,182697,298962,92683,198057,280797,81677,193950,-31.85740113,-36.24337896,-40.73367268
401,AZ-01,AZ,Arizona,371758,165645,181468,462714,231828,225000,450734,216232,230237,-4.558457909,1.494654443,-3.136835928
402,AZ-02,AZ,Arizona,317058,130295,162484,405642,183709,215674,416477,174969,237306,-10.99429945,-8.003595546,-15.12024741
403,AZ-03,AZ,Arizona,170143,121424,36498,229528,171012,54815,213222,147522,62762,53.77718114,51.45398912,40.30739381
404,AZ-04,AZ,Arizona,292378,136013,128842,371378,201148,162949,347506,182893,159723,2.707519209,10.49143497,6.76267308
405,AZ-05,AZ,Arizona,293915,103832,166365,417448,171318,239637,445025,175673,264571,-23.1434842,-16.62444793,-20.19289303
406,AZ-06,AZ,Arizona,354405,155070,173737,436083,214892,214586,440175,216024,219323,-5.677190571,0.07124928401,-0.7577863176
407,AZ-07,AZ,Arizona,236125,149723,70427,296842,194849,97589,281685,170352,108028,36.0190779,33.25833168,22.38810259
408,AZ-08,AZ,Arizona,313776,116708,176019,402270,171106,225569,392023,162183,226186,-20.26154062,-13.72987962,-16.47994562
409,AZ-09,AZ,Arizona,255099,82457,156561,363389,132281,225867,402472,137012,262106,-31.00352275,-26.13053821,-31.34261046
601,CA-01,CA,California,321841,170598,126522,369547,212964,147017,341644,186164,144424,14.83441034,18.31957798,12.62598763
602,CA-02,CA,California,360469,211519,123116,417404,263170,144491,389315,236524,140558,26.41773873,29.11217899,25.44963695
603,CA-03,CA,California,312846,158917,130674,390775,217623,163088,366634,195637,158302,9.752720216,14.32451387,10.54842784
604,CA-04,CA,California,294872,167192,107953,361299,214496,138292,343934,191758,141847,21.53010231,21.60050795,14.9611067
605,CA-05,CA,California,307542,117813,171874,383759,159852,215543,362461,139201,214114,-18.66186608,-14.83530681,-21.2028926
606,CA-06,CA,California,267285,138060,110749,357325,196529,151560,336344,176808,148595,10.97669297,12.91882249,8.670172064
607,CA-07,CA,California,292191,164796,109416,375056,220144,146476,346907,190078,145585,20.19605269,20.09383012,13.25525899
608,CA-08,CA,California,276809,191499,69772,343801,241492,94851,312348,204494,98040,46.59032193,43.59864781,35.18745001
609,CA-09,CA,California,223768,135705,76029,295299,183175,105771,268485,145369,114692,28.18442007,26.78839645,11.79607861
610,CA-10,CA,California,332881,215821,96748,413477,282092,122486,377829,246078,119171,38.09494864,39.44999481,34.74533811
611,CA-11,CA,California,363048,312188,32219,393710,339716,46188,361181,295462,50870,81.29015961,76.0624404,70.62356352
612,CA-12,CA,California,326129,285851,21158,367980,328667,31678,318372,269134,33869,86.21669072,82.41796057,77.64444576
613,CA-13,CA,California,172949,99641,63356,223212,128684,89225,207956,101626,100599,22.26114591,18.10801757,0.5078501669
614,CA-14,CA,California,261784,185055,61360,327119,234592,85794,285585,186755,87473,50.19783698,46.44335271,36.20418046
615,CA-15,CA,California,288196,222846,51514,351206,272983,71576,305556,220581,74238,62.4478787,58.45355948,49.63825262
616,CA-16,CA,California,323947,241413,63325,378287,284912,85226,340107,245843,82146,58.43970886,53.94906765,49.90929574
617,CA-17,CA,California,244152,181413,48738,303008,221507,75429,264237,177855,74877,57.64693614,49.19511275,40.74592849
618,CA-18,CA,California,209851,148302,49331,267322,187853,73682,237448,148784,81233,50.0781752,43.65419542,29.36782933
619,CA-19,CA,California,343793,228213,92930,412422,283131,119846,376406,246335,116873,42.12547058,40.51968226,35.64403868
620,CA-20,CA,California,254783,79369,161348,330665,118319,204971,315433,103304,204989,-34.05617385,-26.80317981,-32.98323348
621,CA-21,CA,California,178879,103959,65153,230879,137371,88586,201804,104262,92148,22.94692275,21.59039109,6.167710402
622,CA-22,CA,California,148327,85332,54863,189956,108930,76598,171160,81761,84855,21.73330005,17.4270191,-1.856964517
623,CA-23,CA,California,239572,93385,132767,301409,128992,165463,276563,107871,161464,-17.41395168,-12.38593333,-19.89826796
624,CA-24,CA,California,324394,191795,110312,378599,239698,129955,351365,214059,126370,26.97156968,29.68811291,25.75838134
625,CA-25,CA,California,217741,122676,85098,283332,162219,115733,270081,139917,124154,18.08599729,16.72447041,5.969227973
626,CA-26,CA,California,309914,177503,114648,377422,227110,142642,343374,193089,140597,21.51455925,22.84450118,15.73095665
627,CA-27,CA,California,257839,145107,97256,329919,193710,128922,296071,157992,129114,19.74352521,20.08108309,10.05830599
628,CA-28,CA,California,288234,184398,87774,368031,240596,120216,326776,199321,116646,35.5010802,33.36363536,26.16570718
629,CA-29,CA,California,217818,167798,38126,278708,205835,66753,239025,156032,75625,62.97080476,51.02278897,34.70950586
630,CA-30,CA,California,309258,225759,66999,382071,273452,101697,341501,233206,96623,54.22909024,45.78314216,41.41024592
631,CA-31,CA,California,256037,157364,83888,330596,203333,120410,291926,159433,123733,30.45612057,25.61383567,12.60744581
632,CA-32,CA,California,322638,212185,93210,396309,261121,127773,359671,219580,129616,38.95774325,34.28903506,25.76318171
633,CA-33,CA,California,209314,130175,67605,275681,170325,99061,248383,132778,108364,31.63616139,26.45423296,10.12432509
634,CA-34,CA,California,198317,166571,20440,253311,205047,42312,214522,156727,48089,78.1403233,65.78899494,53.04175455
635,CA-35,CA,California,214097,131214,71126,290094,176058,107853,260394,136333,116142,29.69655036,24.02337352,7.997227448
636,CA-36,CA,California,358360,248098,88950,421859,299632,113497,385607,261900,111111,47.21820038,45.05493442,40.42481321
637,CA-37,CA,California,231849,204880,16919,279706,239694,34727,235123,184949,42949,84.74384465,74.69071245,62.30857664
638,CA-38,CA,California,239041,154188,72172,305247,192239,106965,261693,142692,110315,36.23254992,28.50028743,12.79687914
639,CA-39,CA,California,206876,126878,67779,266320,164929,95580,235122,125176,102730,30.36058297,26.62057741,9.848797311
640,CA-40,CA,California,301368,121928,163266,397465,179744,210083,381054,161580,208158,-14.49469484,-7.782683088,-12.59756909
641,CA-41,CA,California,277244,170270,90662,348655,215396,125512,310791,172644,128621,30.50909816,26.3660577,14.61271638
642,CA-42,CA,California,313401,173517,119343,388327,227988,151313,349656,192310,146354,18.49825855,20.2148162,13.56979189
643,CA-43,CA,California,220096,185173,25041,270712,218705,46038,223391,162810,53414,76.17570666,65.22061018,50.59382862
644,CA-44,CA,California,210652,167919,32208,261940,197434,58412,219761,145044,67751,67.8124391,54.33815655,36.32275194
645,CA-45,CA,California,254163,147086,93147,336493,182099,148046,300328,151753,139878,22.45278542,10.31455875,4.07192651
646,CA-46,CA,California,203064,130126,60820,260764,164307,90684,227530,128596,91799,36.29612561,28.87278375,16.6959323
647,CA-47,CA,California,295756,155989,122746,383910,219008,157105,357754,190234,154166,11.92638169,16.45861749,10.47270616
648,CA-48,CA,California,261942,122931,123869,341175,179202,154412,328054,165384,154132,-0.3800648298,7.430743314,3.521576384
649,CA-49,CA,California,322115,166708,136094,406458,229526,167891,388330,211925,164898,10.11023705,15.50889871,12.47986455
650,CA-50,CA,California,327981,177367,129599,404074,239765,154464,371751,214074,146224,15.56133253,21.63742393,18.83163381
651,CA-51,CA,California,318830,180744,118963,388146,233972,145350,355638,205084,140213,20.61379948,23.36326393,18.78701524
652,CA-52,CA,California,244110,166832,64326,306819,201155,99185,272681,156736,108793,44.34456086,33.95152161,18.05565494
801,CO-01,CO,Colorado,334973,246634,63455,397329,315919,72380,366354,280662,75479,59.07304032,62.71945073,57.61285558
802,CO-02,CO,Colorado,399225,242986,121475,446101,306343,128381,431937,295692,123973,33.3399184,40.93677828,40.91811326
803,CO-03,CO,Colorado,357266,139358,189660,412129,184177,218192,406766,178501,218065,-15.28852525,-8.453683062,-9.976649536
804,CO-04,CO,Colorado,365046,117337,217525,442213,174566,256598,461578,182901,267114,-29.91919059,-19.02570716,-18.71337622
805,CO-05,CO,Colorado,314303,107229,175679,373442,160890,198634,375473,165522,199615,-24.19514471,-10.49832556,-9.337043356
806,CO-06,CO,Colorado,332723,173994,130081,383801,232523,141218,360369,210533,139305,14.44150292,24.43001972,20.36028104
807,CO-07,CO,Colorado,394772,185568,173918,459883,256137,190958,445768,249924,183164,3.240738165,14.57833346,15.41488104
808,CO-08,CO,Colorado,281939,125764,130691,342082,173797,158246,344500,164426,170726,-1.921194752,4.683429556,-1.879744116
901,CT-01,CT,Connecticut,327259,194466,118324,359968,227813,126734,343970,208405,129726,24.34284984,28.50933727,23.26879227
902,CT-02,CT,Connecticut,353384,172514,160603,391663,214323,169390,388589,205994,175984,3.575620578,11.71005413,7.856473409
903,CT-03,CT,Connecticut,326342,179608,134228,359611,212970,142041,342043,191715,143619,14.45978154,19.97938092,14.34271502
904,CT-04,CT,Connecticut,316448,190493,113120,355029,230421,119649,338461,206080,127034,25.48408665,31.64281429,23.72941395
905,CT-05,CT,Connecticut,321222,160336,146834,357356,195183,156794,345708,179741,160435,4.395611551,10.90667856,5.675297493
1001,DE-01,DE,Delaware,441052,235154,185062,504010,296268,200603,510775,288933,214262,11.92053611,19.25348833,14.83937638
1201,FL-01,FL,Florida,367242,103970,243249,423264,139203,275564,422612,130047,286312,-40.11272425,-32.87653068,-37.53131312
1202,FL-02,FL,Florida,381032,159976,204914,411700,180593,225707,413134,166349,241011,-12.31549234,-11.10361802,-18.32826002
1203,FL-03,FL,Florida,348275,141371,192669,393522,166674,222024,400758,155705,239803,-15.35684349,-14.23984687,-21.26328671
1204,FL-04,FL,Florida,347759,149004,185561,400821,184068,210863,398747,173074,220114,-10.92672575,-6.784729484,-11.96374254
1205,FL-05,FL,Florida,358884,131386,209914,427864,176973,244305,439074,169106,262791,-23.00849692,-15.98279521,-21.69151441
1206,FL-06,FL,Florida,365067,133086,218572,427616,161022,262093,442572,152600,285318,-24.30941426,-23.88735923,-30.30658708
1207,FL-07,FL,Florida,374512,163729,192372,433846,202046,226041,428617,184389,237638,-8.043504511,-5.605169043,-12.61743917
1208,FL-08,FL,Florida,383313,156158,206745,434539,190788,237424,432353,177979,247784,-13.93953756,-10.89086714,-16.39527155
1209,FL-09,FL,Florida,305876,144139,150585,373055,171889,197172,375543,152205,218724,-2.187131011,-6.850629029,-17.93308153
1210,FL-10,FL,Florida,299763,193520,91818,335396,220525,110247,299915,183316,111659,35.64264136,33.33958134,24.29256717
1211,FL-11,FL,Florida,337842,142011,183528,423819,189517,230117,450673,187138,257579,-12.75331066,-9.675097823,-15.83951142
1212,FL-12,FL,Florida,337176,153722,168020,398692,185004,208306,384441,159992,218925,-4.443933338,-5.924588747,-15.55301029
1213,FL-13,FL,Florida,389140,166993,202454,438499,199274,233340,409293,174633,228934,-9.59839977,-7.874456213,-13.45526269
1214,FL-14,FL,Florida,324372,145385,162884,395901,189458,200699,389451,171478,212233,-5.676535753,-2.881147846,-10.62127487
1215,FL-15,FL,Florida,334307,143745,176208,394126,173755,215554,400234,157393,236555,-10.14617772,-10.73671557,-20.09453024
1216,FL-16,FL,Florida,362284,163344,183465,427170,199416,222824,433163,184339,243417,-5.80175255,-5.543766578,-13.81114467
1217,FL-17,FL,Florida,374268,152684,207803,443876,189104,250655,453507,174415,274186,-15.29014916,-13.99652992,-22.2404765
1218,FL-18,FL,Florida,303199,131343,159066,365753,162062,199004,372105,152345,215216,-9.54619175,-10.23137044,-17.10491592
1219,FL-19,FL,Florida,361337,132367,217409,427434,165037,259154,424197,145965,273568,-24.31327478,-22.18741086,-30.41548579
1220,FL-20,FL,Florida,318861,237566,73584,359683,265212,91710,325400,221083,100489,52.70191226,48.61062081,37.50139938
1221,FL-21,FL,Florida,374757,162763,199110,441689,199523,238441,451872,186840,259933,-10.0441315,-8.886118494,-16.36020977
1222,FL-22,FL,Florida,324737,168161,146477,388260,198114,186929,388170,171280,211914,6.891729543,2.904870365,-10.60402825
1223,FL-23,FL,Florida,311337,198452,104281,360417,226632,130749,339960,191314,144504,31.10694903,26.82935019,13.93909796
1224,FL-24,FL,Florida,283529,237143,40004,316184,246096,67594,278540,191452,83867,71.13156556,56.90394976,39.07648945
1225,FL-25,FL,Florida,346258,188436,148040,400621,209005,188734,379038,169978,204494,12.0056111,5.096558296,-9.217244547
1226,FL-26,FL,Florida,290150,169889,112089,345108,169398,173413,327045,131900,191796,20.49805304,-1.171199291,-18.50378133
1227,FL-27,FL,Florida,307874,175715,121689,358962,177712,178550,338423,142685,191851,18.16586193,-0.235220147,-14.69677404
1228,FL-28,FL,Florida,284266,158917,115376,343052,158945,181518,336629,124038,209511,15.87390127,-6.630089026,-25.62532042
1301,GA-01,GA,Georgia,274027,110607,155973,338540,144348,189659,363903,152157,209766,-17.01778078,-13.56588335,-15.91747416
1302,GA-02,GA,Georgia,280721,150531,124987,317651,173868,140913,316657,169767,145620,9.271263584,10.46918334,7.656307965
1303,GA-03,GA,Georgia,317474,97676,210579,385087,132203,248167,418466,145846,270151,-36.6264943,-30.48715724,-29.8812251
1304,GA-04,GA,Georgia,264373,201353,55295,317434,248553,65339,309227,234107,71829,56.90985318,58.36848343,53.04312013
1305,GA-05,GA,Georgia,292351,245682,36974,347624,298153,45247,352020,300220,48212,73.8381637,73.64764123,72.32630757
1306,GA-06,GA,Georgia,299005,208026,81373,367502,272522,90694,375844,280228,92564,43.7641457,50.06057002,50.34013605
1307,GA-07,GA,Georgia,317129,103939,199602,407587,161754,239986,432225,166107,261295,-31.51567663,-19.47329118,-22.2713043
1308,GA-08,GA,Georgia,279771,93873,179794,330378,117855,209131,345695,119189,225077,-31.39618588,-27.91434496,-30.75761185
1309,GA-09,GA,Georgia,283542,79279,194713,365652,121435,239400,401625,130883,267731,-42.13042717,-32.69222775,-34.33095677
1310,GA-10,GA,Georgia,301949,105431,187360,376507,145845,225968,413992,162653,248788,-27.98207595,-21.54927343,-20.93495787
1311,GA-11,GA,Georgia,316537,101813,200830,390391,149122,234735,420715,159375,257408,-32.71742614,-22.30335776,-23.52135284
1312,GA-12,GA,Georgia,287771,121481,159486,340904,151132,185716,348841,148916,198212,-13.52649955,-10.26694533,-14.20110161
1313,GA-13,GA,Georgia,290158,183801,98554,356715,248790,104145,364772,257798,103643,30.19142569,40.98346721,42.6501144
1314,GA-14,GA,Georgia,287565,74471,203584,356510,108927,242737,386084,120771,262821,-46.43433853,-38.0505255,-37.0315335
1501,HI-01,HI,Hawaii,208431,131565,63534,279671,178661,96350,248838,153038,91497,34.86998908,29.93007552,25.16654058
1502,HI-02,HI,Hawaii,220506,135326,65313,294798,187469,100514,267863,160006,102164,34.89501044,30.19449065,22.06278369
1901,IA-01,IA,Iowa,396628,177850,189883,428058,203400,215742,424688,190502,226309,-3.272211088,-2.944586799,-8.59070418
1902,IA-02,IA,Iowa,408684,180282,198955,434421,203246,222312,421282,186017,227941,-4.923833909,-4.480235362,-10.12759749
1903,IA-03,IA,Iowa,370226,165874,177109,421197,205591,207043,424026,199043,217645,-3.275672555,-0.3518856905,-4.46425143
1904,IA-04,IA,Iowa,390493,129663,235036,407195,146824,252575,393510,131716,255124,-28.89314202,-26.47753249,-31.90156137
1601,ID-01,ID,Idaho,344543,86263,221000,447601,132143,302954,482396,126546,343895,-43.8507077,-39.25814244,-46.20111767
1602,ID-02,ID,Idaho,345881,103499,188058,419680,154878,251165,422665,148413,261355,-29.00256211,-23.71349832,-27.56242557
1701,IL-01,IL,Illinois,359512,258515,86153,369706,260608,103962,329810,213695,109427,50.00812376,42.96733138,32.26892629
1702,IL-02,IL,Illinois,330104,228009,88360,334633,231875,98019,299486,196546,97680,44.14117692,40.57545757,33.602061
1703,IL-03,IL,Illinois,267054,184409,65684,297753,207606,84237,268964,171937,88946,47.47234029,42.27238618,31.81157837
1704,IL-04,IL,Illinois,227807,164935,49530,242648,175347,62773,213559,134061,74126,53.81064509,47.27616328,28.78902141
1705,IL-05,IL,Illinois,360070,235988,98390,402055,277279,117413,377272,253925,115297,41.15043454,40.50398792,37.54597505
1706,IL-06,IL,Illinois,356452,180640,151235,396781,216291,173135,375294,190515,170076,8.860263653,11.08195138,5.668194714
1707,IL-07,IL,Illinois,317580,272562,31019,321152,274990,41089,279610,227681,46425,79.56459726,74.0008036,66.12624313
1708,IL-08,IL,Illinois,290368,158507,113058,333617,189421,138008,311069,162605,141292,16.7359564,15.70203006,7.013231457
1709,IL-09,IL,Illinois,342357,233480,88297,380325,265636,108344,351559,234667,107823,45.1191353,42.05893363,37.03582586
1710,IL-10,IL,Illinois,322655,186067,112732,355626,220431,128452,333562,199021,126349,24.54325483,26.36385264,22.33518763
1711,IL-11,IL,Illinois,332333,171819,136492,380397,215293,157092,365895,198881,157533,11.45823535,15.62925467,11.60111556
1712,IL-12,IL,Illinois,366997,95310,251552,383343,106247,270231,374175,102485,264356,-45.04442689,-43.55739246,-44.12565662
1713,IL-13,IL,Illinois,348727,176530,147579,358871,195381,155133,336281,180960,146195,8.932488761,11.4825656,10.62646146
1714,IL-14,IL,Illinois,310095,157151,130645,349032,191041,151038,338702,173956,156555,9.209995969,11.69408236,5.26487772
1715,IL-15,IL,Illinois,370924,102580,244940,395364,117022,270205,382709,111340,262935,-40.9645488,-39.5589667,-40.50364037
1716,IL-16,IL,Illinois,367027,125721,213029,400455,152607,238749,392642,147464,235918,-25.77357934,-22.01116119,-23.07202738
1717,IL-17,IL,Illinois,319863,158506,137320,331680,174840,149011,319035,163124,148146,7.161642317,7.975581363,4.811899637
1801,IN-01,IN,Indiana,313114,165956,128967,340696,181830,153362,327083,161625,160330,12.54191772,8.493042793,0.4022301253
1802,IN-02,IN,Indiana,290652,99794,172718,311444,117691,187982,299606,107779,187184,-26.7599225,-22.99548864,-26.9203256
1803,IN-03,IN,Indiana,293561,87898,187915,328595,111653,209896,321169,107772,207943,-36.26261271,-30.55304168,-31.72829926
1804,IN-04,IN,Indiana,303286,89720,192817,345295,118416,219016,333989,115001,212994,-36.48973409,-29.81341426,-29.87637007
1805,IN-05,IN,Indiana,325741,113722,189864,369018,151395,210211,369170,150105,212150,-25.08086671,-16.26521684,-17.12743785
1806,IN-06,IN,Indiana,297501,83828,194382,331732,109388,215299,325610,107010,212902,-39.73760828,-32.61941501,-33.1003526
1807,IN-07,IN,Indiana,289346,187181,84036,303733,213497,84812,271247,189586,77134,38.0304332,43.1381554,42.16106779
1808,IN-08,IN,Indiana,320574,96921,206009,343954,112349,225278,332397,103783,223052,-36.01095963,-33.44785814,-36.49211376
1809,IN-09,IN,Indiana,326753,108135,200532,356789,126279,224001,353491,121011,226651,-29.93420093,-27.89825283,-30.38583452
2001,KS-01,KS,Kansas,287317,85010,182300,324068,110565,206461,310550,103889,200988,-36.39594478,-30.24862314,-31.84858156
2002,KS-02,KS,Kansas,284752,105015,158407,321506,130814,183254,307903,120738,181316,-20.26861841,-16.69702103,-20.05535434
2003,KS-03,KS,Kansas,340884,146168,164241,401920,205619,187733,397590,203405,187105,-5.822318296,4.547072342,4.174028834
2004,KS-04,KS,Kansas,280732,90812,166070,324809,123325,193958,311548,116821,189393,-29.29671989,-22.26182934,-23.69976552
2101,KY-01,KY,Kentucky,325717,84440,228580,351934,98067,248605,342821,88125,250232,-46.04817584,-43.42375502,-47.91004767
2102,KY-02,KY,Kentucky,312050,86587,210823,351844,108585,237267,351430,100536,245734,-41.7726371,-37.20724472,-41.93201837
2103,KY-03,KY,Kentucky,336720,185507,133555,365925,220409,138631,332660,194712,131797,16.28272875,22.77684938,19.26899412
2104,KY-04,KY,Kentucky,327274,94420,214576,375259,122873,245599,375012,117644,250916,-38.88594027,-33.30673701,-36.16019101
2105,KY-05,KY,Kentucky,302043,55923,237010,327434,64518,258770,316791,55275,257630,-61.81857285,-60.08636262,-64.66978795
2106,KY-06,KY,Kentucky,319571,121970,178413,363040,158022,197774,355813,147751,201182,-18.79034433,-11.17269447,-15.3126818
2201,LA-01,LA,Louisiana,348685,92289,240287,377164,111184,258965,360811,107889,246297,-44.50050515,-39.92473301,-39.0777727
2202,LA-02,LA,Louisiana,326542,241973,74262,354537,266954,81693,313903,228669,78875,53.03366168,53.13712724,48.70652655
2203,LA-03,LA,Louisiana,345131,110617,223214,352107,116088,230069,338601,105807,228229,-33.72874299,-32.92754444,-36.64934318
2204,LA-04,LA,Louisiana,333156,113427,209966,349637,119767,224410,319566,103232,212403,-29.85191393,-30.40383291,-34.58773583
2205,LA-05,LA,Louisiana,336773,116519,211865,348684,121180,222382,320890,103973,212971,-29.03491035,-29.45669195,-34.39030239
2206,LA-06,LA,Louisiana,338745,105329,219044,365933,120861,238257,353204,117300,229730,-35.05686355,-32.69009072,-32.39777541
2501,MA-01,MA,Massachusetts,366617,201248,137157,394516,235201,150047,381359,211784,160045,18.93914097,22.10368386,13.91472962
2502,MA-02,MA,Massachusetts,363362,209107,123066,397528,254519,132540,384958,231966,141308,25.90246649,31.51431694,24.2872528
2503,MA-03,MA,Massachusetts,344439,195231,121845,374196,233535,131371,358902,208626,140854,23.14460886,27.99734726,19.3922399
2504,MA-04,MA,Massachusetts,378162,217826,132524,418353,263665,145116,406811,237730,158054,24.34765235,29.00061402,20.13118267
2505,MA-05,MA,Massachusetts,372341,255386,92837,401879,298874,94414,374885,265591,97371,46.67957028,51.98734769,46.34644949
2506,MA-06,MA,Massachusetts,410546,227630,152986,452222,283227,158964,433167,255729,166654,19.61136684,28.10165743,21.08868018
2507,MA-07,MA,Massachusetts,297480,247479,34540,316358,269379,41247,280351,222689,47009,75.50519646,73.44266095,65.13952643
2508,MA-08,MA,Massachusetts,377770,228502,124147,416707,277345,130314,393116,242627,139502,29.59174703,36.06715417,26.9869599
2509,MA-09,MA,Massachusetts,414034,212641,171656,459400,266298,183106,460119,249776,200506,10.66492843,18.51162873,10.94203188
2401,MD-01,MD,Maryland,376493,133884,220643,412885,171274,230936,427049,171555,243356,-24.47176097,-14.83354467,-17.30515701
2402,MD-02,MD,Maryland,369798,193450,152487,394208,232384,150935,395335,227251,154851,11.84117339,21.24835972,18.94782022
2403,MD-03,MD,Maryland,371892,197828,147068,417218,255269,149735,416995,249542,151360,14.71748005,26.05752042,24.49027443
2404,MD-04,MD,Maryland,302958,270118,22449,304435,271634,26252,283398,240880,33369,84.65377161,82.3744654,75.66518018
2405,MD-05,MD,Maryland,346917,205347,122588,419204,280869,128856,431467,280941,138217,25.23640356,37.10122643,34.05016724
2406,MD-06,MD,Maryland,339332,160786,156713,373942,200390,163854,390367,200059,177663,1.282838686,10.0306388,5.929228374
2407,MD-07,MD,Maryland,310142,240979,54435,312583,251744,54311,303970,236114,58120,63.14663489,64.50899348,60.49402856
2408,MD-08,MD,Maryland,363914,275536,66786,402553,321459,71532,389753,296235,78614,60.98059722,63.59611289,58.05564374
2301,ME-01,ME,Maine,382326,205601,150452,430149,258033,159936,436532,261038,165742,15.48898619,23.46992241,22.32906884
2302,ME-02,ME,Maine,365609,152134,185141,389220,177037,200831,394843,174614,212235,-9.786376103,-6.296907915,-9.724983133
2601,MI-01,MI,Michigan,401079,142954,236371,465110,182980,274976,485804,187848,290861,-24.62716668,-20.08839277,-21.51891859
2602,MI-02,MI,Michigan,347334,114523,212052,414576,145232,262161,441630,151095,283938,-29.86419659,-28.70176954,-30.53630414
2603,MI-03,MI,Michigan,355420,166808,166206,416867,222082,186676,427618,226939,193503,0.1807731807,8.66184882,7.952583234
2604,MI-04,MI,Michigan,360411,152485,186625,417546,196710,213174,433918,201639,225611,-10.06752971,-4.016746201,-5.61076653
2605,MI-05,MI,Michigan,347875,120334,208566,405858,150373,248444,422372,151101,265208,-26.826391,-24.59047633,-27.40920806
2606,MI-06,MI,Michigan,391114,227231,145719,456476,286129,164372,464272,280092,171956,21.85601287,27.02702103,23.92135348
2607,MI-07,MI,Michigan,386370,174627,189235,447468,221984,217748,463108,224818,230862,-4.014708873,0.9633140185,-1.326369382
2608,MI-08,MI,Michigan,381587,183253,179216,429210,215709,206999,433786,209506,218087,1.113750417,2.06052405,-2.006814892
2609,MI-09,MI,Michigan,390276,120932,249882,464802,160625,297506,486616,161398,318624,-34.77484669,-29.87813529,-32.75391545
2610,MI-10,MI,Michigan,370004,166889,186837,429829,209969,214177,436229,199324,227882,-5.639393203,-0.992111207,-6.684831206
2611,MI-11,MI,Michigan,399697,218132,162525,462264,273913,182216,460402,262383,188356,14.60816431,20.10330411,16.42347345
2612,MI-12,MI,Michigan,348166,250125,85669,387387,285421,97504,372561,247356,106968,48.9752646,49.07410067,39.6213635
2613,MI-13,MI,Michigan,310993,230545,70638,340833,252919,83911,334915,232935,94494,53.09297005,50.1760532,42.28122738
2701,MN-01,MN,Minnesota,357115,137508,186985,389730,172290,208063,389557,167186,213794,-15.24747837,-9.405210423,-12.23371306
2702,MN-02,MN,Minnesota,368772,165768,169685,422175,221065,190867,426655,220555,195780,-1.167674756,7.330821592,5.950736786
2703,MN-03,MN,Minnesota,387267,197818,155180,435974,258519,167389,424914,251791,161935,12.07882198,21.39663965,21.71872205
2704,MN-04,MN,Minnesota,361958,221276,108507,397840,268899,119665,378602,251495,117085,34.19490999,38.40654307,36.46698139
2705,MN-05,MN,Minnesota,363290,266202,65575,398002,319421,69139,369401,292800,65271,60.47043647,64.41270331,63.54298449
2706,MN-06,MN,Minnesota,361787,122297,207900,414967,165870,238883,431989,168595,253243,-25.92482669,-18.03890274,-20.06647101
2707,MN-07,MN,Minnesota,364232,106539,230288,396627,128550,260006,401008,123652,269504,-36.73963192,-33.83193156,-37.09774237
2708,MN-08,MN,Minnesota,380392,150308,198831,421856,182463,230053,431794,180905,242420,-13.89790313,-11.53652222,-14.53138841
2901,MO-01,MO,Missouri,352251,264225,72723,356554,280382,70459,316509,246418,64299,56.83428897,59.8342269,58.61249948
2902,MO-02,MO,Missouri,400242,152991,227850,429923,187579,235264,420917,182976,230848,-19.65623449,-11.27723529,-11.56820291
2903,MO-03,MO,Missouri,360946,126718,214461,397528,158177,231359,406941,159749,240977,-25.7175852,-18.78696706,-20.27020957
2904,MO-04,MO,Missouri,350749,125028,208388,392866,155951,229889,395017,153232,236509,-25.00179955,-19.16286544,-21.36726698
2905,MO-05,MO,Missouri,321480,129796,175707,343089,143602,192560,332891,133438,194505,-15.028003,-14.5638115,-18.62122381
2906,MO-06,MO,Missouri,341473,112272,210557,374135,137236,230188,377140,135780,236206,-30.44491046,-25.29829298,-26.99725258
2907,MO-07,MO,Missouri,330930,82189,232326,364372,103422,254241,376524,105653,266226,-47.73603803,-42.16790666,-43.17882967
2908,MO-08,MO,Missouri,343378,77849,252499,366690,86665,274776,369388,83353,282416,-52.8684902,-52.04473206,-54.42314685
2801,MS-01,MS,Mississippi,301502,96616,198299,333730,111535,217292,324051,99871,219880,-34.47874811,-32.16189668,-37.5320171
2802,MS-02,MS,Mississippi,324055,201803,117922,333313,208181,121247,286655,171061,112641,26.23535851,26.38937795,20.59202966
2803,MS-03,MS,Mississippi,317517,111864,199550,344969,128372,212292,323422,112896,207370,-28.1573725,-24.63424371,-29.49860429
2804,MS-04,MS,Mississippi,266283,74848,184943,301747,91310,205933,293879,82839,207853,-42.3782964,-38.56205192,-43.00565547
3001,MT-01,MT,Montana,252193,101342,131086,316599,143417,165186,322069,137407,174611,-12.79708125,-7.054046785,-11.92367107
3002,MT-02,MT,Montana,242333,76367,148154,287041,101369,178416,280894,94499,177468,-31.97340115,-27.53793091,-30.50701004
3701,NC-01,NC,North Carolina,376463,174505,191843,413926,190436,218891,416845,182065,230368,-4.732658565,-6.951654789,-11.71172045
3702,NC-02,NC,North Carolina,356956,221522,116605,411630,274360,129367,413074,271772,132620,31.02887377,35.9136248,34.41017626
3703,NC-03,NC,North Carolina,305369,136203,159872,340722,153774,182097,346080,147604,194722,-7.994258212,-8.432701841,-13.76407284
3704,NC-04,NC,North Carolina,357301,246910,92998,420149,303334,109939,436896,312412,115447,45.28048766,46.7959436,46.03502556
3705,NC-05,NC,North Carolina,361478,148539,199157,400898,167125,228735,408268,165404,237629,-14.55811974,-15.56358308,-17.9203688
3706,NC-06,NC,North Carolina,328056,125701,189948,381619,157036,218933,391691,159349,226292,-20.35393744,-16.46332543,-17.35889078
3707,NC-07,NC,North Carolina,347162,145404,188896,415809,182076,227833,443202,188294,249694,-13.00987137,-11.16272148,-14.01864891
3708,NC-08,NC,North Carolina,333489,125654,194792,397224,160781,231187,409708,162358,241622,-21.57555407,-17.96218059,-19.62077331
3709,NC-09,NC,North Carolina,316101,126298,178638,372135,157604,209219,382677,158552,219095,-17.16425742,-14.0708189,-16.03163801
3710,NC-10,NC,North Carolina,340665,134426,192722,397624,164108,227817,416353,168702,242192,-17.81945786,-16.25540601,-17.88539137
3711,NC-11,NC,North Carolina,373237,148019,207561,433723,189678,237270,441237,196314,238078,-16.74503628,-11.14702493,-9.614357539
3712,NC-12,NC,North Carolina,301193,213377,73884,354216,262589,85342,355661,254946,91834,48.55967221,50.94314677,47.03616125
3713,NC-13,NC,North Carolina,314339,119692,182050,389550,158090,225136,425637,174774,244879,-20.66599943,-17.49515951,-16.70546857
3714,NC-14,NC,North Carolina,329755,123066,193665,395579,163301,227009,409053,171063,232469,-22.28989268,-16.32241039,-15.21713272
3801,ND-01,ND,North Dakota,344360,93758,216794,362024,115042,235751,368155,112327,246505,-39.61848579,-34.41032176,-37.39298613
3101,NE-01,NE,Nebraska,271143,101993,151680,316213,136856,171834,318301,136153,177663,-19.58702739,-11.33110888,-13.22749637
3102,NE-02,NE,Nebraska,265036,122402,127556,313187,163346,143563,316693,163541,148908,-2.061946407,6.445884611,4.683324319
3103,NE-03,NE,Nebraska,291997,60099,216725,322312,74381,241449,312165,70301,238245,-56.57963182,-52.89807808,-54.4307818
3301,NH-01,NH,New Hampshire,372167,170707,176898,403198,210310,186410,413940,208186,199942,-1.781044576,6.024400081,2.019954524
3302,NH-02,NH,New Hampshire,372129,177819,168892,400635,214627,179250,412249,210302,195581,2.574766881,8.981737954,3.626907261
3401,NJ-01,NJ,New Jersey,339091,203453,124314,402401,247673,149308,377328,220362,149993,24.14489561,24.77826395,19.00041852
3402,NJ-02,NJ,New Jersey,342600,153433,177679,410267,192116,212723,376636,160517,209709,-7.322597792,-5.090171648,-13.28701928
3403,NJ-03,NJ,New Jersey,369116,195590,160578,440507,248448,186277,385350,204031,174088,9.830192493,14.30122491,7.918935573
3404,NJ-04,NJ,New Jersey,348975,120268,217894,428872,163477,259866,403670,136916,259999,-28.86959505,-22.76853521,-31.00991396
3405,NJ-05,NJ,New Jersey,364588,190410,162315,432502,240337,186713,393138,195238,190272,7.965128641,12.55684346,1.288163731
3406,NJ-06,NJ,New Jersey,290786,168248,113095,334105,197763,131984,317497,163739,144525,19.60347334,19.94832402,6.232969143
3407,NJ-07,NJ,New Jersey,388097,175248,197287,462052,235720,218813,438977,210218,218352,-5.915954206,3.719641918,-1.89793966
3408,NJ-08,NJ,New Jersey,216168,163542,46366,239751,172263,64970,217048,135768,74966,55.82255083,45.22684449,28.85248702
3409,NJ-09,NJ,New Jersey,271851,165009,99667,315008,185789,125877,273696,131176,134622,24.6875425,19.22314272,-1.296473262
3410,NJ-10,NJ,New Jersey,265683,217131,43223,292250,236302,53598,254100,185281,63876,66.79674597,63.02311142,48.7263051
3411,NJ-11,NJ,New Jersey,369254,198538,158881,437004,252518,179005,394595,208082,177521,11.09538105,17.03570841,7.925508878
3412,NJ-12,NJ,New Jersey,307837,197408,100634,354634,235929,114140,330374,197885,122377,32.46992035,34.78999854,23.57694638
3501,NM-01,NM,New Mexico,309924,146886,122247,359119,201152,149216,353679,194852,150029,9.154953127,14.82327153,12.99665682
3502,NM-02,NM,New Mexico,225412,107186,93613,264910,137454,121870,271734,130545,135450,6.759495814,6.009470778,-1.844019624
3503,NM-03,NM,New Mexico,262983,131162,103807,299936,163008,130808,297983,153404,137906,11.64196128,10.9592398,5.320105729
3201,NV-01,NV,Nevada,262978,136880,110379,324302,172630,144981,335236,168436,160856,10.71791118,8.705303028,2.301908337
3202,NV-02,NV,Nevada,333869,130913,175329,401976,173065,217352,420931,176235,234860,-14.50356254,-11.34351219,-14.260694
3203,NV-03,NV,Nevada,275714,139341,120686,363055,190170,166060,385136,187977,190808,7.174254981,6.768099262,-0.7473896802
3204,NV-04,NV,Nevada,252824,132126,105664,316043,167621,141497,343079,172380,164399,11.12830649,8.451141635,2.369803343
3601,NY-01,NY,New York,376120,162092,199071,429345,207865,215368,429463,190070,233206,-10.23886722,-1.772782368,-10.1909865
3602,NY-02,NY,New York,324813,144020,168577,366587,176294,185232,362137,153928,204363,-7.855801559,-2.472297981,-14.07654672
3603,NY-03,NY,New York,344063,180142,151638,394446,216924,172450,378292,178095,194280,8.591235156,11.42192339,-4.346424975
3604,NY-04,NY,New York,352242,191158,148717,395629,223908,166536,388641,194462,189492,12.48723796,14.69404063,1.294425895
3605,NY-05,NY,New York,239268,200133,34377,267618,216236,49325,242000,170189,68170,70.68184726,62.85222604,42.80056553
3606,NY-06,NY,New York,198512,135722,56383,233531,149650,81285,209347,109480,96065,41.29981,29.6035681,6.526551363
3607,NY-07,NY,New York,214366,180356,26490,251314,199615,48431,235013,168187,60343,74.38674183,60.94998508,47.19030324
3608,NY-08,NY,New York,237262,189197,42518,263927,203839,57668,239380,170473,65030,63.30146948,55.89563568,44.7735273
3609,NY-09,NY,New York,237301,186510,44411,270786,204641,63636,250409,173356,71858,61.53576331,52.55948143,41.39160081
3610,NY-10,NY,New York,263811,224497,29053,286330,241979,40386,276966,218940,51536,77.0830211,71.39447169,61.89236753
3611,NY-11,NY,New York,247539,110014,129447,295501,134686,157195,272725,100628,167092,-8.115308965,-7.711704427,-24.82593755
3612,NY-12,NY,New York,326197,271195,41591,343316,291101,47205,339053,273954,58314,73.40609874,72.09331197,64.89941854
3613,NY-13,NY,New York,265125,243798,13951,276080,242573,30506,239540,188808,46800,89.17473977,77.65774739,60.27299582
3614,NY-14,NY,New York,207289,168835,32688,231260,178044,50778,203123,131879,67385,67.55903793,55.61790387,32.36610727
3615,NY-15,NY,New York,208285,187336,16789,217715,184551,31315,186840,137445,47283,83.55027557,70.98663059,48.80797713
3616,NY-16,NY,New York,306815,215230,80794,334601,240160,91076,326298,216167,108141,45.41388536,45.00839281,33.30969325
3617,NY-17,NY,New York,345213,179410,151619,386978,210411,171524,389343,194302,192139,8.395336964,10.1815754,0.5597232178
3618,NY-18,NY,New York,319816,154068,149466,365344,196159,163016,371418,190676,178299,1.516139872,9.227535324,3.354427807
3619,NY-19,NY,New York,344146,157236,163835,383691,196142,179031,384903,194143,187277,-2.055308639,4.560829271,1.800115358
3620,NY-20,NY,New York,343529,180371,139718,384479,224569,151118,373934,211181,158272,12.70053017,19.55111569,14.32090144
3621,NY-21,NY,New York,313631,116528,174775,355972,146455,202220,357087,140758,214512,-19.99533132,-15.9934036,-20.75998536
3622,NY-22,NY,New York,330885,164220,145355,371891,202853,160633,362520,194091,166358,6.093838327,11.61530293,7.694014965
3623,NY-23,NY,New York,357094,123200,213225,401370,160041,232953,395116,154428,237461,-26.75930742,-18.55295501,-21.18788739
3624,NY-24,NY,New York,338733,116712,198947,378193,146392,222924,375708,143275,230018,-26.05184709,-20.72263319,-23.23724259
3625,NY-25,NY,New York,357079,192574,141224,391918,231293,150712,375956,220540,151196,15.38355532,21.09422652,18.65409861
3626,NY-26,NY,New York,321436,181577,124893,354431,218505,129474,339786,200098,134624,18.49577446,25.58516462,19.56071008
3901,OH-01,OH,Ohio,372005,171637,183796,405878,200126,199450,397244,191603,201912,-3.420897891,0.1691793301,-2.619722247
3902,OH-02,OH,Ohio,353812,103858,235154,378358,111600,261545,376022,107317,265831,-38.72901254,-40.18411073,-42.48019553
3903,OH-03,OH,Ohio,357640,239177,101909,381894,271664,104532,358346,249431,105242,40.24439584,44.42684133,40.65406727
3904,OH-04,OH,Ohio,359204,100316,242527,393787,114210,273297,396335,111941,280927,-41.47991938,-41.05396806,-43.01342945
3905,OH-05,OH,Ohio,356252,134880,202111,388919,150175,232535,387528,145964,238010,-19.95038443,-21.52021113,-23.9719356
3906,OH-06,OH,Ohio,358366,126116,217308,382138,131306,245482,365518,118027,244557,-26.55376444,-30.30245125,-34.89674117
3907,OH-07,OH,Ohio,393850,164824,211861,436786,194811,236653,426048,187691,234785,-12.48709134,-9.697680455,-11.14714209
3908,OH-08,OH,Ohio,387084,146732,223385,414210,173573,234543,402587,167929,230834,-20.71047804,-14.93937998,-15.77503429
3909,OH-09,OH,Ohio,375717,168618,186743,392775,179884,206332,381139,168624,208947,-5.100447151,-6.84798144,-10.67958079
3910,OH-10,OH,Ohio,370936,161065,192717,391473,181210,203762,379147,172975,202500,-8.94675252,-5.85808838,-7.863373061
3911,OH-11,OH,Ohio,358591,282881,65718,358409,280544,74107,320521,247372,70858,62.29593315,58.20849229,55.46742922
3912,OH-12,OH,Ohio,354744,115143,223201,405493,141032,258365,410144,141594,265024,-31.93731823,-29.37753664,-30.35527202
3913,OH-13,OH,Ohio,370229,186781,167088,400322,209165,185484,390355,199819,186970,5.565053735,6.000521983,3.32196624
3914,OH-14,OH,Ohio,384397,153445,214436,422570,172571,244475,413435,162913,247101,-16.57900245,-17.24126355,-20.53295741
3915,OH-15,OH,Ohio,327346,138691,173051,367368,167294,194272,360648,160499,196618,-11.02193481,-7.461431661,-10.11405226
4001,OK-01,OK,Oklahoma,295222,97934,179882,320366,121871,190281,314995,120247,188086,-29.49722118,-21.91560522,-22.00186162
4002,OK-02,OK,Oklahoma,301291,68868,219041,321517,72000,243615,325621,69690,250807,-52.15988385,-54.37479207,-56.5112934
4003,OK-03,OK,Oklahoma,266306,65688,185731,279059,76638,196075,274858,73264,196545,-47.74619261,-43.79585865,-45.69195246
4004,OK-04,OK,Oklahoma,289633,84987,187332,312061,104031,200483,311317,101422,203949,-37.58276139,-31.67407738,-33.57456995
4005,OK-05,OK,Oklahoma,300540,102898,177150,327696,129350,189826,339241,134833,196699,-26.51402617,-18.94753992,-18.66064211
4101,OR-01,OR,Oregon,333070,202099,93579,395512,268304,114116,368037,245702,107307,36.70208808,40.31902097,39.20438289
4102,OR-02,OR,Oregon,323892,101332,191223,381197,138802,231497,367425,128291,227577,-30.72618824,-25.03247376,-27.89967066
4103,OR-03,OR,Oregon,329908,219816,77122,389868,280723,97583,351633,248749,88287,48.05514956,48.41054596,47.60975089
4104,OR-04,OR,Oregon,353364,171251,143081,410411,224384,172533,391308,211865,164980,8.96186198,13.06343644,12.44145471
4105,OR-05,OR,Oregon,351454,161179,151130,427100,225528,188045,415589,217920,182245,3.217646626,9.06321254,8.915072533
4106,OR-06,OR,Oregon,308344,146059,125501,368952,202149,153928,351400,188863,149183,7.570334364,13.54229563,11.73804748
4201,PA-01,PA,Pennsylvania,402738,195159,192317,466261,241494,219860,473750,235347,233794,0.7334647823,4.6892408,0.3310305431
4202,PA-02,PA,Pennsylvania,297780,218914,72232,311388,221033,88070,294771,198243,93017,50.38090855,43.0157585,36.12785827
4203,PA-03,PA,Pennsylvania,378614,340416,30380,397131,357958,36748,392226,345301,42202,83.61363122,81.37955846,78.21849121
4204,PA-04,PA,Pennsylvania,391456,215499,160945,456826,269145,182670,467816,268450,194506,14.49192974,19.1394708,15.97214422
4205,PA-05,PA,Pennsylvania,378873,238669,128728,420224,276124,140476,418716,267100,147213,29.92430532,32.56072972,28.93633557
4206,PA-06,PA,Pennsylvania,359608,188382,156447,414314,235146,174183,425079,234612,186122,9.261112029,14.89339871,11.52509662
4207,PA-07,PA,Pennsylvania,339007,158280,167931,396479,197109,194646,410973,196712,209881,-2.958514581,0.6287092698,-3.238865401
4208,PA-08,PA,Pennsylvania,332114,147574,174440,381384,183204,194298,390938,177078,210297,-8.343115517,-2.938792377,-8.575411423
4209,PA-09,PA,Pennsylvania,338111,95521,229294,386873,119971,261280,398490,121849,272916,-41.18436649,-37.06455852,-38.26757691
4210,PA-10,PA,Pennsylvania,347683,149131,183631,399547,188628,205129,411822,192786,214312,-10.36777036,-4.190655658,-5.287670291
4211,PA-11,PA,Pennsylvania,341583,119074,206105,397045,153328,237727,412526,160180,248304,-26.76402843,-21.58238611,-21.5734276
4212,PA-12,PA,Pennsylvania,394333,225154,156162,429646,255294,169595,429277,253676,171379,18.09313011,20.16973845,19.36149439
4213,PA-13,PA,Pennsylvania,346434,87050,247592,400148,107201,288136,413208,110800,298889,-47.97425308,-45.76728209,-45.91019041
4214,PA-14,PA,Pennsylvania,362759,117354,233777,412029,138883,268695,421591,138811,279249,-33.15657119,-31.84960915,-33.59278572
4215,PA-15,PA,Pennsylvania,345283,102937,228664,387842,119496,263047,397666,121639,272661,-37.91514501,-37.52545465,-38.30129343
4216,PA-16,PA,Pennsylvania,360283,132836,212600,406694,158729,242664,417766,159548,254692,-23.09081856,-20.91092769,-22.96832754
4217,PA-17,PA,Pennsylvania,399032,194206,190058,454518,237732,211218,457124,238977,213801,1.0794662,5.905780154,5.560340829
4401,RI-01,RI,Rhode Island,218335,129139,75151,240941,152965,83224,235877,140675,88768,26.42713789,29.52762406,22.62304799
4402,RI-02,RI,Rhode Island,245809,123386,105392,276816,154521,116698,277477,144457,125630,7.865266765,13.94555691,6.970716843
4501,SC-01,SC,South Carolina,296870,118151,161864,383012,171778,204859,401148,171283,223769,-15.61094941,-8.78325815,-13.28584591
4502,SC-02,SC,South Carolina,312682,121650,175272,366484,160980,199792,365657,154598,205591,-18.0592883,-10.75804109,-14.15728965
4503,SC-03,SC,South Carolina,296781,86418,198613,348371,106466,236993,356551,99238,252775,-39.36238514,-38.00366274,-43.61685506
4504,SC-04,SC,South Carolina,289240,102317,171333,347051,138166,202526,354171,132503,215950,-25.22053718,-18.8909631,-23.94784949
4505,SC-05,SC,South Carolina,302020,114383,175665,365470,147082,213494,373037,141484,226482,-21.12822705,-18.41830848,-23.09941679
4506,SC-06,SC,South Carolina,305478,195181,98548,336372,219791,111767,312822,189674,118149,32.89869233,32.58072494,23.23575561
4507,SC-07,SC,South Carolina,299956,117273,174094,366569,147278,215672,384754,139672,241031,-19.50152214,-18.8439179,-26.62416634
4601,SD-01,SD,South Dakota,370111,117466,227731,422609,150471,261043,426390,145799,270651,-31.94262986,-26.86955972,-29.98006964
4701,TN-01,TN,Tennessee,280824,55039,214656,336345,74137,256562,348338,71642,273125,-59.18426371,-55.1634568,-58.44033797
4702,TN-02,TN,Tennessee,288678,85249,186898,356247,122696,226782,366777,118776,242955,-37.35076999,-29.78327677,-34.32910091
4703,TN-03,TN,Tennessee,290302,86970,188701,349413,116138,226942,363211,114326,244099,-36.90304747,-32.29684039,-36.20645881
4704,TN-04,TN,Tennessee,242471,90807,139363,307714,126568,173814,304636,113664,186548,-21.09571187,-15.72863887,-24.27751056
4705,TN-05,TN,Tennessee,272228,115940,145080,322522,138194,178897,314025,118678,191152,-11.16389549,-12.8363782,-23.39153729
4706,TN-06,TN,Tennessee,278626,100170,164737,352804,137136,208115,362098,130633,226645,-24.37345936,-20.55866601,-26.87319118
4707,TN-07,TN,Tennessee,277813,102540,161285,349798,139424,202866,361613,137698,218702,-22.26665403,-18.53457594,-22.72839506
4708,TN-08,TN,Tennessee,301472,112764,176952,349577,144866,199444,321368,126046,190779,-22.1554902,-15.85141297,-20.43178411
4709,TN-09,TN,Tennessee,275613,121216,145253,328569,144552,179053,321876,124802,192860,-9.020561491,-10.66145455,-21.42465891
4801,TX-01,TX,Texas,281960,71388,201793,324129,89143,231048,325730,80850,241942,-47.73575029,-44.31885968,-49.90582171
4802,TX-02,TX,Texas,259956,83902,162725,330840,127510,198586,337080,127854,204811,-31.96040985,-21.79603552,-23.13348263
4803,TX-03,TX,Texas,256071,84177,157174,338661,136761,195871,370352,136992,223427,-30.24516161,-17.7703889,-23.98181006
4804,TX-04,TX,Texas,271225,91498,166233,356596,143877,207432,367744,134682,225235,-28.99728787,-18.09091142,-25.15941175
4805,TX-05,TX,Texas,234171,85908,139887,285087,117612,163853,293398,113124,176352,-23.9061981,-16.42868563,-21.84222526
4806,TX-06,TX,Texas,242318,81387,150002,299767,118506,176747,309826,116800,187669,-29.65352718,-19.72579449,-23.27626129
4807,TX-07,TX,Texas,216246,136788,68106,277197,180252,92917,254110,153127,93619,33.52074731,31.97105089,24.11710828
4808,TX-08,TX,Texas,216979,82183,126113,286810,115154,167935,308330,109560,194738,-21.09017936,-18.64466652,-27.99163977
4809,TX-09,TX,Texas,172792,80900,86073,208344,93941,111907,198594,78639,118132,-3.098105682,-8.727799153,-20.07053885
4810,TX-10,TX,Texas,273455,100316,157495,346398,144424,195622,353548,134085,213878,-22.17865025,-15.05619828,-22.9314611
4811,TX-11,TX,Texas,237293,71489,154780,296164,101256,190220,292892,94213,194696,-36.81061038,-30.52189546,-34.78015569
4812,TX-12,TX,Texas,224425,79889,133181,294495,118763,170831,314205,117738,192719,-25.01149857,-17.97965427,-24.15181491
4813,TX-13,TX,Texas,255273,57807,185900,299628,81303,213331,303909,80162,220441,-52.56024653,-44.81085007,-46.66586827
4814,TX-14,TX,Texas,258022,91831,156210,323319,124542,193976,335400,124943,206349,-25.95498325,-21.799082,-24.57228065
4815,TX-15,TX,Texas,186305,102450,77141,227421,109875,115253,227873,92600,133315,14.09257702,-2.388863224,-18.02226501
4816,TX-16,TX,Texas,199284,135875,51845,244595,163993,76842,229768,131985,94338,44.76347752,36.18701601,16.63419096
4817,TX-17,TX,Texas,253878,90932,148062,319296,132377,180962,320775,123163,192428,-23.9043658,-15.50557064,-21.9477108
4818,TX-18,TX,Texas,222677,182804,32917,267580,217360,47152,243493,186782,53117,69.48187705,64.34793128,55.71719765
4819,TX-19,TX,Texas,237096,55576,170518,279814,73170,202442,282334,66862,212708,-50.83814697,-46.90361813,-52.16797224
4820,TX-20,TX,Texas,195589,131711,53152,248457,172231,72239,227227,144230,79593,42.49579418,40.90154211,28.87862284
4821,TX-21,TX,Texas,305819,107136,181262,395339,161525,227694,414749,159472,249919,-25.70267478,-17.00045476,-22.09306018
4822,TX-22,TX,Texas,244343,85689,147709,325011,131979,188014,335812,126899,201258,-26.57263558,-17.51132056,-22.65958063
4823,TX-23,TX,Texas,229196,100694,116622,302861,138493,160217,319049,133969,181141,-7.329418911,-7.272605537,-14.97001047
4824,TX-24,TX,Texas,310672,109846,184278,381542,164122,211300,373064,153071,213069,-25.30633338,-12.56665832,-16.38662807
4825,TX-25,TX,Texas,243776,93095,141386,300697,124453,172083,309215,115592,189981,-20.59484564,-16.06213074,-24.34410108
4826,TX-26,TX,Texas,258283,83896,161101,356628,142670,208544,387418,144950,237089,-31.51263077,-18.75608603,-24.11769479
4827,TX-27,TX,Texas,243786,88069,144737,306351,124288,177080,324199,125739,194368,-24.34129705,-17.51745374,-21.4393937
4828,TX-28,TX,Texas,166497,110629,50057,207339,112597,92662,199009,88409,109042,37.69587892,9.71211981,-10.44968119
4829,TX-29,TX,Texas,159358,115299,38295,197198,139870,54929,179752,116000,61311,50.13477089,43.60443329,30.84354609
4830,TX-30,TX,Texas,222835,170966,45781,268096,208565,56392,244001,177406,62648,57.75627806,57.43309292,47.80507719
4831,TX-31,TX,Texas,226109,76333,136102,317572,127209,183712,351392,134712,211328,-28.13519429,-18.17278344,-22.14079297
4832,TX-32,TX,Texas,257464,100552,145404,321397,142066,174362,324173,129764,187174,-18.23578201,-10.20642927,-18.11395289
4833,TX-33,TX,Texas,179291,124631,46867,227300,163018,60823,209202,136366,68170,45.34396903,45.65517488,33.3418078
4834,TX-34,TX,Texas,197763,107128,82208,243276,123605,116464,240502,106947,131303,13.16178645,2.97456148,-10.22287513
4835,TX-35,TX,Texas,227309,102249,113651,293178,141507,147047,301836,133334,164829,-5.28114868,-1.919917936,-10.56301419
4836,TX-36,TX,Texas,264208,101018,153708,318964,128113,186757,311842,114917,192668,-20.6849713,-18.62482929,-25.27789066
4837,TX-37,TX,Texas,277591,207441,50037,350843,280916,62202,328410,252342,67678,61.13299,63.74308547,57.70389351
4838,TX-38,TX,Texas,274093,94383,166344,352229,142235,205122,354315,136854,210920,-27.60013347,-18.10442859,-21.29716425
4901,UT-01,UT,Utah,282553,137551,79292,355994,214978,127378,327300,197553,120241,26.8669037,25.58740025,24.32770914
4902,UT-02,UT,Utah,290267,62814,136536,366928,119335,230690,369086,125175,231962,-36.98118886,-31.8134419,-29.90085037
4903,UT-03,UT,Utah,284260,54102,162997,377057,104465,257824,385908,108346,267996,-50.15914399,-42.33057035,-42.42152085
4904,UT-04,UT,Utah,274295,56209,136406,387697,121504,249247,405497,131149,262883,-41.63590582,-34.45520039,-33.43231007
5101,VA-01,VA,Virginia,410156,164366,220149,461129,210907,241626,486595,227074,250992,-14.50736642,-6.788234228,-5.003074889
5102,VA-02,VA,Virginia,359148,159063,178908,404141,202122,193849,414128,203172,204261,-5.871805569,2.089294418,-0.2672832098
5103,VA-03,VA,Virginia,316813,202649,97251,338599,230248,101373,320985,213132,102213,35.14438146,38.86213479,35.1738572
5104,VA-04,VA,Virginia,357428,226456,114324,394395,264454,123594,383730,250985,125928,32.90451318,36.29963304,33.17927479
5105,VA-05,VA,Virginia,391600,163720,207979,435323,195887,231760,444090,191693,246006,-11.90721525,-8.388460576,-12.40875579
5106,VA-06,VA,Virginia,349889,119913,209513,398936,151507,239666,410905,152726,251675,-27.19882462,-22.53708717,-24.46804039
5107,VA-07,VA,Virginia,329818,158995,151848,390486,204622,178344,404061,203210,191700,2.299231445,6.861705739,2.914588134
5108,VA-08,VA,Virginia,366045,264655,75619,396010,303882,83638,390212,285004,92725,55.5540535,56.83422791,50.90395495
5109,VA-09,VA,Virginia,365400,99310,250107,401339,113688,281828,408547,112210,291613,-43.15674395,-42.51155453,-44.4261471
5110,VA-10,VA,Virginia,345987,174827,148538,412830,239474,165175,420534,221133,186201,8.129822337,18.36134526,8.575763378
5111,VA-11,VA,Virginia,390468,247519,115207,427336,296777,121577,419501,273439,130783,36.47712047,41.87840919,35.29149824
5001,VT-01,VT,Vermont,315067,178573,95369,367428,242820,112704,369422,235791,119395,30.37285265,36.59837311,32.77043577
5301,WA-01,WA,Washington,315830,185952,104596,395248,250883,130736,374405,232693,126087,28.00088109,31.48349532,29.71347344
5302,WA-02,WA,Washington,346835,190735,128467,440519,263078,162799,425118,254400,154441,19.50739657,23.54646999,24.44935806
5303,WA-03,WA,Washington,312295,132417,156118,423505,196207,213882,424203,197986,211907,-8.21425477,-4.310040016,-3.396252193
5304,WA-04,WA,Washington,252486,89994,144696,324983,130115,184877,312324,119032,183219,-23.30819379,-17.38520343,-21.23632345
5305,WA-05,WA,Washington,327079,126563,172318,418124,180837,222219,405822,173909,217375,-15.30876837,-10.26705966,-11.10855542
5306,WA-06,WA,Washington,347922,179622,138177,447088,253642,177181,436320,251826,168264,13.04126193,17.74765971,19.89145183
5307,WA-07,WA,Washington,397414,331302,43799,459934,396920,51406,437624,373392,47188,76.64682312,77.06758029,77.56051167
5308,WA-08,WA,Washington,336893,160749,149805,438960,226805,197513,428594,218292,193707,3.524024807,6.903313081,5.967247493
5309,WA-09,WA,Washington,282807,194307,70572,358038,254217,94118,320605,219426,88121,46.71378252,45.9612155,42.69428738
5310,WA-10,WA,Washington,289653,151077,113199,381232,216908,149920,359228,204893,140614,14.33274304,18.26141952,18.60425404
5501,WI-01,WI,Wisconsin,349322,159094,168403,394810,190048,197943,404230,189560,207737,-2.842468786,-2.034841014,-4.575166689
5502,WI-02,WI,Wisconsin,396685,260100,110866,444235,310862,125920,469607,324784,136734,40.22848455,42.34194633,40.74597307
5503,WI-03,WI,Wisconsin,364731,161639,177898,396394,185086,203591,421741,191708,222857,-4.788579742,-4.761022649,-7.513658895
5504,WI-04,WI,Wisconsin,336288,242162,74928,344275,260129,78277,345704,258176,80483,52.74023148,53.73781789,52.46959331
5505,WI-05,WI,Wisconsin,413939,137813,249369,465929,176027,282440,481537,183685,290063,-28.81228983,-23.21061276,-22.4545539
5506,WI-06,WI,Wisconsin,376041,143139,206859,416617,171945,237091,427835,175480,245816,-18.20581832,-15.9267155,-16.6951502
5507,WI-07,WI,Wisconsin,375094,138573,214567,423158,165853,250176,441810,167604,266844,-21.51951068,-20.26853897,-22.8427798
5508,WI-08,WI,Wisconsin,364050,140016,202394,412623,170916,234746,430454,177232,247092,-18.21734178,-15.73477427,-16.46383424
5401,WV-01,WV,West Virginia,355774,92958,247279,392576,112947,273523,364662,98066,259831,-45.35691298,-41.54940875,-45.1987583
5402,WV-02,WV,West Virginia,357275,95834,242092,402076,123037,271859,397728,116243,273725,-43.28107337,-37.68637819,-40.3833135
5601,WY-01,WY,Wyoming,255849,55973,174419,276765,73491,193559,269048,69527,192633,-51.41063926,-44.96086875,-46.95834605