year,state,district,county_fips,county_name,dem,gop,oth,total
2016,IN,1,18089,Lake,142704,28308,274,171286
2016,IN,1,18091,Laporte,15075,4157,1,19233
2016,IN,1,18127,Porter,49520,14544,0,64064
2016,IN,2,18039,Elkhart,19819,43866,2214,65899
2016,IN,2,18049,Fulton,2276,5820,313,8409
2016,IN,2,18085,Kosciusko,2140,8871,503,11514
2016,IN,2,18091,Laporte,8253,12190,1159,21602
2016,IN,2,18099,Marshall,5200,12233,651,18084
2016,IN,2,18103,Miami,3005,9660,602,13267
2016,IN,2,18131,Pulaski,1348,3859,202,5409
2016,IN,2,18141,St. Joseph,54491,52004,4072,110567
2016,IN,2,18149,Starke,2828,5952,390,9170
2016,IN,2,18169,Wabash,2972,9821,488,13281
2016,IN,3,18001,Adams,2262,9906,713,12881
2016,IN,3,18003,Allen,40043,93516,10457,144016
2016,IN,3,18009,Blackford,320,679,68,1067
2016,IN,3,18033,Dekalb,3080,12104,1274,16458
2016,IN,3,18069,Huntington,2538,11913,1241,15692
2016,IN,3,18075,Jay,1818,5407,444,7669
2016,IN,3,18085,Kosciusko,3460,15725,1232,20417
2016,IN,3,18087,Lagrange,1865,7022,540,9427
2016,IN,3,18113,Noble,3137,12288,1101,16526
2016,IN,3,18151,Steuben,2827,10585,901,14313
2016,IN,3,18179,Wells,2157,10102,729,12988
2016,IN,3,18183,Whitley,2401,11969,1082,15452
2016,IN,4,18007,Benton,853,2594,205,3652
2016,IN,4,18011,Boone,4056,9685,704,14445
2016,IN,4,18015,Carroll,2026,6113,452,8591
2016,IN,4,18017,Cass,3987,9398,673,14058
2016,IN,4,18023,Clinton,2985,8111,556,11652
2016,IN,4,18045,Fountain,1798,5275,326,7399
2016,IN,4,18063,Hendricks,19970,50677,3189,73836
2016,IN,4,18067,Howard,11020,18497,1781,31298
2016,IN,4,18073,Jasper,3734,8783,571,13088
2016,IN,4,18107,Montgomery,3960,10336,630,14926
2016,IN,4,18109,Morgan,2088,7549,496,10133
2016,IN,4,18111,Newton,1627,3758,300,5685
2016,IN,4,18133,Putnam,3318,10499,672,14489
2016,IN,4,18157,Tippecanoe,26167,32468,3493,62128
2016,IN,4,18171,Warren,1013,2732,167,3912
2016,IN,4,18181,White,2552,6799,543,9894
2016,IN,5,18009,Blackford,973,2452,218,3643
2016,IN,5,18011,Boone,4718,12077,663,17458
2016,IN,5,18053,Grant,6679,17047,1162,24888
2016,IN,5,18057,Hamilton,43399,102857,6412,152668
2016,IN,5,18067,Howard,1167,3799,242,5208
2016,IN,5,18095,Madison,18033,32356,2486,52875
2016,IN,5,18097,Marion,47278,45722,3797,96797
2016,IN,5,18159,Tipton,1544,5476,344,7364
2016,IN,6,18005,Bartholomew,8605,21836,1342,31783
2016,IN,6,18029,Dearborn,4629,17597,881,23107
2016,IN,6,18031,Decatur,1734,8888,321,10943
2016,IN,6,18035,Delaware,17334,24560,2172,44066
2016,IN,6,18041,Fayette,2536,6378,357,9271
2016,IN,6,18047,Franklin,2022,8340,302,10664
2016,IN,6,18059,Hancock,7823,26315,1553,35691
2016,IN,6,18065,Henry,5495,13163,1083,19741
2016,IN,6,18077,Jefferson,4593,8115,419,13127
2016,IN,6,18079,Jennings,2658,7813,429,10900
2016,IN,6,18115,Ohio,727,2011,100,2838
2016,IN,6,18135,Randolph,2406,7406,394,10206
2016,IN,6,18137,Ripley,2396,9935,375,12706
2016,IN,6,18139,Rush,1376,5411,312,7099
2016,IN,6,18143,Scott,2028,2510,224,4762
2016,IN,6,18145,Shelby,3503,13626,723,17852
2016,IN,6,18155,Switzerland,1082,2353,114,3549
2016,IN,6,18161,Union,682,2446,110,3238
2016,IN,6,18177,Wayne,7832,16397,1209,25438
2016,IN,7,18097,Marion,158606,94396,11470,264472
2016,IN,8,18021,Clay,2572,7859,514,10945
2016,IN,8,18025,Crawford,190,397,33,620
2016,IN,8,18027,Daviess,1698,8528,363,10589
2016,IN,8,18037,Dubois,5212,12915,896,19023
2016,IN,8,18051,Gibson,3913,10745,676,15334
2016,IN,8,18055,Greene,3340,9367,573,13280
2016,IN,8,18083,Knox,4002,10156,636,14794
2016,IN,8,18101,Martin,1061,3376,219,4656
2016,IN,8,18119,Owen,2038,5610,648,8296
2016,IN,8,18121,Parke,1569,4613,331,6513
2016,IN,8,18123,Perry,3189,4308,318,7815
2016,IN,8,18125,Pike,1630,3944,262,5836
2016,IN,8,18129,Posey,3484,8335,498,12317
2016,IN,8,18147,Spencer,3004,6427,380,9811
2016,IN,8,18153,Sullivan,3092,4864,309,8265
2016,IN,8,18163,Vanderburgh,25587,42149,3539,71275
2016,IN,8,18165,Vermillion,2530,3826,368,6724
2016,IN,8,18167,Vigo,16444,20602,1840,38886
2016,IN,8,18173,Warrick,8575,19523,1228,29326
2016,IN,9,18013,Brown,3036,4450,448,7934
2016,IN,9,18019,Clark,21576,25785,2962,50323
2016,IN,9,18025,Crawford,1623,1946,239,3808
2016,IN,9,18043,Floyd,15997,19406,1736,37139
2016,IN,9,18061,Harrison,6697,10801,895,18393
2016,IN,9,18071,Jackson,5596,10802,976,17374
2016,IN,9,18081,Johnson,20083,42205,3913,66201
2016,IN,9,18093,Lawrence,5720,11946,988,18654
2016,IN,9,18105,Monroe,36049,19314,2726,58089
2016,IN,9,18109,Morgan,5138,14226,1253,20617
2016,IN,9,18117,Orange,3007,4733,400,8140
2016,IN,9,18143,Scott,1643,2257,130,4030
2016,IN,9,18175,Washington,3989,6576,657,11222
2018,IN,1,18089,Lake,109835,51861,2,161698
2018,IN,1,18091,Laporte,11975,7042,2,19019
2018,IN,1,18127,Porter,37801,26691,0,64492
2018,IN,2,18039,Elkhart,20162,33499,1,53662
2018,IN,2,18049,Fulton,2445,4521,0,6966
2018,IN,2,18085,Kosciusko,2362,6922,1,9285
2018,IN,2,18091,Laporte,8847,9070,15,17932
2018,IN,2,18099,Marshall,5486,9309,0,14795
2018,IN,2,18103,Miami,2929,7337,1,10267
2018,IN,2,18131,Pulaski,1452,2853,3,4308
2018,IN,2,18141,St. Joseph,53289,39649,6,92944
2018,IN,2,18149,Starke,3223,4308,0,7531
2018,IN,2,18169,Wabash,3168,8031,0,11199
2018,IN,3,18001,Adams,2842,8322,0,11164
2018,IN,3,18003,Allen,54759,70954,0,125713
2018,IN,3,18009,Blackford,260,609,0,869
2018,IN,3,18033,Dekalb,4027,9906,0,13933
2018,IN,3,18069,Huntington,3390,9665,0,13055
2018,IN,3,18075,Jay,1867,4408,0,6275
2018,IN,3,18085,Kosciusko,4023,12760,0,16783
2018,IN,3,18087,Lagrange,1959,5685,0,7644
2018,IN,3,18113,Noble,3865,9841,0,13706
2018,IN,3,18151,Steuben,3710,8474,0,12184
2018,IN,3,18179,Wells,2489,8405,0,10894
2018,IN,3,18183,Whitley,3419,9898,0,13317
2018,IN,4,18007,Benton,795,2128,0,2923
2018,IN,4,18011,Boone,3440,8377,0,11817
2018,IN,4,18015,Carroll,1942,4944,0,6886
2018,IN,4,18017,Cass,3733,7590,0,11323
2018,IN,4,18023,Clinton,2584,6535,0,9119
2018,IN,4,18045,Fountain,1439,4385,0,5824
2018,IN,4,18063,Hendricks,22560,39598,0,62158
2018,IN,4,18067,Howard,9441,14867,0,24308
2018,IN,4,18073,Jasper,3069,7423,0,10492
2018,IN,4,18107,Montgomery,3287,9145,0,12432
2018,IN,4,18109,Morgan,2039,6005,0,8044
2018,IN,4,18111,Newton,1349,3205,0,4554
2018,IN,4,18133,Putnam,3384,8473,0,11857
2018,IN,4,18157,Tippecanoe,25378,25571,0,50949
2018,IN,4,18171,Warren,887,2367,0,3254
2018,IN,4,18181,White,2497,5926,0,8423
2018,IN,5,18009,Blackford,854,2103,0,2957
2018,IN,5,18011,Boone,6095,9391,0,15486
2018,IN,5,18053,Grant,5907,14026,0,19933
2018,IN,5,18057,Hamilton,53366,83679,0,137045
2018,IN,5,18067,Howard,985,3189,0,4174
2018,IN,5,18095,Madison,16512,27184,0,43696
2018,IN,5,18097,Marion,52014,35770,0,87784
2018,IN,5,18159,Tipton,1409,4693,0,6102
2018,IN,6,18005,Bartholomew,9607,16161,783,26551
2018,IN,6,18029,Dearborn,4277,13434,469,18180
2018,IN,6,18031,Decatur,2007,6692,277,8976
2018,IN,6,18035,Delaware,18480,18072,1069,37621
2018,IN,6,18041,Fayette,2163,5104,188,7455
2018,IN,6,18047,Franklin,1414,5581,535,7530
2018,IN,6,18059,Hancock,9096,20099,991,30186
2018,IN,6,18065,Henry,4999,10090,634,15723
2018,IN,6,18077,Jefferson,4235,6766,251,11252
2018,IN,6,18079,Jennings,2502,6416,199,9117
2018,IN,6,18115,Ohio,679,1657,56,2392
2018,IN,6,18135,Randolph,2224,5441,413,8078
2018,IN,6,18137,Ripley,2165,6901,413,9479
2018,IN,6,18139,Rush,1572,4244,195,6011
2018,IN,6,18143,Scott,1328,2157,57,3542
2018,IN,6,18145,Shelby,4046,9966,382,14394
2018,IN,6,18155,Switzerland,870,1963,81,2914
2018,IN,6,18161,Union,636,1819,51,2506
2018,IN,6,18177,Wayne,7130,11697,992,19819
2018,IN,7,18097,Marion,141139,76457,0,217596
2018,IN,8,18021,Clay,2207,7040,0,9247
2018,IN,8,18025,Crawford,178,363,0,541
2018,IN,8,18027,Daviess,1627,7026,0,8653
2018,IN,8,18037,Dubois,4932,11389,0,16321
2018,IN,8,18051,Gibson,3491,8889,0,12380
2018,IN,8,18055,Greene,2786,7767,0,10553
2018,IN,8,18083,Knox,3489,8763,0,12252
2018,IN,8,18101,Martin,1029,3185,0,4214
2018,IN,8,18119,Owen,2129,4946,0,7075
2018,IN,8,18121,Parke,1342,3972,0,5314
2018,IN,8,18123,Perry,3119,3914,0,7033
2018,IN,8,18125,Pike,1543,3539,0,5082
2018,IN,8,18129,Posey,3543,7051,0,10594
2018,IN,8,18147,Spencer,2879,5722,0,8601
2018,IN,8,18153,Sullivan,2237,5057,0,7294
2018,IN,8,18163,Vanderburgh,25679,32428,0,58107
2018,IN,8,18165,Vermillion,1970,3412,0,5382
2018,IN,8,18167,Vigo,13844,17576,0,31420
2018,IN,8,18173,Warrick,8871,15357,0,24228
2018,IN,9,18013,Brown,3002,4169,0,7171
2018,IN,9,18019,Clark,19236,23751,0,42987
2018,IN,9,18025,Crawford,1397,1976,0,3373
2018,IN,9,18043,Floyd,14508,17311,0,31819
2018,IN,9,18061,Harrison,5435,10121,0,15556
2018,IN,9,18071,Jackson,4481,9935,0,14416
2018,IN,9,18081,Johnson,18039,33664,0,51703
2018,IN,9,18093,Lawrence,4907,10550,0,15457
2018,IN,9,18105,Monroe,35575,16206,0,51781
2018,IN,9,18109,Morgan,4595,12353,0,16948
2018,IN,9,18117,Orange,2278,4495,0,6773
2018,IN,9,18143,Scott,1667,2379,0,4046
2018,IN,9,18175,Washington,2970,6361,0,9331
2020,IN,1,18089,Lake,131628,79965,4986,216579
2020,IN,1,18091,Laporte,12637,10684,1125,24446
2020,IN,1,18127,Porter,40915,41598,3410,85923
2020,IN,2,18039,Elkhart,25223,49304,0,74527
2020,IN,2,18049,Fulton,2316,6733,0,9049
2020,IN,2,18085,Kosciusko,2504,10261,0,12765
2020,IN,2,18091,Laporte,9482,14203,0,23685
2020,IN,2,18099,Marshall,5679,14019,0,19698
2020,IN,2,18103,Miami,3229,10902,0,14131
2020,IN,2,18131,Pulaski,1424,4317,0,5741
2020,IN,2,18141,St. Joseph,58882,55705,0,114587
2020,IN,2,18149,Starke,2858,7244,0,10102
2020,IN,2,18169,Wabash,3370,10913,0,14283
2020,IN,3,18001,Adams,3045,10954,0,13999
2020,IN,3,18003,Allen,68118,98427,0,166545
2020,IN,3,18009,Blackford,249,918,0,1167
2020,IN,3,18033,Dekalb,4691,14630,0,19321
2020,IN,3,18069,Huntington,3964,13586,0,17550
2020,IN,3,18075,Jay,1881,6399,0,8280
2020,IN,3,18085,Kosciusko,5114,17322,0,22436
2020,IN,3,18087,Lagrange,2123,8318,0,10441
2020,IN,3,18113,Noble,4382,14461,0,18843
2020,IN,3,18151,Steuben,4096,11809,0,15905
2020,IN,3,18179,Wells,3017,10916,0,13933
2020,IN,3,18183,Whitley,4082,13249,0,17331
2020,IN,4,18007,Benton,1018,3013,0,4031
2020,IN,4,18011,Boone,4494,12223,0,16717
2020,IN,4,18015,Carroll,2255,7179,0,9434
2020,IN,4,18017,Cass,4684,10236,0,14920
2020,IN,4,18023,Clinton,3311,9399,0,12710
2020,IN,4,18045,Fountain,1676,6164,0,7840
2020,IN,4,18063,Hendricks,30094,56411,0,86505
2020,IN,4,18067,Howard,12275,21863,0,34138
2020,IN,4,18073,Jasper,3733,11406,0,15139
2020,IN,4,18107,Montgomery,3795,13018,0,16813
2020,IN,4,18109,Morgan,2566,9133,0,11699
2020,IN,4,18111,Newton,1522,4909,0,6431
2020,IN,4,18133,Putnam,3771,12594,0,16365
2020,IN,4,18157,Tippecanoe,33940,36476,0,70416
2020,IN,4,18171,Warren,966,3426,0,4392
2020,IN,4,18181,White,2884,8081,0,10965
2020,IN,5,18009,Blackford,1170,2602,267,4039
2020,IN,5,18011,Boone,9355,11288,664,21307
2020,IN,5,18053,Grant,8011,17210,1532,26753
2020,IN,5,18057,Hamilton,82512,103553,6471,192536
2020,IN,5,18067,Howard,1404,3966,380,5750
2020,IN,5,18095,Madison,19861,28319,3281,51461
2020,IN,5,18097,Marion,67007,35734,3681,106422
2020,IN,5,18159,Tipton,1906,5540,512,7958
2020,IN,6,18005,Bartholomew,11977,22705,1183,35865
2020,IN,6,18029,Dearborn,5145,19335,751,25231
2020,IN,6,18031,Decatur,2279,9518,408,12205
2020,IN,6,18035,Delaware,19646,26240,1701,47587
2020,IN,6,18041,Fayette,2138,7652,210,10000
2020,IN,6,18047,Franklin,1988,9352,463,11803
2020,IN,6,18059,Hancock,11709,29028,1824,42561
2020,IN,6,18065,Henry,5287,14740,889,20916
2020,IN,6,18077,Jefferson,4546,9465,430,14441
2020,IN,6,18079,Jennings,2540,9162,380,12082
2020,IN,6,18115,Ohio,710,2334,67,3111
2020,IN,6,18135,Randolph,2332,8102,510,10944
2020,IN,6,18137,Ripley,2660,10997,497,14154
2020,IN,6,18139,Rush,1662,5906,261,7829
2020,IN,6,18143,Scott,1234,3326,115,4675
2020,IN,6,18145,Shelby,4624,14424,721,19769
2020,IN,6,18155,Switzerland,934,3043,89,4066
2020,IN,6,18161,Union,712,2649,100,3461
2020,IN,6,18177,Wayne,8980,17341,1192,27513
2020,IN,7,18097,Marion,176422,106146,0,282568
2020,IN,8,18021,Clay,2255,9386,381,12022
2020,IN,8,18025,Crawford,187,535,30,752
2020,IN,8,18027,Daviess,1767,9630,337,11734
2020,IN,8,18037,Dubois,5408,14978,727,21113
2020,IN,8,18051,Gibson,3464,11963,527,15954
2020,IN,8,18055,Greene,2986,11008,506,14500
2020,IN,8,18083,Knox,3468,11564,525,15557
2020,IN,8,18101,Martin,866,3887,265,5018
2020,IN,8,18119,Owen,2296,6975,418,9689
2020,IN,8,18121,Parke,1357,5293,251,6901
2020,IN,8,18123,Perry,3034,5277,248,8559
2020,IN,8,18125,Pike,1285,4596,206,6087
2020,IN,8,18129,Posey,3262,9482,374,13118
2020,IN,8,18147,Spencer,3086,7238,278,10602
2020,IN,8,18153,Sullivan,1988,6499,291,8778
2020,IN,8,18163,Vanderburgh,30306,44315,2302,76923
2020,IN,8,18165,Vermillion,1996,4996,272,7264
2020,IN,8,18167,Vigo,16429,24906,1453,42788
2020,IN,8,18173,Warrick,10251,22115,892,33258
2020,IN,9,18013,Brown,2831,5643,391,8865
2020,IN,9,18019,Clark,20246,34130,2441,56817
2020,IN,9,18025,Crawford,1138,2685,157,3980
2020,IN,9,18043,Floyd,15680,24216,1464,41360
2020,IN,9,18061,Harrison,4879,14532,615,20026
2020,IN,9,18071,Jackson,4038,14149,756,18943
2020,IN,9,18081,Johnson,21466,51843,3171,76480
2020,IN,9,18093,Lawrence,4415,15293,897,20605
2020,IN,9,18105,Monroe,37455,22484,2442,62381
2020,IN,9,18109,Morgan,4455,18166,1069,23690
2020,IN,9,18117,Orange,2089,6253,363,8705
2020,IN,9,18143,Scott,1372,3635,184,5191
2020,IN,9,18175,Washington,2502,9028,465,11995
2022,IN,1,18089,Lake,74362,59030,6,133398
2022,IN,1,18091,Laporte,10726,11168,0,21894
2022,IN,1,18127,Porter,27568,30344,3,57915
2022,IN,2,18017,Cass,765,2918,147,3830
2022,IN,2,18039,Elkhart,12944,30924,1018,44886
2022,IN,2,18049,Fulton,1164,4159,169,5492
2022,IN,2,18085,Kosciusko,2846,13171,787,16804
2022,IN,2,18091,Laporte,3220,6279,378,9877
2022,IN,2,18099,Marshall,2990,9439,355,12784
2022,IN,2,18103,Miami,1708,6410,334,8452
2022,IN,2,18131,Pulaski,747,2882,109,3738
2022,IN,2,18141,St. Joseph,32743,36869,1966,71578
2022,IN,2,18149,Starke,1662,4924,255,6841
2022,IN,2,18169,Wabash,2102,7338,351,9791
2022,IN,3,18001,Adams,1850,6840,277,8967
2022,IN,3,18003,Allen,38911,57415,5442,101768
2022,IN,3,18009,Blackford,794,2443,128,3365
2022,IN,3,18033,Dekalb,2731,8382,637,11750
2022,IN,3,18069,Huntington,2473,8236,625,11334
2022,IN,3,18075,Jay,1201,4055,148,5404
2022,IN,3,18085,Kosciusko,1148,4586,170,5904
2022,IN,3,18087,Lagrange,1248,5186,164,6598
2022,IN,3,18113,Noble,2455,8641,406,11502
2022,IN,3,18135,Randolph,1098,3429,112,4639
2022,IN,3,18151,Steuben,2491,6846,330,9667
2022,IN,3,18179,Wells,1622,7172,336,9130
2022,IN,3,18183,Whitley,2555,8348,611,11514
2022,IN,4,18007,Benton,486,1992,0,2478
2022,IN,4,18011,Boone,9146,15440,0,24586
2022,IN,4,18015,Carroll,1314,4900,0,6214
2022,IN,4,18017,Cass,1407,3325,0,4732
2022,IN,4,18023,Clinton,1612,5657,0,7269
2022,IN,4,18045,Fountain,437,1530,0,1967
2022,IN,4,18063,Hendricks,16351,31829,0,48180
2022,IN,4,18067,Howard,96,372,0,468
2022,IN,4,18073,Jasper,1942,7264,0,9206
2022,IN,4,18107,Montgomery,2168,7569,0,9737
2022,IN,4,18109,Morgan,4439,16686,0,21125
2022,IN,4,18111,Newton,814,3161,0,3975
2022,IN,4,18133,Putnam,2347,7499,0,9846
2022,IN,4,18157,Tippecanoe,18119,20268,0,38387
2022,IN,4,18171,Warren,553,2254,0,2807
2022,IN,4,18181,White,1603,5118,0,6721
2022,IN,5,18035,Delaware,12432,17436,0,29868
2022,IN,5,18053,Grant,4201,11564,0,15765
2022,IN,5,18057,Hamilton,54638,74287,0,128925
2022,IN,5,18067,Howard,7667,16649,0,24316
2022,IN,5,18095,Madison,13253,22601,0,35854
2022,IN,5,18159,Tipton,1243,4038,0,5281
2022,IN,6,18005,Bartholomew,7848,12032,0,19880
2022,IN,6,18041,Fayette,1360,4803,0,6163
2022,IN,6,18059,Hancock,7055,16636,0,23691
2022,IN,6,18065,Henry,3590,9862,0,13452
2022,IN,6,18081,Johnson,13765,30859,0,44624
2022,IN,6,18097,Marion,18981,29171,0,48152
2022,IN,6,18135,Randolph,382,1833,0,2215
2022,IN,6,18139,Rush,1001,3822,0,4823
2022,IN,6,18145,Shelby,2841,8597,0,11438
2022,IN,6,18161,Union,522,1970,0,2492
2022,IN,6,18177,Wayne,5493,11101,0,16594
2022,IN,7,18097,Marion,117309,53631,4240,175180
2022,IN,8,18021,Clay,1636,5741,268,7645
2022,IN,8,18025,Crawford,1058,2410,119,3587
2022,IN,8,18027,Daviess,1197,5613,182,6992
2022,IN,8,18037,Dubois,3741,9611,355,13707
2022,IN,8,18045,Fountain,541,2404,72,3017
2022,IN,8,18051,Gibson,2424,7543,229,10196
2022,IN,8,18055,Greene,2177,6931,329,9437
2022,IN,8,18083,Knox,2905,7025,289,10219
2022,IN,8,18101,Martin,722,2630,147,3499
2022,IN,8,18117,Orange,1240,4012,119,5371
2022,IN,8,18119,Owen,1522,4263,378,6163
2022,IN,8,18121,Parke,954,3385,131,4470
2022,IN,8,18123,Perry,2338,3732,156,6226
2022,IN,8,18125,Pike,868,2709,86,3663
2022,IN,8,18129,Posey,2304,6244,223,8771
2022,IN,8,18147,Spencer,2232,5218,149,7599
2022,IN,8,18153,Sullivan,1812,4306,240,6358
2022,IN,8,18163,Vanderburgh,19399,26653,1117,47169
2022,IN,8,18165,Vermillion,1625,3275,160,5060
2022,IN,8,18167,Vigo,11016,15043,737,26796
2022,IN,8,18173,Warrick,6398,13247,450,20095
2022,IN,9,18005,Bartholomew,506,1934,84,2524
2022,IN,9,18013,Brown,2089,3992,303,6384
2022,IN,9,18019,Clark,13073,22026,1199,36298
2022,IN,9,18029,Dearborn,2641,11368,294,14303
2022,IN,9,18031,Decatur,1477,6211,316,8004
2022,IN,9,18043,Floyd,10477,15745,662,26884
2022,IN,9,18047,Franklin,1247,5967,141,7355
2022,IN,9,18061,Harrison,3360,10231,347,13938
2022,IN,9,18071,Jackson,2269,8659,272,11200
2022,IN,9,18077,Jefferson,3152,6388,227,9767
2022,IN,9,18079,Jennings,1613,5951,349,7913
2022,IN,9,18093,Lawrence,2549,9739,439,12727
2022,IN,9,18105,Monroe,24972,14114,1029,40115
2022,IN,9,18115,Ohio,462,1467,34,1963
2022,IN,9,18137,Ripley,1549,6648,177,8374
2022,IN,9,18143,Scott,1901,4780,164,6845
2022,IN,9,18155,Switzerland,659,1922,70,2651
2022,IN,9,18175,Washington,1704,6024,303,8031
2024,IN,1,18089,Lake,116171,86520,2939,205630
2024,IN,1,18091,Laporte,15774,15220,799,31793
2024,IN,1,18127,Porter,40522,43316,1462,85300
2024,IN,2,18017,Cass,1295,4381,240,5916
2024,IN,2,18039,Elkhart,21881,46579,1326,69786
2024,IN,2,18049,Fulton,2032,6541,224,8797
2024,IN,2,18085,Kosciusko,5375,19220,914,25509
2024,IN,2,18091,Laporte,4609,9107,509,14225
2024,IN,2,18099,Marshall,4937,13688,497,19122
2024,IN,2,18103,Miami,3035,9742,574,13351
2024,IN,2,18131,Pulaski,1195,4128,202,5525
2024,IN,2,18141,St. Joseph,52015,54489,2439,108943
2024,IN,2,18149,Starke,2387,7225,350,9962
2024,IN,2,18169,Wabash,3201,9748,533,13482
2024,IN,3,18001,Adams,2770,10026,425,13221
2024,IN,3,18003,Allen,63765,90542,4817,159124
2024,IN,3,18009,Blackford,1111,3417,320,4848
2024,IN,3,18033,Dekalb,4581,13759,701,19041
2024,IN,3,18069,Huntington,3948,12481,720,17149
2024,IN,3,18075,Jay,1568,5897,317,7782
2024,IN,3,18085,Kosciusko,1785,6424,311,8520
2024,IN,3,18087,Lagrange,2013,7602,486,10101
2024,IN,3,18113,Noble,4078,13482,756,18316
2024,IN,3,18135,Randolph,1637,4937,273,6847
2024,IN,3,18151,Steuben,4294,10989,509,15792
2024,IN,3,18179,Wells,2511,10517,500,13528
2024,IN,3,18183,Whitley,3810,12580,880,17270
2024,IN,4,18007,Benton,820,2940,169,3929
2024,IN,4,18011,Boone,13912,23452,1579,38943
2024,IN,4,18015,Carroll,1895,6908,369,9172
2024,IN,4,18017,Cass,2264,5414,405,8083
2024,IN,4,18023,Clinton,2639,8700,552,11891
2024,IN,4,18045,Fountain,578,2392,108,3078
2024,IN,4,18063,Hendricks,27766,49432,3189,80387
2024,IN,4,18067,Howard,117,470,19,606
2024,IN,4,18073,Jasper,3082,11506,536,15124
2024,IN,4,18107,Montgomery,3509,12195,696,16400
2024,IN,4,18109,Morgan,6738,25735,1579,34052
2024,IN,4,18111,Newton,1224,4953,274,6451
2024,IN,4,18133,Putnam,3346,11533,753,15632
2024,IN,4,18157,Tippecanoe,28932,32784,2851,64567
2024,IN,4,18171,Warren,805,3391,131,4327
2024,IN,4,18181,White,2464,7989,500,10953
2024,IN,5,18035,Delaware,17592,23946,2426,43964
2024,IN,5,18053,Grant,6338,16126,1354,23818
2024,IN,5,18057,Hamilton,80280,102120,8726,191126
2024,IN,5,18067,Howard,11524,23199,2757,37480
2024,IN,5,18095,Madison,19089,32518,3525,55132
2024,IN,5,18159,Tipton,1731,5384,569,7684
2024,IN,6,18005,Bartholomew,10936,17670,1107,29713
2024,IN,6,18041,Fayette,2011,7117,308,9436
2024,IN,6,18059,Hancock,13174,27642,2546,43362
2024,IN,6,18065,Henry,5063,14435,893,20391
2024,IN,6,18081,Johnson,22224,47399,3182,72805
2024,IN,6,18097,Marion,30684,46456,3076,80216
2024,IN,6,18135,Randolph,545,2598,102,3245
2024,IN,6,18139,Rush,1600,5302,413,7315
2024,IN,6,18145,Shelby,4563,13204,1025,18792
2024,IN,6,18161,Union,673,2572,130,3375
2024,IN,6,18177,Wayne,8368,16962,929,26259
2024,IN,7,18097,Marion,185987,78792,7369,272148
2024,IN,8,18021,Clay,2260,9070,349,11679
2024,IN,8,18025,Crawford,1208,3373,140,4721
2024,IN,8,18027,Daviess,1786,8975,330,11091
2024,IN,8,18037,Dubois,5230,15013,760,21003
2024,IN,8,18045,Fountain,835,3871,104,4810
2024,IN,8,18051,Gibson,3438,11743,381,15562
2024,IN,8,18055,Greene,2974,10652,404,14030
2024,IN,8,18083,Knox,3249,10824,344,14417
2024,IN,8,18101,Martin,977,3625,288,4890
2024,IN,8,18117,Orange,1815,6275,216,8306
2024,IN,8,18119,Owen,2151,6866,468,9485
2024,IN,8,18121,Parke,1254,5017,179,6450
2024,IN,8,18123,Perry,2783,5404,145,8332
2024,IN,8,18125,Pike,1172,4526,147,5845
2024,IN,8,18129,Posey,3187,9351,256,12794
2024,IN,8,18147,Spencer,2566,7374,191,10131
2024,IN,8,18153,Sullivan,1969,6164,223,8356
2024,IN,8,18163,Vanderburgh,29110,42270,1382,72762
2024,IN,8,18165,Vermillion,1862,4801,228,6891
2024,IN,8,18167,Vigo,15408,23448,1161,40017
2024,IN,8,18173,Warrick,10077,21299,685,32061
2024,IN,9,18005,Bartholomew,827,3099,123,4049
2024,IN,9,18013,Brown,2701,5506,344,8551
2024,IN,9,18019,Clark,21855,33129,1899,56883
2024,IN,9,18029,Dearborn,4884,20813,680,26377
2024,IN,9,18031,Decatur,2069,9201,393,11663
2024,IN,9,18043,Floyd,15941,23841,976,40758
2024,IN,9,18047,Franklin,1843,9415,234,11492
2024,IN,9,18061,Harrison,4894,14884,441,20219
2024,IN,9,18071,Jackson,3534,14459,437,18430
2024,IN,9,18077,Jefferson,4209,9327,310,13846
2024,IN,9,18079,Jennings,2260,8847,412,11519
2024,IN,9,18093,Lawrence,4372,15417,625,20414
2024,IN,9,18105,Monroe,35174,21640,1477,58291
2024,IN,9,18115,Ohio,626,2303,71,3000
2024,IN,9,18137,Ripley,2501,11439,297,14237
2024,IN,9,18143,Scott,2300,6816,220,9336
2024,IN,9,18155,Switzerland,875,3183,85,4143
2024,IN,9,18175,Washington,2535,9565,430,12530
