as_of,pollster_id,n,weight,score,bias,house
2018,1,4,2.52,-0.001,-0.726,-0.45
2018,3,24,7.34,-0.441,-0.785,-0.619
2018,4,2,1.19,-0.153,-0.327,0.031
2018,6,1,0.3,-0.09,-0.18,0.0
2018,7,6,4.28,0.168,-1.47,-0.304
2018,9,38,12.13,0.019,0.858,1.221
2018,10,1,0.59,-0.285,-0.037,0.0
2018,13,30,9.66,-0.485,1.277,-0.232
2018,14,12,3.61,0.074,-1.139,-1.156
2018,15,1,0.21,0.047,-0.165,-0.067
2018,20,3,2.52,-0.412,-0.878,0.645
2018,24,1,0.25,0.279,0.967,0.381
2018,25,4,1.43,0.389,1.305,0.792
2018,27,1,0.21,-0.022,-0.068,-0.059
2018,29,2,1.68,-0.055,-0.273,-0.552
2018,30,7,2.14,0.103,-0.931,-0.567
2018,31,10,2.08,0.19,-0.875,-1.084
2018,32,1,0.3,-0.072,-0.024,0.044
2018,33,6,3.46,-0.177,-1.628,-0.676
2018,35,2,0.84,0.112,-0.131,0.0
2018,36,10,3.47,-0.165,-0.508,-0.281
2018,37,64,24.27,0.001,-0.58,0.111
2018,40,6,2.18,-0.3,0.189,0.371
2018,42,4,1.67,0.032,0.68,0.068
2018,44,1,0.21,-0.038,-0.04,-0.038
2018,47,1,0.84,-0.061,-0.258,0.003
2018,48,7,5.73,-0.215,1.426,0.27
2018,49,4,3.11,0.266,0.896,0.936
2018,50,8,4.25,-0.374,-0.793,-0.582
2018,51,2,1.68,0.05,0.223,0.336
2018,52,11,7.31,-0.473,-1.704,-0.105
2018,53,1,0.25,0.117,-0.281,-0.19
2018,55,14,6.16,0.478,2.305,1.892
2018,57,8,3.91,-0.562,-0.791,0.661
2018,61,1,0.84,0.665,-1.78,-0.881
2018,62,1,0.3,-0.089,-0.088,-0.347
2018,63,1,0.3,-0.034,-0.116,0.0
2018,64,17,5.06,0.707,0.327,0.289
2018,66,2,0.42,0.01,0.384,0.656
2018,67,3,2.27,-0.219,-1.221,0.264
2018,68,1,0.84,-0.189,-0.423,0.0
2018,69,5,3.71,0.319,-2.316,-0.529
2018,70,27,9.27,-0.981,-1.18,-0.116
2018,71,2,0.29,0.345,0.756,0.0
2018,73,7,3.13,-0.375,-0.15,0.493
2018,75,3,0.36,0.019,0.064,0.071
2018,76,7,2.93,-0.31,0.336,0.089
2018,78,1,0.59,-0.158,-0.261,0.0
2018,79,4,0.92,0.078,-0.812,-0.19
2018,81,3,2.52,-0.273,0.253,0.764
2018,84,22,7.12,-0.322,-0.619,-0.481
2018,85,2,0.42,0.194,-0.6,-0.266
2018,86,8,4.37,-0.325,-0.769,-0.008
2018,87,12,5.84,-0.497,-0.604,-1.33
2018,88,62,41.89,-0.263,-0.974,1.21
2018,90,2,0.91,0.061,-0.954,-0.002
2018,92,9,2.95,-0.276,-0.935,-0.798
2018,93,1,0.42,-0.069,0.127,-0.103
2018,94,6,2.23,-0.238,0.619,-0.482
2018,96,7,2.56,-0.059,0.821,-0.056
2018,97,2,1.68,0.0,-0.718,-0.229
2018,98,1,0.21,-0.082,-0.046,0.0
2018,99,1,0.3,0.003,0.137,0.208
2018,101,2,1.68,1.466,3.251,4.553
2018,102,2,0.59,-0.083,-0.09,-0.186
2018,103,18,10.46,0.259,-1.962,-1.041
2018,104,5,0.78,0.032,0.257,0.299
2018,106,9,4.12,0.828,-1.241,-0.833
2018,108,2,0.71,0.072,-0.706,-0.392
2018,109,4,2.09,-0.118,-0.287,-0.217
2018,112,15,2.11,0.325,0.888,0.66
2018,113,11,4.67,-0.305,-0.469,-1.438
2018,114,15,2.63,0.084,0.694,0.386
2018,115,21,6.32,0.42,-0.828,-0.628
2018,116,1,0.59,0.686,-1.301,0.0
2018,117,6,2.74,-0.084,0.073,0.116
2018,118,14,5.47,0.304,-1.442,-2.006
2018,119,4,1.67,-0.097,0.463,-0.014
2018,120,1,0.42,0.18,0.564,0.36
2018,121,3,1.18,0.142,0.234,0.804
2018,124,87,48.19,0.2,-1.369,0.38
2018,125,1,0.3,0.061,0.268,0.0
2018,126,28,8.02,0.104,-1.863,-1.174
2018,127,7,3.7,0.07,1.237,-0.095
2018,128,1,0.3,0.264,-0.702,0.0
2018,129,23,6.95,-0.512,-0.298,-1.168
2018,130,2,1.01,0.197,-0.457,-0.082
2018,131,4,2.69,0.825,1.957,1.906
2018,132,7,4.45,-0.936,-0.234,0.661
2018,133,3,0.36,-0.042,0.032,0.03
2018,134,8,2.85,-0.235,-0.587,-0.575
2018,136,7,1.21,0.657,-1.664,-0.951
2018,137,4,2.07,0.197,-0.254,0.52
2018,138,14,7.01,0.165,-3.01,1.012
2018,139,2,0.84,-0.141,-0.005,-0.161
2018,140,1,0.21,0.026,0.134,0.166
2018,141,1,0.42,0.07,0.352,0.075
2018,142,6,1.88,0.265,-0.103,-0.06
2018,143,4,0.92,0.23,-0.797,-0.568
2018,144,14,2.96,-0.239,0.546,0.784
2018,145,2,1.41,0.001,0.964,0.053
2018,152,1,0.3,0.013,0.201,0.059
2018,154,114,60.5,-0.29,-2.268,0.256
2018,155,5,1.81,0.716,-2.041,-1.536
2018,156,8,5.16,-0.284,1.559,0.263
2018,157,1,0.59,1.714,-2.962,0.0
2018,161,5,2.86,-0.145,-0.478,-0.67
2018,162,5,1.9,-0.124,-0.555,-1.195
2018,163,6,2.02,0.17,1.174,0.427
2018,164,1,0.21,-0.038,0.01,0.009
2018,165,8,2.77,-0.167,-0.275,-0.323
2018,166,24,9.35,-0.245,-1.677,0.174
2018,171,14,10.28,0.388,-2.537,0.302
2018,172,2,0.42,0.013,-0.163,-0.131
2018,175,15,8.94,0.03,-1.926,-1.339
2018,176,2,0.5,0.112,-0.625,-0.237
2018,177,2,0.84,-0.23,0.268,-0.481
2018,179,7,3.26,0.21,0.748,0.101
2018,180,14,7.7,-0.204,-0.485,1.08
2018,182,1,0.71,0.031,0.505,0.47
2018,183,79,36.52,-0.204,-0.885,0.227
2018,184,2,0.42,-0.057,-0.184,-0.094
2018,185,5,2.25,-0.076,-1.279,-1.03
2018,187,4,1.22,-0.242,0.202,0.163
2018,193,2,1.14,0.12,-0.861,-0.45
2018,195,6,3.53,-0.402,-0.721,0.234
2018,196,3,0.62,0.029,0.222,0.088
2018,197,104,35.03,-0.059,-0.661,1.0
2018,198,10,5.58,-0.647,0.82,0.612
2018,202,2,1.19,-0.005,-0.392,-0.002
2018,203,19,6.82,1.491,2.141,2.047
2018,205,23,7.46,0.166,-1.829,-2.269
2018,207,24,8.47,0.865,3.698,2.536
2018,208,4,2.02,0.263,-1.227,0.034
2018,212,3,0.89,-0.175,-0.41,0.176
2018,213,20,6.3,-0.015,-1.052,-0.526
2018,214,1,0.3,0.207,-0.617,-0.285
2018,215,58,33.57,-0.888,-2.539,0.329
2018,216,3,0.62,-0.118,-0.097,-0.203
2018,217,5,1.72,0.012,0.918,0.724
2018,218,9,3.51,-0.193,-0.805,0.05
2018,219,21,5.75,-0.401,-0.45,0.045
2018,221,14,4.93,0.039,-0.655,-0.21
2018,225,7,2.47,-0.148,0.713,0.636
2018,227,2,0.5,0.058,0.805,0.294
2018,228,19,6.26,-0.245,1.371,0.672
2018,231,9,4.29,2.076,-5.224,-1.755
2018,232,6,1.81,0.253,-0.99,-0.893
2018,233,6,2.93,-0.455,0.646,0.452
2018,234,1,0.21,-0.067,-0.013,0.105
2018,237,1,0.21,0.141,-0.289,-0.264
2018,238,1,0.5,-0.052,-0.262,0.046
2018,239,8,2.64,0.431,1.749,1.222
2018,242,4,1.68,1.251,-3.076,-1.646
2018,243,36,11.77,0.286,-1.614,-0.128
2018,244,6,2.14,0.341,0.907,-0.252
2018,245,9,3.89,0.568,1.513,1.089
2018,246,2,0.42,-0.001,-0.115,-0.237
2018,249,12,4.21,-0.296,-1.872,0.187
2018,250,17,5.02,-0.151,-1.971,-0.203
2018,253,9,2.8,0.103,-0.612,-0.391
2018,257,3,2.52,-0.486,0.434,0.949
2018,258,12,3.44,0.107,-0.76,-0.519
2018,259,1,0.59,-0.102,0.335,0.0
2018,260,46,16.91,-0.232,0.276,2.444
2018,262,7,3.49,-0.144,1.275,0.158
2018,263,296,99.84,-0.383,-1.409,-0.844
2018,265,4,1.67,-0.025,0.525,0.06
2018,267,96,35.64,-0.25,-1.686,-0.638
2018,269,1,0.84,-0.036,-0.609,0.114
2018,270,4,1.56,0.109,-0.57,-0.585
2018,271,2,0.59,-0.099,0.087,-0.085
2018,272,2,1.68,-0.341,-0.039,0.481
2018,274,7,4.49,-0.854,-0.326,0.779
2018,276,1,0.21,0.137,-0.307,-0.205
2018,277,112,52.47,0.453,-2.441,-0.47
2018,279,33,17.79,0.188,-1.627,1.124
2018,280,16,6.04,-0.488,1.171,-0.093
2018,285,3,0.89,-0.064,-0.345,0.201
2018,289,1,0.3,0.661,-1.197,0.0
2018,290,2,0.42,-0.045,0.116,0.078
2018,291,1,0.3,-0.069,0.237,0.4
2018,292,10,4.78,1.046,-0.365,-0.468
2018,294,1,0.3,0.037,-0.15,-0.166
2018,295,4,1.54,0.696,-0.14,-0.013
2018,298,2,1.19,0.237,-0.653,-0.584
2018,299,4,3.11,0.953,-2.288,-1.636
2018,301,1,0.3,-0.018,0.089,0.117
2018,302,3,1.05,-0.06,0.035,0.195
2018,304,18,8.78,-1.228,0.06,1.377
2018,305,40,18.33,-0.808,2.902,0.218
2018,306,1,0.84,-0.274,0.076,0.0
2018,307,2,0.84,0.222,0.582,0.542
2018,308,11,4.34,0.043,-2.077,0.374
2018,309,2,0.42,0.081,-0.469,-0.078
2018,310,2,1.68,-0.058,-1.037,-0.355
2018,312,5,1.97,0.291,-0.798,-0.164
2018,313,6,2.44,0.029,-0.071,-0.13
2018,314,11,5.15,0.027,1.372,0.422
2018,316,1,0.84,-0.252,-0.311,0.456
2018,317,8,5.45,-0.349,-0.451,-0.06
2018,318,2,1.19,-0.372,-0.093,0.484
2018,321,4,2.02,-0.215,0.053,-0.206
2018,322,1,1.0,0.239,0.959,0.606
2018,323,39,18.3,0.035,-0.883,-1.004
2018,324,200,118.95,1.291,-5.3,-2.279
2018,325,256,75.26,-0.445,-0.374,-0.267
2018,326,29,10.12,0.253,-0.018,0.522
2018,332,3,2.52,0.121,-1.278,-0.352
2018,333,13,4.63,-0.043,0.889,1.388
2018,334,9,2.86,-0.133,-0.398,-0.148
2018,336,1,0.21,-0.022,0.033,0.013
2018,337,7,4.18,0.025,1.514,0.6
2018,338,15,12.16,-0.45,0.565,2.032
2018,339,1,0.71,-0.096,0.343,0.276
2018,340,2,0.59,-0.114,0.237,-0.177
2018,343,3,1.45,0.072,0.641,1.099
2018,345,5,3.16,-0.602,-1.397,1.093
2018,346,12,2.58,-0.178,0.386,0.311
2018,347,1,0.21,-0.018,-0.067,-0.152
2018,349,1,0.59,-0.087,-0.074,0.032
2018,353,1,0.42,0.096,0.328,0.161
2018,355,9,5.63,-0.508,0.216,0.313
2018,357,73,25.61,0.96,-3.959,-1.956
2018,358,4,2.68,0.281,-0.658,0.022
2018,360,2,1.68,-0.085,-0.596,-0.1
2018,361,3,0.71,-0.12,-0.022,0.148
2018,364,8,2.14,-0.03,-0.459,-1.016
2018,365,1,0.21,0.012,0.099,0.034
2018,367,1,0.21,0.038,0.216,0.0
2018,370,3,0.66,-0.055,-0.16,-0.122
2018,371,3,1.18,-0.093,-0.437,0.048
2018,372,11,6.63,-0.406,0.21,1.446
2018,375,9,3.92,-0.567,-0.211,-0.544
2018,376,36,14.7,-0.137,0.856,0.1
2018,379,3,2.39,0.252,-1.852,0.144
2018,380,8,3.78,-0.341,0.546,-0.261
2018,382,7,2.8,0.18,-1.301,-0.669
2018,383,8,3.45,0.351,0.421,1.479
2018,385,5,1.43,0.147,-0.899,-0.603
2018,386,1,0.84,-0.194,0.03,0.173
2018,388,1,0.3,-0.048,-0.03,-0.056
2018,389,3,2.52,-0.897,-0.812,1.356
2018,391,364,159.79,0.491,-1.932,-0.355
2018,392,1,0.3,-0.026,-0.222,0.0
2018,393,3,1.45,0.217,0.75,0.428
2018,394,1,0.21,0.043,-0.165,-0.067
2018,395,81,15.13,0.274,0.029,-0.118
2018,396,32,9.65,0.556,2.641,1.092
2018,412,1,0.42,-0.094,0.043,-0.127
2018,422,1,0.59,-0.281,0.051,0.0
2018,425,2,0.84,-0.304,0.022,0.567
2018,448,11,7.92,0.09,-1.255,-0.003
2018,478,1,0.42,0.157,0.442,0.297
2018,524,1,0.59,-0.272,-0.142,0.0
2018,525,1,0.42,0.359,0.861,0.0
2018,527,1,0.59,0.059,0.3,0.366
2018,572,9,7.56,-0.675,0.212,0.364
2018,576,1,0.42,-0.036,0.321,-0.082
2018,580,2,1.68,0.466,-1.165,-1.19
2018,644,1,1.0,-0.272,0.292,-0.116
2018,654,2,0.42,0.463,1.043,0.0
2018,656,1,0.21,0.26,-0.537,0.0
2018,664,1,0.21,0.129,-0.289,-0.317
2018,665,1,1.0,0.232,0.97,0.618
2018,727,4,2.37,1.701,-3.758,0.0
2018,751,8,5.74,-0.024,-2.22,-0.117
2018,754,3,2.84,-0.645,0.183,-0.65
2018,776,287,60.14,0.734,2.433,1.933
2018,810,9,2.56,-0.159,-0.179,0.075
2018,811,3,0.89,-0.19,-0.095,-0.91
2018,812,26,3.6,-0.183,0.35,0.176
2020,1,5,2.62,0.129,-0.934,-0.871
2020,3,25,6.02,-0.439,-0.575,-0.487
2020,4,2,0.84,-0.111,-0.24,0.022
2020,6,1,0.21,-0.064,-0.128,0.0
2020,7,6,3.02,0.128,-1.156,-0.239
2020,9,38,8.56,0.016,0.736,1.047
2020,10,3,2.1,-0.294,0.461,0.386
2020,13,30,6.81,-0.394,1.074,-0.195
2020,14,14,4.23,-0.064,-1.136,-1.02
2020,15,1,0.15,0.034,-0.118,-0.047
2020,20,3,1.78,-0.307,-0.667,0.49
2020,24,1,0.17,0.198,0.688,0.271
2020,25,4,1.01,0.283,0.964,0.578
2020,27,1,0.15,-0.015,-0.049,-0.042
2020,29,2,1.19,-0.04,-0.203,-0.41
2020,30,7,1.51,0.076,-0.7,-0.42
2020,31,10,1.47,0.14,-0.657,-0.814
2020,32,1,0.21,-0.051,-0.017,0.031
2020,33,6,2.44,-0.134,-1.261,-0.51
2020,35,2,0.59,0.081,-0.095,0.0
2020,36,10,2.45,-0.125,-0.394,-0.218
2020,37,64,17.12,0.001,-0.525,0.101
2020,40,6,1.54,-0.222,0.142,0.28
2020,42,4,1.18,0.023,0.506,0.05
2020,44,1,0.15,-0.027,-0.028,-0.027
2020,47,1,0.59,-0.044,-0.188,0.002
2020,48,57,45.55,0.567,-1.371,0.005
2020,49,4,2.2,0.199,0.689,0.706
2020,50,9,3.84,-0.463,-0.654,-0.455
2020,51,2,1.19,0.036,0.166,0.25
2020,52,11,5.16,-0.375,-1.399,-0.086
2020,53,1,0.17,0.083,-0.2,-0.136
2020,55,14,4.35,0.375,1.865,1.496
2020,57,8,2.76,-0.428,-0.618,0.516
2020,61,1,0.59,0.478,-1.292,-0.639
2020,62,1,0.21,-0.064,-0.062,-0.247
2020,63,1,0.21,-0.024,-0.082,0.0
2020,64,17,3.57,0.547,0.26,0.222
2020,66,2,0.29,0.007,0.275,0.47
2020,67,13,10.16,-1.069,-1.264,1.108
2020,68,1,0.59,-0.136,-0.307,0.0
2020,69,7,4.29,0.164,-1.491,-0.402
2020,70,27,6.54,-0.794,-0.989,-0.087
2020,71,2,0.21,0.245,0.539,0.0
2020,73,8,3.05,-0.115,-0.549,-0.248
2020,75,3,0.25,0.014,0.046,0.05
2020,76,7,2.07,-0.232,0.257,0.068
2020,78,1,0.42,-0.113,-0.188,0.0
2020,79,4,0.65,0.056,-0.591,-0.138
2020,81,8,5.98,1.206,2.374,2.049
2020,84,24,6.7,-0.371,-0.216,0.108
2020,85,2,0.29,0.138,-0.429,-0.191
2020,86,8,3.08,-0.249,-0.605,-0.007
2020,87,12,4.12,-0.388,-0.487,-1.072
2020,88,122,79.46,-0.592,-0.286,0.529
2020,90,3,1.48,0.041,-0.162,0.967
2020,92,9,2.08,-0.207,-0.716,-0.608
2020,93,1,0.3,-0.049,0.091,-0.074
2020,94,6,1.57,-0.176,0.467,-0.363
2020,96,9,3.49,-0.134,1.174,-0.041
2020,97,4,2.87,-0.044,-0.722,-0.04
2020,98,1,0.15,-0.058,-0.032,0.0
2020,99,1,0.21,0.002,0.098,0.148
2020,101,2,1.19,1.073,2.417,3.386
2020,102,2,0.42,-0.06,-0.065,-0.134
2020,103,26,14.1,0.127,-2.022,-0.717
2020,104,5,0.55,0.023,0.186,0.217
2020,106,11,4.58,0.641,-1.564,-1.411
2020,108,2,0.5,0.052,-0.51,-0.284
2020,109,7,4.0,-0.327,-0.213,-0.036
2020,112,16,2.33,0.211,0.411,0.184
2020,113,11,3.29,-0.234,-0.371,-1.109
2020,114,15,1.86,0.062,0.528,0.294
2020,115,21,4.46,0.33,-0.671,-0.51
2020,116,1,0.42,0.491,-0.937,0.0
2020,117,8,3.61,0.25,-0.902,-0.802
2020,118,14,3.86,0.236,-1.156,-1.586
2020,119,4,1.18,-0.071,0.344,-0.011
2020,120,1,0.3,0.128,0.404,0.258
2020,121,3,0.83,0.103,0.172,0.59
2020,124,107,49.82,0.044,-1.279,-0.11
2020,125,1,0.21,0.043,0.191,0.0
2020,126,30,7.34,0.159,-1.408,-1.002
2020,127,7,2.61,0.053,0.946,-0.072
2020,128,1,0.21,0.188,-0.501,0.0
2020,129,23,4.9,-0.405,-0.244,-0.946
2020,130,2,0.71,0.142,-0.334,-0.058
2020,131,4,1.9,0.615,1.491,1.452
2020,132,7,3.14,-0.717,-0.185,0.516
2020,133,37,15.57,0.132,0.102,0.003
2020,134,8,2.01,-0.176,-0.449,-0.432
2020,136,7,0.86,0.477,-1.221,-0.694
2020,137,4,1.46,0.145,-0.191,0.391
2020,138,16,6.62,-0.025,-1.713,0.783
2020,139,2,0.59,-0.101,-0.004,-0.117
2020,140,1,0.15,0.018,0.096,0.118
2020,141,2,1.14,0.037,0.542,0.053
2020,142,6,1.33,0.195,-0.077,-0.044
2020,143,4,0.65,0.166,-0.58,-0.41
2020,144,15,2.93,-0.297,0.349,0.461
2020,145,2,1.0,0.001,0.712,0.039
2020,152,1,0.21,0.009,0.143,0.042
2020,154,124,50.02,-0.001,-1.507,0.437
2020,155,8,3.31,0.536,-2.299,-1.14
2020,156,9,4.64,-0.209,1.317,0.278
2020,157,2,1.26,2.514,-4.869,0.0
2020,161,5,2.02,-0.108,-0.366,-0.513
2020,162,5,1.34,-0.092,-0.415,-0.894
2020,163,6,1.42,0.126,0.881,0.32
2020,164,1,0.15,-0.027,0.007,0.006
2020,165,9,2.79,-0.128,-0.561,-0.751
2020,166,24,6.6,-0.199,-1.407,0.141
2020,171,14,7.25,0.317,-2.146,0.245
2020,172,2,0.29,0.009,-0.117,-0.094
2020,175,16,7.15,0.015,-1.381,-0.947
2020,176,2,0.36,0.08,-0.449,-0.169
2020,177,2,0.59,-0.165,0.195,-0.349
2020,179,9,3.98,0.15,0.533,0.077
2020,180,14,5.43,-0.163,-0.4,0.886
2020,182,1,0.5,0.022,0.365,0.34
2020,183,90,34.52,-0.247,-1.417,-0.165
2020,184,2,0.29,-0.04,-0.132,-0.067
2020,185,5,1.59,-0.056,-0.965,-0.777
2020,187,4,0.86,-0.176,0.148,0.119
2020,193,4,2.48,0.446,-1.645,-1.295
2020,195,8,4.17,-0.501,-0.418,0.277
2020,196,3,0.44,0.021,0.16,0.064
2020,197,112,31.27,-0.396,-0.394,1.335
2020,198,12,5.62,-0.355,1.297,0.923
2020,202,2,0.84,-0.004,-0.287,-0.001
2020,203,20,5.65,1.313,2.041,1.947
2020,205,23,5.27,0.132,-1.505,-1.854
2020,207,24,5.98,0.695,3.075,1.944
2020,208,4,1.43,0.194,-0.92,0.025
2020,212,3,0.62,-0.126,-0.298,0.126
2020,213,26,7.35,-0.223,-0.519,0.104
2020,214,1,0.21,0.147,-0.44,-0.203
2020,215,64,28.72,-0.75,-1.593,0.219
2020,216,3,0.44,-0.084,-0.07,-0.144
2020,217,5,1.22,0.009,0.684,0.533
2020,218,13,4.16,-0.031,-0.053,0.453
2020,219,24,6.58,-0.629,-0.402,-0.253
2020,221,16,4.67,-0.099,-0.424,-0.166
2020,225,7,1.74,-0.11,0.54,0.471
2020,227,2,0.35,0.042,0.578,0.211
2020,228,19,4.42,-0.192,1.111,0.524
2020,231,9,3.03,1.588,-4.109,-1.324
2020,232,6,1.28,0.186,-0.738,-0.649
2020,233,6,2.07,-0.341,0.495,0.332
2020,234,1,0.15,-0.048,-0.009,0.074
2020,235,4,2.87,0.297,1.397,1.512
2020,237,1,0.15,0.1,-0.206,-0.188
2020,238,1,0.35,-0.037,-0.188,0.033
2020,239,11,4.38,0.107,1.649,2.065
2020,242,4,1.18,0.916,-2.287,-1.224
2020,243,38,9.49,0.1,-1.388,-0.26
2020,244,6,1.51,0.252,0.682,-0.181
2020,245,11,4.43,0.057,1.434,0.85
2020,246,2,0.29,-0.001,-0.082,-0.169
2020,249,12,2.97,-0.226,-1.47,0.144
2020,250,17,3.54,-0.117,-1.569,-0.15
2020,253,9,1.98,0.077,-0.468,-0.299
2020,257,3,1.78,-0.361,0.33,0.72
2020,258,12,2.43,0.081,-0.588,-0.402
2020,259,3,2.1,0.177,1.435,0.563
2020,260,47,12.77,-0.088,0.561,2.111
2020,262,9,4.14,0.364,1.906,0.532
2020,263,298,72.13,-0.359,-1.252,-0.754
2020,265,4,1.18,-0.018,0.391,0.045
2020,267,105,31.73,-0.253,-1.68,-0.864
2020,268,1,0.84,-0.283,-0.161,0.152
2020,269,2,1.43,-0.008,-0.73,-0.221
2020,270,4,1.1,0.08,-0.422,-0.434
2020,271,2,0.42,-0.071,0.063,-0.061
2020,272,2,1.19,-0.25,-0.029,0.357
2020,274,9,5.17,-0.416,-1.323,0.856
2020,276,1,0.15,0.097,-0.219,-0.145
2020,277,115,38.48,0.537,-2.027,-0.224
2020,279,37,14.85,-0.007,-1.561,1.059
2020,280,20,7.62,-0.523,1.906,-0.673
2020,285,3,0.62,-0.046,-0.251,0.145
2020,289,1,0.21,0.47,-0.854,0.0
2020,290,2,0.29,-0.032,0.083,0.056
2020,291,1,0.21,-0.049,0.169,0.285
2020,292,10,3.37,0.806,-0.29,-0.371
2020,294,1,0.21,0.026,-0.107,-0.118
2020,295,5,1.93,0.635,0.428,0.419
2020,297,11,8.26,0.407,-2.112,-1.881
2020,298,2,0.84,0.172,-0.479,-0.429
2020,299,6,3.88,1.358,-2.961,-2.236
2020,301,1,0.21,-0.013,0.063,0.083
2020,302,5,2.42,0.011,-0.342,0.143
2020,304,19,7.03,-0.91,-0.217,0.935
2020,305,44,16.29,-0.105,3.523,0.179
2020,306,1,0.59,-0.197,0.055,0.0
2020,307,2,0.59,0.16,0.423,0.393
2020,308,14,5.09,0.613,-1.302,0.276
2020,309,2,0.29,0.058,-0.336,-0.056
2020,310,2,1.19,-0.042,-0.771,-0.264
2020,312,8,3.91,0.136,-1.237,-1.542
2020,313,6,1.72,0.021,-0.054,-0.099
2020,314,19,7.61,-0.184,0.22,0.322
2020,316,1,0.59,-0.182,-0.226,0.331
2020,317,10,5.53,-0.22,-0.946,-0.292
2020,318,2,0.84,-0.269,-0.068,0.355
2020,321,4,1.43,-0.159,0.04,-0.154
2020,322,1,0.71,0.172,0.699,0.442
2020,323,44,17.11,-0.218,-0.469,-0.593
2020,324,201,84.93,1.201,-5.086,-2.086
2020,325,268,63.18,-0.35,-0.128,-0.324
2020,326,35,12.18,0.824,-2.012,0.424
2020,330,4,3.36,0.25,1.153,0.939
2020,332,3,1.78,0.09,-0.97,-0.268
2020,333,14,4.11,-0.249,0.62,1.22
2020,334,9,2.02,-0.1,-0.304,-0.113
2020,336,1,0.15,-0.016,0.024,0.009
2020,337,7,2.95,0.019,1.188,0.457
2020,338,33,22.55,0.118,1.459,1.982
2020,339,1,0.5,-0.069,0.248,0.199
2020,340,3,1.26,-0.537,0.227,-1.006
2020,343,6,2.48,0.458,-0.493,-0.354
2020,345,5,2.23,-0.453,-1.075,0.841
2020,346,12,1.82,-0.132,0.293,0.236
2020,347,1,0.15,-0.013,-0.047,-0.108
2020,349,1,0.42,-0.062,-0.054,0.023
2020,350,1,0.84,-0.132,-0.151,-0.233
2020,353,1,0.3,0.068,0.235,0.115
2020,355,9,3.97,-0.395,0.174,0.251
2020,357,76,20.59,0.927,-3.846,-1.823
2020,358,4,1.89,0.209,-0.502,0.017
2020,360,4,2.87,-0.045,-0.955,-0.281
2020,361,3,0.5,-0.086,-0.016,0.106
2020,364,8,1.51,-0.022,-0.345,-0.764
2020,365,1,0.15,0.008,0.07,0.024
2020,367,1,0.15,0.027,0.153,0.0
2020,370,3,0.47,-0.04,-0.115,-0.088
2020,371,3,0.83,-0.067,-0.321,0.035
2020,372,18,10.56,-0.189,-1.012,0.255
2020,375,9,2.76,-0.431,-0.165,-0.408
2020,376,36,10.37,-0.115,0.746,0.081
2020,379,3,1.68,0.187,-1.402,0.109
2020,380,10,4.35,-0.249,0.277,-0.965
2020,382,7,1.98,0.134,-0.994,-0.486
2020,383,10,4.12,0.957,1.949,2.037
2020,385,5,1.01,0.107,-0.664,-0.443
2020,386,1,0.59,-0.14,0.022,0.126
2020,388,1,0.21,-0.034,-0.021,-0.04
2020,389,3,1.78,-0.667,-0.616,1.03
2020,391,377,121.99,0.322,-1.703,-0.3
2020,392,1,0.21,-0.018,-0.158,0.0
2020,393,3,1.03,0.158,0.555,0.317
2020,394,1,0.15,0.031,-0.118,-0.047
2020,395,81,10.68,0.232,0.026,-0.103
2020,396,32,6.81,0.451,2.221,0.864
2020,401,2,1.68,0.374,-1.367,-0.542
2020,412,1,0.3,-0.067,0.031,-0.091
2020,415,1,1.0,0.426,-1.01,-0.852
2020,416,2,1.68,0.119,0.771,0.634
2020,422,1,0.42,-0.201,0.037,0.0
2020,425,2,0.59,-0.219,0.016,0.412
2020,428,1,0.84,-0.154,-0.047,-0.116
2020,437,1,0.84,-0.244,-0.029,0.0
2020,448,56,43.39,-1.032,0.563,-1.136
2020,449,21,17.64,-0.3,0.728,-0.023
2020,450,5,4.2,0.937,3.402,1.172
2020,451,1,0.84,0.393,-0.883,0.0
2020,452,2,1.19,0.733,2.011,0.816
2020,454,7,6.36,1.026,-2.747,-0.403
2020,455,1,0.84,-0.173,0.249,0.0
2020,456,2,1.68,0.495,-1.718,-0.682
2020,457,2,1.68,-0.388,0.561,-0.229
2020,458,2,1.68,-0.07,0.705,0.164
2020,459,2,1.68,0.163,1.298,0.16
2020,460,1,0.84,-0.158,0.193,0.48
2020,461,1,0.84,-0.247,0.058,0.366
2020,462,5,4.2,0.303,-0.666,0.035
2020,463,2,1.68,-0.428,0.094,0.328
2020,464,1,0.84,-0.248,-0.18,0.386
2020,478,1,0.3,0.112,0.317,0.213
2020,503,3,2.52,0.419,1.337,0.0
2020,513,1,1.0,0.248,-0.777,-0.611
2020,514,1,1.0,-0.189,-0.221,0.222
2020,522,1,1.0,0.012,0.252,0.131
2020,524,1,0.42,-0.194,-0.102,0.0
2020,525,1,0.3,0.256,0.617,0.0
2020,527,1,0.42,0.042,0.216,0.263
2020,530,2,1.41,-0.069,0.101,-0.103
2020,572,9,5.33,-0.537,0.173,0.296
2020,576,1,0.3,-0.025,0.23,-0.058
2020,580,2,1.19,0.341,-0.867,-0.885
2020,617,2,1.68,-0.238,0.069,0.504
2020,644,1,0.71,-0.196,0.213,-0.084
2020,654,2,0.29,0.33,0.747,0.0
2020,656,1,0.15,0.185,-0.382,0.0
2020,664,1,0.15,0.091,-0.205,-0.225
2020,665,1,0.71,0.167,0.708,0.451
2020,677,3,2.52,-0.109,0.229,1.0
2020,727,4,1.67,1.261,-2.843,0.0
2020,748,1,0.84,0.163,0.579,0.836
2020,751,8,4.05,-0.019,-1.786,-0.088
2020,754,5,3.19,-0.811,0.165,-0.497
2020,758,2,1.19,0.338,1.416,0.414
2020,776,287,42.43,0.687,2.319,1.839
2020,810,10,2.65,-0.247,-0.164,-0.043
2020,811,3,0.62,-0.137,-0.069,-0.661
2020,812,26,2.54,-0.138,0.272,0.136
2022,1,5,1.85,0.096,-0.711,-0.658
2022,3,32,10.12,-0.242,-2.084,-0.421
2022,4,2,0.59,-0.08,-0.174,0.016
2022,6,1,0.15,-0.046,-0.091,0.0
2022,7,6,2.13,0.096,-0.887,-0.183
2022,9,41,8.56,1.06,-1.497,-0.846
2022,10,4,2.48,0.246,0.346,0.28
2022,13,31,5.65,-0.33,0.601,-0.134
2022,14,15,3.82,0.073,-1.591,-0.776
2022,15,1,0.1,0.024,-0.083,-0.034
2022,20,3,1.25,-0.225,-0.497,0.365
2022,24,1,0.12,0.14,0.489,0.192
2022,25,4,0.71,0.204,0.703,0.418
2022,27,1,0.1,-0.011,-0.035,-0.03
2022,29,2,0.84,-0.029,-0.149,-0.301
2022,30,7,1.06,0.056,-0.518,-0.307
2022,31,10,1.04,0.102,-0.486,-0.602
2022,32,1,0.15,-0.036,-0.012,0.022
2022,33,6,1.72,-0.099,-0.955,-0.378
2022,35,2,0.42,0.058,-0.068,0.0
2022,36,10,1.73,-0.093,-0.298,-0.165
2022,37,64,12.08,0.001,-0.464,0.089
2022,40,6,1.09,-0.162,0.105,0.207
2022,42,4,0.83,0.017,0.371,0.037
2022,44,1,0.1,-0.019,-0.02,-0.019
2022,47,1,0.42,-0.031,-0.135,0.001
2022,48,101,63.61,0.317,-3.236,-0.026
2022,49,4,1.55,0.147,0.519,0.524
2022,50,13,6.23,-0.441,-1.243,-0.606
2022,51,2,0.84,0.026,0.122,0.183
2022,52,11,3.64,-0.291,-1.116,-0.069
2022,53,1,0.12,0.059,-0.142,-0.096
2022,55,14,3.07,0.287,1.468,1.154
2022,57,8,1.95,-0.319,-0.471,0.394
2022,61,1,0.42,0.342,-0.93,-0.46
2022,62,1,0.15,-0.045,-0.044,-0.176
2022,63,1,0.15,-0.017,-0.059,0.0
2022,64,17,2.52,0.414,0.202,0.167
2022,66,2,0.21,0.005,0.196,0.335
2022,67,21,14.05,-0.692,-2.66,1.101
2022,68,5,3.78,0.753,-3.302,0.0
2022,69,7,3.03,0.125,-1.173,-0.3
2022,70,27,4.61,-0.625,-0.804,-0.064
2022,71,2,0.15,0.174,0.383,0.0
2022,73,12,4.53,-0.301,-0.711,0.103
2022,75,3,0.18,0.01,0.033,0.036
2022,76,7,1.46,-0.171,0.193,0.051
2022,78,1,0.3,-0.081,-0.134,0.0
2022,79,4,0.46,0.04,-0.426,-0.1
2022,81,8,4.22,0.943,1.916,1.612
2022,84,28,7.11,-0.455,-0.858,0.225
2022,85,2,0.21,0.098,-0.306,-0.136
2022,86,8,2.17,-0.187,-0.465,-0.005
2022,87,12,2.91,-0.296,-0.382,-0.84
2022,88,159,84.5,-0.736,-1.086,0.835
2022,90,3,1.05,0.03,-0.12,0.715
2022,91,1,0.84,0.911,-2.03,-1.293
2022,92,10,2.47,0.008,-1.039,-0.594
2022,93,1,0.21,-0.035,0.065,-0.053
2022,94,6,1.11,-0.129,0.346,-0.269
2022,96,9,2.46,-0.102,0.91,-0.03
2022,97,5,2.86,-0.039,-0.927,-0.033
2022,98,1,0.1,-0.041,-0.023,0.0
2022,99,1,0.15,0.001,0.069,0.105
2022,101,2,0.84,0.778,1.773,2.483
2022,102,2,0.29,-0.042,-0.046,-0.096
2022,103,34,16.41,0.25,-2.431,-0.415
2022,104,5,0.39,0.016,0.134,0.156
2022,106,13,4.91,0.142,-1.616,-1.113
2022,108,7,4.56,-0.255,-1.568,0.092
2022,109,13,7.86,0.252,-2.338,-1.079
2022,112,16,1.64,0.156,0.31,0.139
2022,113,14,4.84,0.447,-1.947,-1.435
2022,114,15,1.31,0.046,0.395,0.22
2022,115,21,3.15,0.253,-0.529,-0.402
2022,116,1,0.3,0.35,-0.671,0.0
2022,117,10,4.23,0.21,-1.486,-0.683
2022,118,14,2.72,0.179,-0.902,-1.223
2022,119,4,0.83,-0.051,0.252,-0.008
2022,120,1,0.21,0.091,0.288,0.184
2022,121,4,1.43,0.347,0.836,1.312
2022,124,128,53.11,0.01,-2.252,-0.336
2022,125,1,0.15,0.031,0.136,0.0
2022,126,30,5.18,0.126,-1.156,-0.816
2022,127,7,1.84,0.039,0.709,-0.054
2022,128,1,0.15,0.133,-0.356,0.0
2022,129,23,3.46,-0.312,-0.194,-0.745
2022,130,3,1.34,0.567,-1.583,-0.042
2022,131,4,1.34,0.452,1.115,1.086
2022,132,10,4.74,-0.597,-0.944,0.405
2022,133,50,18.75,-0.221,-0.981,0.244
2022,134,8,1.42,-0.13,-0.337,-0.319
2022,136,7,0.6,0.343,-0.887,-0.502
2022,137,4,1.03,0.106,-0.141,0.289
2022,138,16,4.67,-0.02,-1.394,0.594
2022,139,2,0.42,-0.072,-0.003,-0.084
2022,140,1,0.1,0.013,0.068,0.084
2022,141,2,0.8,0.027,0.397,0.038
2022,142,6,0.94,0.142,-0.057,-0.033
2022,143,4,0.46,0.119,-0.418,-0.295
2022,144,19,3.74,-0.576,0.132,0.767
2022,145,2,0.7,0.001,0.519,0.028
2022,152,1,0.15,0.006,0.102,0.03
2022,154,156,50.27,-0.073,-2.273,0.254
2022,155,8,2.33,0.404,-1.775,-0.835
2022,156,11,5.27,0.357,-0.146,-1.022
2022,157,2,0.89,1.825,-3.579,0.0
2022,161,5,1.43,-0.08,-0.275,-0.385
2022,162,5,0.94,-0.067,-0.306,-0.658
2022,163,6,1.01,0.091,0.65,0.237
2022,164,1,0.1,-0.019,0.005,0.005
2022,165,11,3.65,-0.201,-0.835,-0.07
2022,166,30,7.57,-0.255,-0.554,1.025
2022,171,14,5.12,0.252,-1.76,0.193
2022,172,2,0.21,0.007,-0.083,-0.067
2022,175,16,5.04,0.012,-1.131,-0.776
2022,176,2,0.25,0.057,-0.321,-0.12
2022,177,2,0.42,-0.118,0.14,-0.252
2022,179,9,2.81,0.114,0.416,0.058
2022,180,14,3.83,-0.127,-0.32,0.707
2022,182,1,0.35,0.016,0.262,0.244
2022,183,98,31.08,0.013,-2.144,-0.559
2022,184,2,0.21,-0.029,-0.094,-0.048
2022,185,5,1.12,-0.041,-0.716,-0.577
2022,187,4,0.61,-0.126,0.108,0.087
2022,193,4,1.75,0.332,-1.248,-0.982
2022,195,9,3.78,-0.498,-0.617,0.394
2022,196,3,0.31,0.015,0.115,0.046
2022,197,115,24.58,-0.083,-1.228,0.867
2022,198,14,5.64,-0.599,1.01,0.922
2022,202,2,0.59,-0.003,-0.209,-0.001
2022,203,20,3.99,1.023,1.64,1.553
2022,204,3,2.52,-0.1,-1.085,0.03
2022,205,25,5.72,-0.094,-1.223,-1.518
2022,207,24,4.22,0.544,2.482,1.461
2022,208,4,1.01,0.141,-0.68,0.018
2022,212,3,0.44,-0.09,-0.215,0.089
2022,213,32,8.1,-0.178,-1.407,-0.018
2022,214,1,0.15,0.105,-0.313,-0.144
2022,215,76,30.67,0.339,-3.598,-0.306
2022,216,7,3.67,0.481,-3.277,-0.497
2022,217,7,2.54,-0.054,-0.68,0.429
2022,218,67,32.98,0.0,-3.508,-0.102
2022,219,26,5.83,-0.442,-0.715,-0.283
2022,221,19,5.32,-0.072,-0.957,-0.16
2022,225,11,4.91,-0.407,0.029,0.227
2022,227,2,0.25,0.03,0.413,0.151
2022,228,19,3.12,-0.147,0.876,0.399
2022,231,11,3.82,1.746,-4.528,-1.237
2022,232,7,1.74,0.605,-1.854,-0.468
2022,233,6,1.46,-0.251,0.372,0.242
2022,234,1,0.1,-0.034,-0.007,0.053
2022,235,6,3.7,0.043,0.532,1.076
2022,237,1,0.1,0.071,-0.146,-0.133
2022,238,1,0.25,-0.026,-0.135,0.024
2022,239,11,3.09,0.082,1.299,1.596
2022,242,4,0.83,0.664,-1.677,-0.898
2022,243,53,17.45,-0.544,-0.814,1.228
2022,244,6,1.07,0.184,0.505,-0.13
2022,245,14,5.64,-0.455,0.421,1.574
2022,246,2,0.21,-0.0,-0.059,-0.121
2022,249,12,2.1,-0.169,-1.127,0.108
2022,250,17,2.5,-0.088,-1.217,-0.11
2022,253,9,1.4,0.056,-0.35,-0.224
2022,257,3,1.25,-0.265,0.246,0.537
2022,258,12,1.71,0.06,-0.446,-0.304
2022,259,3,1.48,0.131,1.055,0.409
2022,260,49,10.69,-0.344,0.681,2.182
2022,262,10,3.76,0.182,1.587,0.791
2022,263,328,74.62,0.068,-2.807,-1.007
2022,265,4,0.83,-0.013,0.286,0.033
2022,267,117,30.5,0.104,-2.679,-0.985
2022,268,1,0.59,-0.203,-0.117,0.11
2022,269,4,2.69,0.569,-2.402,-0.879
2022,270,4,0.78,0.058,-0.309,-0.317
2022,271,4,1.97,0.085,-0.652,-0.69
2022,272,2,0.84,-0.181,-0.021,0.262
2022,274,10,4.65,-0.383,-0.263,0.663
2022,276,1,0.1,0.069,-0.155,-0.103
2022,277,132,36.92,0.006,-1.731,0.521
2022,279,41,12.85,0.3,-2.306,0.574
2022,280,25,9.58,-0.8,0.297,-0.416
2022,284,6,5.04,-0.68,0.241,1.855
2022,285,3,0.44,-0.033,-0.181,0.104
2022,289,1,0.15,0.333,-0.607,0.0
2022,290,2,0.21,-0.023,0.059,0.04
2022,291,1,0.15,-0.035,0.12,0.203
2022,292,13,5.06,0.365,-0.712,-0.176
2022,294,1,0.15,0.019,-0.076,-0.084
2022,295,8,4.04,1.037,-1.666,-0.608
2022,297,23,15.91,0.982,-4.023,-2.012
2022,298,2,0.59,0.124,-0.348,-0.311
2022,299,6,2.74,1.032,-2.312,-1.746
2022,301,1,0.15,-0.009,0.045,0.059
2022,302,5,1.71,0.008,-0.259,0.108
2022,304,21,6.64,-1.213,-0.374,1.456
2022,305,45,12.34,-0.199,2.869,0.045
2022,306,1,0.42,-0.141,0.04,0.0
2022,307,2,0.42,0.114,0.304,0.283
2022,308,18,6.95,0.805,-2.472,-0.172
2022,309,2,0.21,0.041,-0.239,-0.04
2022,310,2,0.84,-0.031,-0.566,-0.193
2022,312,10,4.44,0.662,-2.163,-2.002
2022,313,6,1.21,0.016,-0.04,-0.073
2022,314,23,8.24,-0.205,-0.858,0.297
2022,316,3,2.1,-0.581,-0.572,0.837
2022,317,12,5.74,-0.038,-1.491,-0.373
2022,318,4,2.27,-0.693,-0.466,0.258
2022,321,9,5.21,-0.056,-2.809,0.269
2022,322,1,0.5,0.124,0.506,0.32
2022,323,48,15.59,-0.14,-0.96,-0.567
2022,324,259,104.99,0.693,-4.539,-0.726
2022,325,285,57.7,-0.351,-0.633,-0.086
2022,326,42,13.49,-0.05,-1.102,2.06
2022,330,4,2.37,0.188,0.891,0.713
2022,332,3,1.25,0.066,-0.723,-0.199
2022,333,16,4.58,-0.742,0.272,1.369
2022,334,9,1.42,-0.074,-0.228,-0.085
2022,336,1,0.1,-0.011,0.017,0.007
2022,337,7,2.08,0.014,0.91,0.342
2022,338,64,35.06,-0.776,1.446,3.303
2022,339,1,0.35,-0.049,0.178,0.143
2022,340,3,0.89,-0.39,0.167,-0.74
2022,343,8,3.43,0.461,-1.166,-0.484
2022,345,7,3.25,0.546,1.35,0.634
2022,346,12,1.28,-0.097,0.219,0.176
2022,347,1,0.1,-0.009,-0.034,-0.077
2022,349,1,0.3,-0.044,-0.038,0.016
2022,350,3,2.27,-0.323,-0.332,-0.015
2022,353,1,0.21,0.048,0.168,0.082
2022,355,17,9.52,-0.375,-1.765,0.099
2022,357,81,18.73,0.436,-2.792,-0.691
2022,358,5,2.17,0.122,0.01,0.106
2022,360,5,2.86,-0.102,-1.011,-0.121
2022,361,3,0.35,-0.061,-0.012,0.076
2022,364,8,1.06,-0.016,-0.255,-0.566
2022,365,1,0.1,0.006,0.05,0.017
2022,367,1,0.1,0.019,0.109,0.0
2022,370,6,3.01,0.057,-1.03,-0.356
2022,371,3,0.59,-0.048,-0.233,0.025
2022,372,18,7.45,-0.155,-0.858,0.216
2022,375,9,1.95,-0.322,-0.126,-0.302
2022,376,36,7.32,-0.094,0.632,0.065
2022,379,3,1.19,0.137,-1.042,0.081
2022,380,10,3.07,-0.19,0.218,-0.759
2022,382,7,1.4,0.099,-0.745,-0.35
2022,383,10,2.9,0.73,1.528,1.565
2022,385,7,2.39,-0.375,-0.539,0.295
2022,386,1,0.42,-0.1,0.016,0.091
2022,388,1,0.15,-0.024,-0.015,-0.028
2022,389,7,4.61,-0.267,-2.032,0.407
2022,391,416,105.22,0.331,-2.229,-0.414
2022,392,1,0.15,-0.013,-0.112,0.0
2022,393,4,1.56,0.167,0.965,1.273
2022,394,1,0.1,0.022,-0.083,-0.034
2022,395,81,7.53,0.19,0.022,-0.087
2022,396,32,4.8,0.356,1.812,0.666
2022,401,2,1.19,0.274,-1.016,-0.403
2022,406,1,0.84,-0.228,0.38,0.0
2022,407,3,2.68,-0.483,-0.107,0.732
2022,412,1,0.21,-0.048,0.022,-0.065
2022,413,2,1.68,0.106,-0.923,-0.221
2022,415,1,0.71,0.307,-0.737,-0.621
2022,416,2,1.19,0.087,0.573,0.471
2022,422,1,0.3,-0.143,0.026,0.0
2022,423,3,2.52,0.665,-2.091,-1.038
2022,425,2,0.42,-0.157,0.011,0.297
2022,428,1,0.59,-0.111,-0.034,-0.084
2022,437,6,4.79,0.182,-2.099,-0.044
2022,448,80,50.78,-0.681,-1.581,-0.529
2022,449,37,25.71,-0.331,-1.532,-0.046
2022,450,5,2.96,0.716,2.671,0.906
2022,451,1,0.59,0.283,-0.641,0.0
2022,452,2,0.84,0.531,1.475,0.599
2022,454,16,12.53,0.995,-3.418,-1.18
2022,455,3,2.27,-0.285,0.136,0.145
2022,456,2,1.19,0.362,-1.278,-0.507
2022,457,3,2.03,-0.089,-0.238,-0.744
2022,458,4,2.87,0.034,-0.347,-0.055
2022,459,2,1.19,0.119,0.965,0.119
2022,460,1,0.59,-0.114,0.14,0.348
2022,461,1,0.59,-0.178,0.042,0.266
2022,462,5,2.96,0.231,-0.523,0.027
2022,463,2,1.19,-0.314,0.07,0.244
2022,464,1,0.59,-0.178,-0.13,0.28
2022,471,21,17.15,-0.019,-3.174,-0.698
2022,474,1,0.84,0.529,-1.356,0.0
2022,478,2,1.05,-0.345,0.328,0.152
2022,482,1,0.84,-0.173,-0.415,0.256
2022,490,2,1.68,0.205,-0.984,-0.442
2022,494,5,4.2,-0.956,-0.789,0.945
2022,497,2,1.68,1.356,-3.0,0.0
2022,501,1,0.84,0.065,-0.748,-0.06
2022,503,3,1.78,0.312,1.015,0.0
2022,508,2,1.19,-0.01,0.542,1.064
2022,513,1,0.71,0.179,-0.567,-0.446
2022,514,6,5.07,-0.939,0.493,1.613
2022,516,6,5.04,0.241,-2.046,-0.531
2022,517,2,1.68,-0.154,-0.565,-0.279
2022,522,42,30.56,-0.172,-3.554,-0.327
2022,523,8,5.24,-0.034,-2.091,-0.106
2022,524,1,0.3,-0.138,-0.073,0.0
2022,525,1,0.21,0.182,0.44,0.0
2022,527,1,0.3,0.03,0.155,0.189
2022,530,2,1.0,-0.05,0.074,-0.076
2022,543,68,44.61,0.562,-4.526,-0.884
2022,545,2,1.68,0.173,0.0,0.0
2022,546,14,11.23,-1.021,-0.54,1.269
2022,555,25,19.44,-0.041,-4.374,-0.106
2022,556,1,0.84,-0.368,0.036,0.513
2022,559,2,1.68,0.368,-1.27,-0.577
2022,562,9,6.49,0.672,-2.971,-1.083
2022,564,1,0.84,0.324,-1.166,-0.455
2022,572,12,5.22,-0.416,-0.326,0.197
2022,576,1,0.21,-0.018,0.164,-0.042
2022,578,1,0.84,-0.184,-0.175,-0.063
2022,580,2,0.84,0.247,-0.636,-0.649
2022,583,2,1.68,-0.461,-0.03,0.724
2022,585,2,1.68,0.584,-1.842,-0.944
2022,588,2,1.68,0.105,-1.364,-0.065
2022,591,3,2.52,-0.463,0.596,1.789
2022,593,6,5.04,0.526,-3.071,-0.271
2022,599,2,1.68,-0.439,0.0,0.0
2022,600,4,2.38,0.038,0.0,0.0
2022,609,5,4.52,-0.201,-0.211,-0.105
2022,610,3,1.45,0.255,-1.016,-0.435
2022,616,11,9.24,0.877,-3.601,-1.4
2022,617,2,1.19,-0.174,0.051,0.375
2022,619,2,1.19,0.3,-0.983,-0.498
2022,621,1,0.84,0.353,-0.912,-0.561
2022,629,2,2.0,0.445,1.131,1.161
2022,630,2,1.68,0.338,-1.158,-0.625
2022,631,1,0.84,0.22,-0.722,-0.366
2022,632,2,1.68,0.234,-1.898,-0.108
2022,633,1,0.84,0.154,-0.627,-0.269
2022,635,4,3.36,-0.154,-1.077,-0.049
2022,644,1,0.5,-0.141,0.154,-0.061
2022,648,1,0.84,0.268,-0.745,-0.747
2022,651,2,2.0,-0.179,0.331,0.294
2022,654,2,0.21,0.235,0.533,0.0
2022,656,1,0.1,0.131,-0.271,0.0
2022,664,1,0.1,0.065,-0.146,-0.16
2022,665,1,0.5,0.12,0.511,0.326
2022,666,1,0.84,-0.115,-0.247,0.121
2022,667,3,2.52,1.431,-3.63,0.0
2022,677,7,3.46,-0.27,0.415,1.767
2022,727,4,1.18,0.923,-2.114,0.0
2022,748,2,1.43,0.059,-0.056,0.66
2022,751,8,2.86,-0.014,-1.399,-0.066
2022,754,8,4.93,-0.559,-0.568,-0.396
2022,757,1,1.0,-0.201,0.008,0.201
2022,758,2,0.84,0.245,1.038,0.304
2022,776,287,29.94,0.629,2.175,1.72
2022,810,10,1.87,-0.184,-0.125,-0.033
2022,811,3,0.44,-0.098,-0.05,-0.477
2022,812,26,1.79,-0.103,0.206,0.104
2024,1,5,1.3,0.07,-0.531,-0.489
2024,3,33,7.98,-0.285,-1.701,-0.278
2024,4,2,0.42,-0.057,-0.125,0.012
2024,6,1,0.1,-0.032,-0.065,0.0
2024,7,6,1.5,0.071,-0.667,-0.138
2024,9,41,6.04,0.852,-1.246,-0.704
2024,10,4,1.75,0.183,0.256,0.202
2024,13,31,3.99,-0.257,0.483,-0.108
2024,14,16,3.54,-0.072,-1.197,-0.438
2024,15,1,0.07,0.017,-0.059,-0.024
2024,20,3,0.89,-0.163,-0.365,0.268
2024,24,1,0.09,0.099,0.346,0.136
2024,25,4,0.5,0.147,0.508,0.3
2024,27,1,0.07,-0.008,-0.024,-0.021
2024,29,2,0.59,-0.021,-0.108,-0.219
2024,30,8,1.59,-0.103,-0.402,-0.102
2024,31,10,0.73,0.074,-0.355,-0.44
2024,32,1,0.1,-0.026,-0.009,0.016
2024,33,6,1.22,-0.073,-0.711,-0.277
2024,35,2,0.29,0.041,-0.049,0.0
2024,36,10,1.22,-0.068,-0.222,-0.123
2024,37,67,9.98,0.32,-0.976,-0.416
2024,40,6,0.77,-0.117,0.077,0.151
2024,42,4,0.59,0.012,0.269,0.027
2024,44,1,0.07,-0.014,-0.014,-0.014
2024,47,1,0.3,-0.022,-0.097,0.001
2024,48,102,45.72,0.276,-3.068,-0.022
2024,49,5,1.93,0.098,-0.358,0.399
2024,50,13,4.4,-0.346,-1.007,-0.479
2024,51,2,0.59,0.019,0.088,0.133
2024,52,12,3.41,-0.219,-1.025,-0.486
2024,53,1,0.09,0.042,-0.101,-0.068
2024,55,14,2.17,0.216,1.128,0.871
2024,57,8,1.37,-0.235,-0.353,0.295
2024,61,1,0.3,0.244,-0.666,-0.33
2024,62,1,0.1,-0.032,-0.031,-0.125
2024,63,1,0.1,-0.012,-0.042,0.0
2024,64,17,1.78,0.308,0.153,0.124
2024,66,2,0.15,0.003,0.139,0.238
2024,67,39,21.35,-0.821,-1.604,0.893
2024,68,8,5.19,0.304,-1.421,0.0
2024,69,7,2.14,0.094,-0.9,-0.22
2024,70,27,3.26,-0.48,-0.636,-0.047
2024,71,2,0.1,0.123,0.272,0.0
2024,73,15,5.22,-0.241,0.039,0.081
2024,75,3,0.13,0.007,0.023,0.025
2024,76,7,1.03,-0.125,0.143,0.038
2024,78,1,0.21,-0.057,-0.096,0.0
2024,79,6,2.0,-0.49,-0.435,-0.072
2024,81,8,2.98,0.721,1.505,1.237
2024,84,29,5.85,-0.627,-0.689,-0.295
2024,85,2,0.15,0.07,-0.218,-0.097
2024,86,8,1.53,-0.138,-0.35,-0.004
2024,87,12,2.05,-0.222,-0.292,-0.644
2024,88,211,101.34,-0.696,-0.159,1.393
2024,90,10,6.62,-0.31,0.88,0.511
2024,91,2,1.43,0.485,-1.216,-0.868
2024,92,10,1.74,0.006,-0.788,-0.449
2024,93,1,0.15,-0.025,0.046,-0.037
2024,94,6,0.78,-0.093,0.253,-0.197
2024,96,9,1.74,-0.075,0.69,-0.021
2024,97,5,2.02,-0.029,-0.709,-0.026
2024,98,1,0.07,-0.029,-0.016,0.0
2024,99,1,0.1,0.001,0.049,0.075
2024,101,2,0.59,0.559,1.287,1.802
2024,102,2,0.21,-0.03,-0.033,-0.069
2024,103,42,18.3,-0.251,-1.271,-0.636
2024,104,5,0.27,0.012,0.096,0.112
2024,106,15,5.15,0.019,-1.524,-1.715
2024,108,8,4.05,-0.143,-0.957,0.276
2024,109,13,5.55,0.202,-1.931,-0.855
2024,112,16,1.16,0.114,0.231,0.103
2024,113,17,5.94,0.0,-1.227,-1.326
2024,114,15,0.92,0.033,0.29,0.162
2024,115,21,2.22,0.19,-0.407,-0.309
2024,116,1,0.21,0.248,-0.478,0.0
2024,117,12,4.66,-0.367,-0.903,-0.829
2024,118,15,2.76,0.116,-0.314,-0.923
2024,119,4,0.59,-0.037,0.183,-0.006
2024,120,1,0.15,0.065,0.205,0.131
2024,121,4,1.01,0.253,0.618,0.969
2024,124,128,37.48,0.01,-2.135,-0.317
2024,125,1,0.1,0.022,0.096,0.0
2024,126,32,4.84,0.004,-0.989,-0.577
2024,127,7,1.3,0.029,0.524,-0.04
2024,128,1,0.1,0.094,-0.253,0.0
2024,129,23,2.44,-0.236,-0.15,-0.573
2024,130,3,0.95,0.412,-1.166,-0.03
2024,131,4,0.94,0.329,0.821,0.8
2024,132,10,3.34,-0.46,-0.748,0.319
2024,133,50,13.23,-0.19,-0.872,0.217
2024,134,8,1.0,-0.094,-0.249,-0.233
2024,136,7,0.43,0.245,-0.639,-0.36
2024,137,4,0.73,0.076,-0.103,0.211
2024,138,16,3.3,-0.015,-1.104,0.442
2024,139,2,0.29,-0.052,-0.002,-0.06
2024,140,2,0.91,0.37,-0.843,-1.021
2024,141,2,0.57,0.019,0.288,0.027
2024,142,6,0.66,0.102,-0.041,-0.024
2024,143,4,0.32,0.085,-0.3,-0.211
2024,144,19,2.64,-0.437,0.103,0.597
2024,145,2,0.5,0.001,0.375,0.02
2024,152,1,0.1,0.004,0.072,0.021
2024,154,161,37.35,-0.003,-2.245,0.113
2024,155,9,2.49,0.211,-1.342,-0.605
2024,156,11,3.72,0.277,-0.117,-0.811
2024,157,2,0.63,1.314,-2.602,0.0
2024,161,5,1.01,-0.058,-0.203,-0.284
2024,162,5,0.67,-0.048,-0.223,-0.48
2024,163,6,0.71,0.066,0.474,0.173
2024,164,1,0.07,-0.013,0.004,0.003
2024,165,11,2.58,-0.153,-0.649,-0.053
2024,166,33,7.86,-0.307,-0.504,0.495
2024,171,14,3.61,0.195,-1.403,0.148
2024,172,2,0.15,0.005,-0.059,-0.047
2024,175,16,3.56,0.009,-0.901,-0.618
2024,176,2,0.18,0.04,-0.228,-0.085
2024,177,2,0.29,-0.084,0.1,-0.18
2024,179,9,1.98,0.085,0.318,0.043
2024,180,14,2.7,-0.096,-0.25,0.549
2024,182,1,0.25,0.011,0.187,0.174
2024,183,108,30.33,-0.153,-2.164,-1.238
2024,184,2,0.15,-0.02,-0.067,-0.034
2024,185,5,0.79,-0.03,-0.524,-0.422
2024,187,4,0.43,-0.091,0.078,0.063
2024,193,4,1.24,0.243,-0.929,-0.732
2024,195,11,4.35,-0.505,-0.116,0.118
2024,196,3,0.22,0.01,0.082,0.033
2024,197,115,17.35,-0.073,-1.114,0.776
2024,198,14,3.98,-0.467,0.812,0.73
2024,202,2,0.42,-0.002,-0.15,-0.001
2024,203,21,3.65,0.649,1.576,2.068
2024,204,3,1.78,-0.074,-0.824,0.023
2024,205,25,4.03,-0.073,-0.984,-1.216
2024,207,24,2.98,0.416,1.95,1.08
2024,208,4,0.71,0.102,-0.496,0.013
2024,212,3,0.31,-0.064,-0.154,0.063
2024,213,36,8.58,0.166,-0.143,0.067
2024,214,1,0.1,0.074,-0.222,-0.102
2024,215,76,21.64,0.304,-3.312,-0.278
2024,216,7,2.59,0.365,-2.548,-0.385
2024,217,12,5.01,0.301,1.539,1.213
2024,218,74,25.49,0.165,-3.393,-0.346
2024,219,28,5.79,-0.506,-0.16,-0.306
2024,221,20,4.6,-0.011,-0.957,-0.251
2024,225,11,3.47,-0.314,0.023,0.179
2024,227,2,0.17,0.021,0.294,0.107
2024,228,19,2.2,-0.111,0.674,0.298
2024,231,11,2.69,1.326,-3.53,-0.927
2024,232,7,1.23,0.444,-1.38,-0.335
2024,233,6,1.03,-0.183,0.275,0.174
2024,234,1,0.07,-0.024,-0.005,0.037
2024,235,11,6.81,-0.024,0.491,0.54
2024,237,1,0.07,0.05,-0.103,-0.094
2024,238,1,0.17,-0.019,-0.096,0.017
2024,239,11,2.18,0.062,0.998,1.208
2024,242,4,0.59,0.477,-1.217,-0.651
2024,243,81,29.77,0.236,1.258,1.517
2024,244,7,1.59,-0.098,0.46,-0.093
2024,245,14,3.98,-0.355,0.338,1.222
2024,246,2,0.15,-0.0,-0.042,-0.086
2024,249,12,1.48,-0.125,-0.847,0.08
2024,250,17,1.76,-0.066,-0.923,-0.079
2024,253,9,0.98,0.041,-0.259,-0.165
2024,257,3,0.89,-0.192,0.181,0.395
2024,258,12,1.21,0.044,-0.332,-0.227
2024,259,3,1.04,0.095,0.767,0.294
2024,260,50,8.38,-0.025,0.105,1.258
2024,262,11,3.49,-0.024,1.067,0.713
2024,263,329,53.49,-0.008,-2.599,-1.058
2024,265,4,0.59,-0.009,0.208,0.024
2024,267,120,24.04,-0.111,-2.381,-0.633
2024,268,1,0.42,-0.145,-0.084,0.079
2024,269,5,2.74,0.535,-2.312,-0.67
2024,270,4,0.55,0.041,-0.224,-0.23
2024,271,4,1.39,0.063,-0.488,-0.517
2024,272,2,0.59,-0.13,-0.015,0.19
2024,274,13,5.8,-0.191,0.783,0.502
2024,276,1,0.07,0.049,-0.11,-0.073
2024,277,139,30.87,0.153,-0.812,0.94
2024,279,51,17.47,0.255,-0.474,1.018
2024,280,29,10.12,-0.849,0.245,-1.061
2024,284,15,11.12,0.099,1.936,1.234
2024,285,3,0.31,-0.024,-0.13,0.074
2024,289,1,0.1,0.236,-0.43,0.0
2024,290,2,0.15,-0.016,0.042,0.028
2024,291,1,0.1,-0.025,0.085,0.144
2024,292,13,3.57,0.282,-0.567,-0.14
2024,294,1,0.1,0.013,-0.054,-0.06
2024,295,8,2.85,0.791,-1.304,-0.476
2024,297,25,12.9,0.695,-3.24,-1.551
2024,298,2,0.42,0.089,-0.25,-0.224
2024,299,6,1.93,0.77,-1.763,-1.332
2024,301,1,0.1,-0.006,0.032,0.042
2024,302,5,1.2,0.006,-0.193,0.081
2024,304,23,6.37,-1.135,-0.369,1.273
2024,305,52,14.58,-0.386,1.073,-0.123
2024,306,1,0.3,-0.1,0.028,0.0
2024,307,2,0.29,0.081,0.218,0.203
2024,308,19,5.74,1.025,-2.934,-0.8
2024,309,2,0.15,0.029,-0.17,-0.028
2024,310,2,0.59,-0.022,-0.411,-0.14
2024,312,11,3.97,0.892,-2.522,-2.678
2024,313,6,0.86,0.011,-0.029,-0.054
2024,314,24,6.65,-0.051,-1.1,0.237
2024,316,3,1.48,-0.429,-0.43,0.629
2024,317,12,4.05,-0.03,-1.2,-0.288
2024,318,4,1.6,-0.513,-0.352,0.186
2024,321,9,3.67,-0.044,-2.242,0.212
2024,322,1,0.35,0.088,0.363,0.23
2024,323,53,15.2,-0.393,-0.456,-0.468
2024,324,259,74.08,0.664,-4.409,-0.7
2024,325,297,50.8,-0.571,-0.461,-0.189
2024,326,46,12.88,-0.084,-0.271,1.559
2024,330,4,1.67,0.14,0.674,0.532
2024,332,3,0.89,0.048,-0.531,-0.147
2024,333,16,3.23,-0.57,0.215,1.046
2024,334,9,1.0,-0.054,-0.169,-0.063
2024,336,1,0.07,-0.008,0.012,0.005
2024,337,7,1.47,0.01,0.684,0.252
2024,338,98,49.36,0.248,3.123,3.498
2024,339,1,0.25,-0.035,0.127,0.102
2024,340,3,0.63,-0.281,0.121,-0.538
2024,343,8,2.42,0.348,-0.903,-0.374
2024,345,9,3.98,0.557,-0.123,0.47
2024,346,12,0.91,-0.071,0.161,0.13
2024,347,1,0.07,-0.006,-0.024,-0.054
2024,349,1,0.21,-0.031,-0.027,0.012
2024,350,5,3.28,-0.45,-0.175,-0.024
2024,353,1,0.15,0.034,0.119,0.058
2024,355,21,10.08,-0.676,-1.234,-0.496
2024,357,88,19.09,0.392,-0.962,-0.832
2024,358,5,1.53,0.09,0.008,0.08
2024,360,8,4.54,-0.2,-1.939,0.447
2024,361,3,0.25,-0.044,-0.008,0.054
2024,364,8,0.75,-0.012,-0.187,-0.413
2024,365,1,0.07,0.004,0.035,0.012
2024,367,1,0.07,0.014,0.077,0.0
2024,370,6,2.12,0.043,-0.79,-0.273
2024,371,3,0.42,-0.035,-0.168,0.018
2024,372,18,5.26,-0.123,-0.705,0.178
2024,375,9,1.38,-0.237,-0.094,-0.22
2024,376,36,5.16,-0.075,0.519,0.05
2024,379,3,0.84,0.099,-0.765,0.059
2024,380,10,2.16,-0.143,0.168,-0.583
2024,382,7,0.99,0.072,-0.549,-0.25
2024,383,12,3.73,-0.13,0.909,1.905
2024,385,8,2.53,-0.156,-0.745,-0.037
2024,386,1,0.3,-0.071,0.011,0.065
2024,388,1,0.1,-0.017,-0.011,-0.02
2024,389,7,3.26,-0.205,-1.607,0.317
2024,391,434,84.41,0.225,-2.225,-0.506
2024,392,1,0.1,-0.009,-0.08,0.0
2024,393,4,1.1,0.122,0.715,0.944
2024,394,1,0.07,0.015,-0.059,-0.024
2024,395,81,5.32,0.151,0.018,-0.071
2024,396,32,3.39,0.275,1.438,0.503
2024,401,4,2.52,0.729,-2.123,-1.323
2024,406,1,0.59,-0.164,0.276,0.0
2024,407,10,7.77,-0.577,0.147,0.077
2024,412,1,0.15,-0.034,0.016,-0.046
2024,413,3,2.03,0.244,-1.102,-0.49
2024,415,1,0.5,0.22,-0.533,-0.449
2024,416,4,2.52,-0.048,0.797,0.216
2024,422,1,0.21,-0.102,0.019,0.0
2024,423,4,2.62,0.414,-1.623,-0.954
2024,425,2,0.29,-0.112,0.008,0.212
2024,428,1,0.42,-0.079,-0.024,-0.06
2024,437,7,4.22,0.149,-1.21,0.668
2024,448,92,45.91,-1.007,-1.218,-0.901
2024,449,58,35.78,-0.568,-0.83,-0.223
2024,450,5,2.09,0.536,2.048,0.686
2024,451,2,1.26,-0.046,-0.304,0.126
2024,452,2,0.59,0.382,1.07,0.435
2024,454,24,15.56,0.81,-0.728,0.478
2024,455,3,1.6,-0.211,0.103,0.108
2024,456,2,0.84,0.262,-0.937,-0.372
2024,457,4,2.27,-0.065,-0.386,-0.545
2024,458,5,2.86,0.147,-0.624,-0.343
2024,459,2,0.84,0.087,0.708,0.087
2024,460,1,0.42,-0.081,0.101,0.251
2024,461,1,0.42,-0.127,0.03,0.191
2024,462,5,2.09,0.173,-0.401,0.02
2024,463,2,0.84,-0.227,0.051,0.179
2024,464,1,0.42,-0.127,-0.094,0.202
2024,470,2,1.68,-0.446,-0.498,0.273
2024,471,38,26.38,-0.039,-3.002,-1.193
2024,474,1,0.59,0.381,-0.984,0.0
2024,478,2,0.74,-0.249,0.24,0.108
2024,482,1,0.59,-0.124,-0.301,0.185
2024,490,4,2.87,0.282,-1.282,-1.032
2024,494,9,6.32,-0.172,1.308,1.119
2024,497,3,2.03,0.922,-1.263,-0.152
2024,501,1,0.59,0.046,-0.543,-0.043
2024,503,3,1.25,0.229,0.757,0.0
2024,508,2,0.84,-0.007,0.397,0.781
2024,513,1,0.5,0.128,-0.41,-0.322
2024,514,20,14.84,-0.049,3.276,1.249
2024,516,6,3.56,0.186,-1.629,-0.423
2024,517,2,1.19,-0.113,-0.42,-0.202
2024,522,75,46.25,-0.074,-0.733,0.369
2024,523,11,6.22,-0.297,-1.191,0.05
2024,524,1,0.21,-0.098,-0.052,0.0
2024,525,1,0.15,0.129,0.313,0.0
2024,527,1,0.21,0.021,0.11,0.134
2024,530,2,0.7,-0.036,0.054,-0.055
2024,543,68,31.48,0.516,-4.256,-0.828
2024,545,2,1.19,0.127,0.0,0.0
2024,546,16,9.6,-0.85,-0.195,1.257
2024,555,25,13.72,-0.035,-3.9,-0.094
2024,556,8,6.47,0.696,-3.164,-0.231
2024,559,2,1.19,0.269,-0.945,-0.429
2024,562,9,4.58,0.529,-2.415,-0.88
2024,564,1,0.59,0.233,-0.846,-0.33
2024,572,12,3.68,-0.322,-0.258,0.156
2024,576,1,0.15,-0.013,0.116,-0.03
2024,578,1,0.59,-0.133,-0.127,-0.046
2024,580,2,0.59,0.178,-0.461,-0.471
2024,583,2,1.19,-0.337,-0.022,0.538
2024,585,2,1.19,0.428,-1.37,-0.702
2024,588,2,1.19,0.077,-1.014,-0.048
2024,591,3,1.78,-0.344,0.452,1.358
2024,593,6,3.56,0.406,-2.445,-0.21
2024,599,2,1.19,-0.322,0.0,0.0
2024,600,4,1.68,0.028,0.0,0.0
2024,609,5,3.19,-0.154,-0.167,-0.083
2024,610,3,1.03,0.186,-0.751,-0.322
2024,616,11,6.52,0.709,-3.017,-1.173
2024,617,2,0.84,-0.126,0.037,0.275
2024,619,2,0.84,0.218,-0.721,-0.366
2024,621,1,0.59,0.254,-0.662,-0.407
2024,629,2,1.41,0.328,0.848,0.87
2024,630,2,1.19,0.247,-0.861,-0.465
2024,631,1,0.59,0.158,-0.524,-0.266
2024,632,2,1.19,0.172,-1.411,-0.081
2024,633,4,3.11,1.993,-3.72,-3.455
2024,635,4,2.37,-0.116,-0.832,-0.038
2024,644,1,0.35,-0.101,0.111,-0.044
2024,648,3,2.27,0.289,-1.23,-0.872
2024,651,2,1.41,-0.132,0.248,0.221
2024,654,2,0.15,0.166,0.379,0.0
2024,656,1,0.07,0.092,-0.192,0.0
2024,661,1,0.84,0.011,-0.241,-0.251
2024,664,1,0.07,0.046,-0.103,-0.113
2024,665,1,0.35,0.086,0.367,0.234
2024,666,2,1.43,-0.028,-0.488,-0.096
2024,667,5,3.46,0.938,-3.111,0.0
2024,673,2,1.68,0.188,-1.658,-0.161
2024,677,11,5.31,1.26,-2.749,-1.713
2024,686,1,0.84,0.211,-0.735,-0.815
2024,694,1,0.84,-0.149,-0.061,0.107
2024,696,1,0.84,-0.096,-0.134,0.031
2024,697,1,0.84,-0.21,0.01,0.221
2024,699,7,5.88,0.712,1.5,0.525
2024,703,1,0.84,0.235,0.601,0.545
2024,709,1,0.84,0.122,-0.441,-0.286
2024,715,4,3.36,1.161,-2.845,-3.013
2024,726,7,4.4,1.34,-4.418,-1.9
2024,727,4,0.83,0.669,-1.55,0.0
2024,728,2,1.68,-0.37,0.135,-0.444
2024,730,2,1.68,0.286,-1.806,-0.317
2024,732,7,5.88,0.605,2.369,1.467
2024,733,1,0.84,-0.009,-0.251,-0.09
2024,734,1,0.84,0.065,0.444,0.109
2024,735,1,0.84,0.018,-0.475,0.0
2024,736,1,0.84,1.036,2.078,0.0
2024,737,1,0.84,0.606,-1.621,-0.779
2024,748,2,1.01,0.043,-0.042,0.487
2024,751,8,2.02,-0.011,-1.07,-0.048
2024,754,8,3.48,-0.431,-0.452,-0.31
2024,757,11,9.11,-0.376,2.129,0.47
2024,758,2,0.59,0.176,0.754,0.221
2024,776,287,21.13,0.562,1.999,1.576
2024,810,10,1.32,-0.135,-0.093,-0.025
2024,811,3,0.31,-0.07,-0.036,-0.342
2024,812,26,1.26,-0.076,0.154,0.077
2026,1,5,0.92,0.051,-0.391,-0.358
2026,3,33,5.63,-0.228,-1.407,-0.23
2026,4,2,0.29,-0.041,-0.09,0.008
2026,6,1,0.07,-0.023,-0.046,0.0
2026,7,6,1.06,0.052,-0.494,-0.102
2026,9,41,4.26,0.667,-1.007,-0.569
2026,10,4,1.23,0.134,0.187,0.144
2026,13,32,3.65,-0.153,0.098,-0.134
2026,14,17,3.34,-0.105,-1.354,-0.33
2026,15,1,0.05,0.012,-0.042,-0.017
2026,20,3,0.62,-0.118,-0.266,0.195
2026,24,1,0.06,0.07,0.245,0.097
2026,25,4,0.35,0.105,0.365,0.214
2026,27,1,0.05,-0.005,-0.017,-0.015
2026,29,2,0.42,-0.015,-0.078,-0.157
2026,30,8,1.12,-0.075,-0.298,-0.075
2026,31,10,0.52,0.053,-0.257,-0.318
2026,32,1,0.07,-0.018,-0.006,0.011
2026,33,6,0.86,-0.053,-0.522,-0.201
2026,35,2,0.21,0.029,-0.035,0.0
2026,36,10,0.86,-0.049,-0.163,-0.09
2026,37,68,7.88,0.474,-1.208,-0.622
2026,40,6,0.54,-0.084,0.056,0.11
2026,42,4,0.41,0.009,0.194,0.019
2026,44,1,0.05,-0.01,-0.01,-0.01
2026,47,1,0.21,-0.016,-0.069,0.001
2026,48,108,36.32,0.365,-2.841,-0.064
2026,49,7,3.04,0.162,-1.359,0.177
2026,50,14,3.94,-0.423,-0.937,-0.37
2026,51,2,0.42,0.014,0.064,0.096
2026,52,14,4.08,0.134,-1.454,-0.74
2026,53,1,0.06,0.029,-0.071,-0.048
2026,55,14,1.53,0.159,0.849,0.647
2026,57,8,0.97,-0.171,-0.26,0.217
2026,61,1,0.21,0.173,-0.475,-0.235
2026,62,1,0.07,-0.023,-0.022,-0.088
2026,63,1,0.07,-0.009,-0.029,0.0
2026,64,17,1.25,0.226,0.114,0.091
2026,66,2,0.1,0.002,0.099,0.169
2026,67,56,29.34,-0.653,-2.463,0.703
2026,68,10,5.34,0.108,-1.62,0.0
2026,69,7,1.51,0.069,-0.677,-0.16
2026,70,27,2.3,-0.362,-0.491,-0.034
2026,71,2,0.07,0.087,0.193,0.0
2026,73,17,5.37,-0.299,0.365,0.863
2026,75,3,0.09,0.005,0.016,0.018
2026,76,7,0.73,-0.09,0.104,0.028
2026,78,1,0.15,-0.041,-0.068,0.0
2026,79,6,1.41,-0.361,-0.326,-0.051
2026,81,8,2.1,0.54,1.154,0.931
2026,84,31,5.81,-0.321,-1.04,-0.392
2026,85,2,0.1,0.049,-0.154,-0.069
2026,86,8,1.08,-0.101,-0.259,-0.003
2026,87,12,1.45,-0.164,-0.219,-0.483
2026,88,264,108.97,-0.58,-1.095,1.267
2026,90,10,4.67,-0.245,0.717,0.4
2026,91,2,1.01,0.353,-0.898,-0.641
2026,92,11,2.07,0.021,-1.237,-0.084
2026,93,1,0.1,-0.018,0.033,-0.027
2026,94,6,0.55,-0.067,0.184,-0.143
2026,96,9,1.22,-0.055,0.514,-0.015
2026,97,5,1.42,-0.021,-0.532,-0.019
2026,98,1,0.05,-0.021,-0.012,0.0
2026,99,1,0.07,0.001,0.035,0.053
2026,101,2,0.42,0.4,0.927,1.298
2026,102,2,0.15,-0.021,-0.023,-0.049
2026,103,48,17.95,-0.277,-1.31,-0.467
2026,104,5,0.19,0.008,0.068,0.079
2026,106,15,3.63,0.014,-1.215,-1.355
2026,108,8,2.86,-0.109,-0.749,0.216
2026,109,14,4.75,0.347,-2.007,-0.893
2026,112,16,0.82,0.083,0.169,0.076
2026,113,17,4.19,0.0,-0.99,-1.053
2026,114,15,0.65,0.024,0.211,0.118
2026,115,21,1.57,0.141,-0.307,-0.233
2026,116,1,0.15,0.176,-0.34,0.0
2026,117,15,5.81,-0.419,-1.2,-0.666
2026,118,15,1.95,0.087,-0.24,-0.685
2026,119,4,0.41,-0.026,0.132,-0.004
2026,120,1,0.1,0.046,0.145,0.093
2026,121,4,0.71,0.182,0.451,0.707
2026,124,130,28.12,-0.073,-1.945,-0.196
2026,125,1,0.07,0.015,0.068,0.0
2026,126,33,4.26,0.399,-1.467,-0.999
2026,127,7,0.92,0.021,0.382,-0.029
2026,128,1,0.07,0.067,-0.179,0.0
2026,129,23,1.72,-0.175,-0.114,-0.432
2026,130,3,0.67,0.297,-0.849,-0.021
2026,131,4,0.67,0.237,0.598,0.583
2026,132,10,2.36,-0.347,-0.578,0.245
2026,133,61,15.22,0.469,0.496,0.768
2026,134,8,0.71,-0.068,-0.181,-0.168
2026,136,7,0.3,0.175,-0.458,-0.257
2026,137,4,0.51,0.055,-0.075,0.153
2026,138,16,2.33,-0.011,-0.852,0.324
2026,139,2,0.21,-0.037,-0.001,-0.043
2026,140,2,0.64,0.267,-0.614,-0.743
2026,141,2,0.4,0.014,0.207,0.019
2026,142,6,0.47,0.073,-0.03,-0.017
2026,143,4,0.23,0.06,-0.214,-0.15
2026,144,42,8.14,-0.413,-0.648,0.43
2026,145,2,0.35,0.0,0.27,0.015
2026,152,1,0.07,0.003,0.051,0.015
2026,154,164,27.81,0.013,-2.141,0.077
2026,155,10,2.59,0.285,-1.344,-0.435
2026,156,11,2.63,0.21,-0.091,-0.628
2026,157,2,0.44,0.941,-1.876,0.0
2026,161,6,1.55,-0.151,-0.224,-0.048
2026,162,5,0.47,-0.034,-0.161,-0.346
2026,163,6,0.5,0.047,0.343,0.125
2026,164,1,0.05,-0.01,0.003,0.002
2026,165,11,1.82,-0.114,-0.493,-0.039
2026,166,33,5.54,-0.245,-0.417,0.404
2026,171,14,2.55,0.147,-1.09,0.112
2026,172,2,0.1,0.003,-0.042,-0.034
2026,175,16,2.51,0.007,-0.699,-0.479
2026,176,2,0.12,0.029,-0.162,-0.06
2026,177,2,0.21,-0.06,0.072,-0.128
2026,179,9,1.4,0.063,0.238,0.031
2026,180,14,1.91,-0.072,-0.19,0.417
2026,182,1,0.17,0.008,0.133,0.124
2026,183,121,32.32,0.114,-2.364,-1.168
2026,184,2,0.1,-0.014,-0.047,-0.024
2026,185,5,0.56,-0.021,-0.38,-0.306
2026,187,4,0.3,-0.065,0.056,0.045
2026,193,4,0.87,0.176,-0.683,-0.537
2026,195,13,4.75,-0.358,-0.311,0.037
2026,196,3,0.15,0.007,0.058,0.023
2026,197,115,12.24,-0.062,-0.984,0.674
2026,198,15,3.65,-0.405,0.431,0.611
2026,202,2,0.29,-0.001,-0.108,-0.0
2026,203,22,3.42,0.535,1.806,1.6
2026,204,3,1.25,-0.054,-0.614,0.017
2026,205,25,2.85,-0.056,-0.77,-0.948
2026,207,24,2.1,0.311,1.495,0.789
2026,208,4,0.5,0.073,-0.358,0.009
2026,212,3,0.22,-0.046,-0.11,0.045
2026,213,42,10.11,-0.182,-0.394,0.506
2026,214,1,0.07,0.052,-0.157,-0.072
2026,215,80,18.63,0.242,-2.949,-0.263
2026,216,7,1.83,0.271,-1.937,-0.292
2026,217,12,3.53,0.233,1.225,0.949
2026,218,116,40.24,0.481,-3.382,-0.66
2026,219,30,5.77,-0.259,-0.536,-0.385
2026,221,24,5.62,-0.189,-0.742,0.194
2026,225,11,2.45,-0.237,0.018,0.137
2026,227,2,0.12,0.015,0.209,0.076
2026,228,19,1.55,-0.082,0.507,0.22
2026,231,11,1.9,0.989,-2.691,-0.684
2026,232,7,0.87,0.322,-1.014,-0.239
2026,233,7,1.57,-0.155,0.033,0.118
2026,234,1,0.05,-0.017,-0.003,0.026
2026,235,21,13.21,-0.34,-1.226,0.085
2026,237,1,0.05,0.035,-0.073,-0.067
2026,238,1,0.12,-0.013,-0.068,0.012
2026,239,30,14.38,-0.906,0.327,1.915
2026,242,4,0.42,0.342,-0.877,-0.469
2026,243,103,35.05,-0.269,0.363,1.452
2026,244,7,1.12,-0.072,0.341,-0.066
2026,245,14,2.81,-0.27,0.264,0.929
2026,246,2,0.1,-0.0,-0.03,-0.061
2026,249,12,1.04,-0.091,-0.627,0.059
2026,250,17,1.24,-0.048,-0.688,-0.057
2026,251,1,0.84,-0.136,-0.081,0.185
2026,253,9,0.69,0.03,-0.189,-0.12
2026,257,5,2.3,-0.511,-0.082,1.556
2026,258,12,0.85,0.032,-0.243,-0.166
2026,259,3,0.74,0.069,0.553,0.211
2026,260,50,5.92,-0.02,0.087,1.017
2026,262,11,2.47,-0.018,0.814,0.544
2026,263,334,41.94,-0.129,-2.008,-0.764
2026,265,4,0.41,-0.007,0.15,0.017
2026,267,126,22.0,-0.031,-2.271,-0.582
2026,268,1,0.3,-0.104,-0.06,0.057
2026,269,8,4.45,1.121,-3.135,-1.577
2026,270,4,0.39,0.03,-0.161,-0.165
2026,271,4,0.98,0.046,-0.36,-0.381
2026,272,2,0.42,-0.093,-0.011,0.137
2026,274,13,4.09,-0.149,0.629,0.374
2026,276,1,0.05,0.034,-0.078,-0.052
2026,277,139,21.78,0.137,-0.747,0.866
2026,279,53,14.01,0.386,-0.916,0.622
2026,280,29,7.14,-0.693,0.207,-0.85
2026,284,15,7.84,0.081,1.648,1.051
2026,285,3,0.22,-0.017,-0.093,0.053
2026,289,1,0.07,0.167,-0.305,0.0
2026,290,2,0.1,-0.012,0.03,0.02
2026,291,1,0.07,-0.017,0.06,0.102
2026,292,15,4.2,0.249,-0.812,-0.571
2026,294,1,0.07,0.009,-0.038,-0.042
2026,295,10,3.69,1.382,-2.936,-1.241
2026,297,25,9.1,0.578,-2.794,-1.337
2026,298,2,0.29,0.063,-0.179,-0.16
2026,299,6,1.36,0.567,-1.32,-0.997
2026,301,2,0.91,-0.329,-0.149,0.03
2026,302,5,0.85,0.004,-0.141,0.059
2026,304,24,5.33,-0.267,-1.302,0.261
2026,305,56,13.65,-0.012,-0.383,-0.345
2026,306,1,0.21,-0.071,0.02,0.0
2026,307,2,0.21,0.058,0.155,0.145
2026,308,19,4.05,0.8,-2.361,-0.599
2026,309,2,0.1,0.021,-0.121,-0.02
2026,310,2,0.42,-0.016,-0.296,-0.101
2026,312,11,2.8,0.679,-1.972,-2.094
2026,313,6,0.6,0.008,-0.021,-0.039
2026,314,27,7.21,0.278,-2.218,-0.065
2026,316,3,1.04,-0.313,-0.318,0.465
2026,317,12,2.86,-0.023,-0.94,-0.218
2026,318,4,1.13,-0.375,-0.261,0.133
2026,321,9,2.59,-0.033,-1.744,0.163
2026,322,1,0.25,0.063,0.259,0.164
2026,323,60,16.61,-0.473,-0.664,-0.11
2026,324,259,52.27,0.628,-4.235,-0.666
2026,325,309,44.94,-0.114,-1.396,-0.608
2026,326,52,14.13,-0.103,-0.422,1.42
2026,330,4,1.18,0.102,0.501,0.391
2026,332,3,0.62,0.034,-0.386,-0.107
2026,333,17,3.12,-0.478,0.33,1.202
2026,334,9,0.71,-0.039,-0.123,-0.046
2026,336,1,0.05,-0.006,0.008,0.003
2026,337,7,1.04,0.008,0.506,0.184
2026,338,122,50.07,-0.096,1.907,2.808
2026,339,1,0.17,-0.025,0.091,0.073
2026,340,3,0.44,-0.201,0.087,-0.388
2026,343,8,1.71,0.258,-0.684,-0.284
2026,345,9,2.81,0.424,-0.096,0.344
2026,346,12,0.64,-0.051,0.117,0.094
2026,347,1,0.05,-0.005,-0.017,-0.038
2026,349,1,0.15,-0.022,-0.019,0.008
2026,350,5,2.32,-0.339,-0.135,-0.019
2026,353,1,0.1,0.024,0.085,0.041
2026,355,28,12.99,-0.287,-1.82,-0.338
2026,357,104,26.91,-0.058,-1.774,0.437
2026,358,5,1.08,0.066,0.006,0.059
2026,360,9,4.04,-0.165,-1.95,0.348
2026,361,3,0.18,-0.031,-0.006,0.038
2026,364,8,0.53,-0.008,-0.135,-0.299
2026,365,1,0.05,0.003,0.025,0.009
2026,367,1,0.05,0.01,0.055,0.0
2026,370,6,1.5,0.032,-0.594,-0.205
2026,371,3,0.29,-0.025,-0.12,0.013
2026,372,18,3.71,-0.096,-0.564,0.142
2026,375,9,0.97,-0.172,-0.069,-0.159
2026,376,36,3.64,-0.058,0.414,0.038
2026,379,3,0.59,0.071,-0.555,0.043
2026,380,10,1.53,-0.106,0.126,-0.439
2026,382,7,0.7,0.052,-0.401,-0.179
2026,383,14,4.31,-0.242,1.131,1.468
2026,385,8,1.78,-0.116,-0.566,-0.028
2026,386,1,0.21,-0.051,0.008,0.046
2026,388,1,0.07,-0.012,-0.008,-0.014
2026,389,7,2.3,-0.155,-1.239,0.241
2026,391,464,79.12,0.41,-2.68,-0.667
2026,392,1,0.07,-0.007,-0.056,0.0
2026,393,4,0.78,0.088,0.523,0.691
2026,394,1,0.05,0.011,-0.042,-0.017
2026,395,81,3.75,0.117,0.014,-0.056
2026,396,32,2.39,0.207,1.112,0.374
2026,401,4,1.78,0.542,-1.612,-1.004
2026,406,1,0.42,-0.117,0.199,0.0
2026,407,17,11.36,-0.541,-0.15,0.532
2026,412,1,0.1,-0.024,0.011,-0.033
2026,413,4,2.27,0.265,-1.127,-0.484
2026,415,1,0.35,0.157,-0.382,-0.322
2026,416,6,3.46,0.185,-0.358,-0.247
2026,422,1,0.15,-0.072,0.013,0.0
2026,423,4,1.85,0.308,-1.234,-0.726
2026,425,2,0.21,-0.079,0.006,0.151
2026,428,1,0.3,-0.057,-0.017,-0.043
2026,437,7,2.98,0.114,-0.951,0.494
2026,448,112,49.19,-0.474,-1.908,-0.851
2026,449,83,46.25,-0.109,-2.115,-0.534
2026,450,5,1.48,0.396,1.539,0.51
2026,451,2,0.89,-0.033,-0.224,0.091
2026,452,2,0.42,0.273,0.771,0.313
2026,454,26,12.66,0.79,-0.996,0.178
2026,455,3,1.13,-0.154,0.076,0.079
2026,456,2,0.59,0.189,-0.68,-0.27
2026,457,6,3.28,-0.329,-0.598,0.31
2026,458,7,3.7,0.411,-1.498,-0.6
2026,459,2,0.59,0.062,0.514,0.063
2026,460,1,0.3,-0.058,0.072,0.18
2026,461,1,0.3,-0.091,0.022,0.137
2026,462,5,1.48,0.128,-0.301,0.015
2026,463,2,0.59,-0.164,0.037,0.13
2026,464,1,0.3,-0.091,-0.067,0.144
2026,467,1,0.84,-0.264,0.257,0.808
2026,470,8,6.23,0.15,0.888,1.422
2026,471,38,18.61,-0.034,-2.736,-1.083
2026,474,1,0.42,0.272,-0.709,0.0
2026,478,2,0.52,-0.179,0.174,0.077
2026,482,1,0.42,-0.089,-0.217,0.134
2026,490,4,2.02,0.211,-0.981,-0.789
2026,494,12,6.98,-0.959,0.473,2.572
2026,497,3,1.43,0.679,-0.947,-0.11
2026,501,1,0.42,0.033,-0.391,-0.031
2026,503,3,0.89,0.166,0.556,0.0
2026,508,2,0.59,-0.005,0.288,0.567
2026,513,1,0.35,0.092,-0.294,-0.231
2026,514,21,11.31,-0.17,2.874,1.082
2026,516,6,2.51,0.141,-1.264,-0.328
2026,517,3,1.68,-0.5,-0.226,-0.146
2026,522,80,36.83,0.022,-1.03,0.152
2026,523,15,7.75,-0.209,-1.22,-0.118
2026,524,1,0.15,-0.07,-0.037,0.0
2026,525,1,0.1,0.091,0.222,0.0
2026,527,1,0.15,0.015,0.078,0.096
2026,530,2,0.5,-0.026,0.039,-0.04
2026,543,68,22.21,0.463,-3.924,-0.76
2026,545,2,0.84,0.092,0.0,0.0
2026,546,81,38.47,-1.097,-0.11,1.744
2026,553,1,0.84,-0.098,-0.209,-0.093
2026,555,28,12.2,-0.053,-3.598,-0.005
2026,556,8,4.57,0.548,-2.571,-0.188
2026,559,2,0.84,0.195,-0.693,-0.315
2026,562,41,20.03,0.393,-2.342,-0.26
2026,564,1,0.42,0.167,-0.61,-0.238
2026,572,13,3.44,-0.259,-0.364,0.139
2026,576,1,0.1,-0.009,0.083,-0.021
2026,578,1,0.42,-0.095,-0.091,-0.033
2026,580,2,0.42,0.127,-0.332,-0.339
2026,583,4,2.52,-0.059,-0.688,0.073
2026,585,2,0.84,0.31,-1.005,-0.515
2026,588,2,0.84,0.056,-0.744,-0.035
2026,591,3,1.25,-0.252,0.337,1.012
2026,593,6,2.51,0.307,-1.897,-0.159
2026,599,2,0.84,-0.233,0.0,0.0
2026,600,4,1.18,0.021,0.0,0.0
2026,609,5,2.25,-0.116,-0.128,-0.064
2026,610,3,0.72,0.134,-0.548,-0.235
2026,616,11,4.6,0.558,-2.453,-0.954
2026,617,2,0.59,-0.091,0.027,0.2
2026,619,7,4.79,-0.116,-0.513,0.63
2026,621,1,0.42,0.182,-0.477,-0.293
2026,629,2,1.0,0.239,0.626,0.642
2026,630,2,0.84,0.179,-0.631,-0.341
2026,631,1,0.42,0.113,-0.378,-0.191
2026,632,2,0.84,0.124,-1.035,-0.059
2026,633,4,2.2,1.497,-2.86,-2.657
2026,635,4,1.67,-0.086,-0.63,-0.029
2026,644,1,0.25,-0.072,0.079,-0.031
2026,648,3,1.6,0.214,-0.928,-0.644
2026,651,2,1.0,-0.096,0.183,0.163
2026,654,2,0.1,0.118,0.269,0.0
2026,656,1,0.05,0.065,-0.136,0.0
2026,661,1,0.59,0.008,-0.175,-0.182
2026,664,1,0.05,0.032,-0.073,-0.08
2026,665,1,0.25,0.061,0.262,0.167
2026,666,3,1.85,-0.047,-0.543,-0.043
2026,667,5,2.44,0.709,-2.409,0.0
2026,673,8,6.23,0.358,-1.539,-0.179
2026,677,11,3.75,0.978,-2.198,-1.361
2026,686,1,0.59,0.152,-0.533,-0.591
2026,694,1,0.59,-0.107,-0.044,0.077
2026,696,1,0.59,-0.069,-0.097,0.022
2026,697,1,0.59,-0.151,0.007,0.16
2026,699,7,4.15,0.556,1.209,0.423
2026,703,1,0.59,0.169,0.436,0.396
2026,709,1,0.59,0.088,-0.32,-0.208
2026,715,4,2.37,0.876,-2.199,-2.328
2026,721,47,38.99,-0.717,-2.408,0.067
2026,726,7,3.11,1.027,-3.482,-1.497
2026,727,4,0.59,0.481,-1.125,0.0
2026,728,2,1.19,-0.271,0.101,-0.33
2026,730,4,2.87,0.05,-1.976,0.063
2026,732,22,15.76,-0.28,0.262,1.122
2026,733,1,0.59,-0.006,-0.182,-0.065
2026,734,1,0.59,0.047,0.322,0.079
2026,735,1,0.59,0.013,-0.345,0.0
2026,736,1,0.59,0.746,1.509,0.0
2026,737,1,0.59,0.436,-1.177,-0.566
2026,745,1,0.84,-0.197,0.098,0.478
2026,748,2,0.71,0.031,-0.03,0.356
2026,751,8,1.42,-0.008,-0.802,-0.035
2026,754,10,4.14,-0.354,-0.598,-0.54
2026,755,2,1.68,-0.377,0.03,0.091
2026,757,11,6.42,-0.304,1.781,0.386
2026,758,2,0.42,0.126,0.543,0.159
2026,768,1,0.84,-0.079,-0.018,0.089
2026,770,10,8.4,0.176,-1.946,-0.28
2026,776,287,14.91,0.488,1.794,1.409
2026,796,2,1.68,-0.22,0.208,0.695
2026,810,10,0.93,-0.098,-0.069,-0.018
2026,811,3,0.22,-0.05,-0.025,-0.244
2026,812,26,0.89,-0.055,0.113,0.057
2026,832,1,0.84,0.194,-0.558,-0.29
2026,836,2,1.68,0.13,-0.686,-0.233
2026,837,7,5.88,0.403,-1.756,-0.561
2026,838,1,0.84,-0.198,0.3,0.0
2026,844,15,12.6,0.489,-2.213,-0.888
2026,851,9,7.56,-0.377,-0.898,0.332
2026,859,6,4.55,-0.194,0.011,0.755
2026,868,2,1.68,0.275,-0.853,-0.5
2026,870,1,0.84,0.092,-0.717,-0.088
2026,877,1,0.84,-0.028,0.437,0.0
2026,878,1,0.84,-0.314,0.314,0.0
2026,879,4,3.36,4.241,-7.16,-6.161
2026,880,2,1.68,0.71,-1.656,-1.11
2026,881,2,1.68,0.075,-0.616,-0.16
2026,883,1,0.84,0.107,-0.428,-0.17
2026,886,1,0.84,0.203,-0.534,-0.38
2026,888,2,1.68,0.48,-0.882,-0.969
2026,889,1,0.84,0.154,-0.419,-0.26
2026,894,4,3.36,-0.017,-0.814,-0.037
2026,895,2,1.19,0.193,-0.646,-0.298
