name,pollster_id,note
Economist/YouGov,391,YouGov
Yahoo News,391,Yahoo News/YouGov
CBS News,391,CBS News/YouGov
CBS News/YouGov,391,
Univision/YouGov,391,
University of New Hampshire,357,
Reuters/Ipsos,154,
ABC/Wash Post/Ipsos,154,
Wash Post/Ipsos,154,
Beacon Research (D)/ Shaw & Co. Research,103,Fox News poll
Beacon Research (D)/Shaw & Co. Research,103,Fox News poll
FOX News,103,Fox News poll
Siena University,305,Siena College renamed 2025
NY Times/Siena,448,
New York Times,448,
Saint Anselm College,494,
Hart Research,113,538 files Hart Research Associates under Garin-Hart-Yang
Hart Research Associates,113,
University of Texas/Texas Politics Project,892,
Harvard-Harris,133,
Forbes/HarrisX,133,
2Way/HarrisX,133,
Fabrizio Ward (R)/ Impact Research,694,AARP polls
Fabrizio Ward (R)/Impact Research,694,AARP polls
Mitchell Research,213,
Berkeley IGS,457,
Politico/UC Berkeley/ TrueDot,457,
University of North Florida,360,
Financial Times,822,FT–Michigan Ross (Global Strategy Group/North Star)
Normington Petts,232,
Marquette,195,
Marquette University,195,
The Bullfinch Group/Independent Center,692,
Bullfinch Group,692,
Rutgers University Eagleton Institute of Politics,295,
Stetson University,730,
KSTP/SurveyUSA,325,
KTSP/SurveyUSA,325,
University of Houston/YouGov,351,
University of Houston/ Texas Southern University,351,
UT Tyler,458,
High Point University/YouGov,139,
Elon University/YouGov,86,
Daily Mail,619,J.L. Partners
CNBC,221,Hart Research/Public Opinion Strategies
NBC News,221,Hart Research/Public Opinion Strategies
I&I/TIPP,144,
Wall Street Journal,796,Fabrizio Lee/GBAO
NPR/PBS/Marist,183,
The Tarrance Group,333,
USC/CSU Long Beach/ Cal Poly Pomona,830,
True Dot/ Politico,880,
Quinnipiac University Polling Institute,267,
Echelon Insights/Tusk Strategies,407,
Emerson College/WPRI-TV,88,
The Mellman Group,205,
The Trafalgar Group,338,
NHJournal/Praecones Analytica,257,
Pew Research,253,
Atlas Intel,546,
Peak Insights,217,538 files Peak Insights under Moore Information Group
UMass Amherst/YouGov,354,
Michigan State University/YouGov,463,
PPIC,262,
