state,boundary_year,pres_year,district_name,dem_votes,rep_votes,total_votes,margin,joined_share,source
NC,2018,2020,NC-01,269665,123258,397481,-36.83,0.5691,NC SBE precinct results: 2020 US PRESIDENT joined to 2018 US HOUSE precinct labels
NC,2018,2020,NC-02,224725,245352,478514,4.31,0.5691,NC SBE precinct results: 2020 US PRESIDENT joined to 2018 US HOUSE precinct labels
NC,2018,2020,NC-03,144127,228821,378969,22.35,0.5691,NC SBE precinct results: 2020 US PRESIDENT joined to 2018 US HOUSE precinct labels
NC,2018,2020,NC-04,340076,132433,481289,-43.14,0.5691,NC SBE precinct results: 2020 US PRESIDENT joined to 2018 US HOUSE precinct labels
NC,2018,2020,NC-05,169920,235231,410875,15.9,0.5691,NC SBE precinct results: 2020 US PRESIDENT joined to 2018 US HOUSE precinct labels
NC,2018,2020,NC-06,177301,236335,418927,14.09,0.5691,NC SBE precinct results: 2020 US PRESIDENT joined to 2018 US HOUSE precinct labels
NC,2018,2020,NC-07,180350,253534,439596,16.65,0.5691,NC SBE precinct results: 2020 US PRESIDENT joined to 2018 US HOUSE precinct labels
NC,2018,2020,NC-08,172046,218672,396838,11.75,0.5691,NC SBE precinct results: 2020 US PRESIDENT joined to 2018 US HOUSE precinct labels
NC,2018,2020,NC-09,179691,220238,405426,10.0,0.5691,NC SBE precinct results: 2020 US PRESIDENT joined to 2018 US HOUSE precinct labels
NC,2018,2020,NC-10,160029,256871,422531,22.92,0.5691,NC SBE precinct results: 2020 US PRESIDENT joined to 2018 US HOUSE precinct labels
NC,2018,2020,NC-11,159549,265234,431057,24.52,0.5691,NC SBE precinct results: 2020 US PRESIDENT joined to 2018 US HOUSE precinct labels
NC,2018,2020,NC-12,313580,119771,440937,-43.95,0.5691,NC SBE precinct results: 2020 US PRESIDENT joined to 2018 US HOUSE precinct labels
NC,2018,2020,NC-13,193278,223115,422496,7.06,0.5691,NC SBE precinct results: 2020 US PRESIDENT joined to 2018 US HOUSE precinct labels
NC,2022,2024,NC-01,197230,185814,387284,-2.95,0.6637,NC SBE precinct results: 2024 US PRESIDENT joined to 2022 US HOUSE precinct labels
NC,2022,2024,NC-02,267870,149806,426443,-27.69,0.6637,NC SBE precinct results: 2024 US PRESIDENT joined to 2022 US HOUSE precinct labels
NC,2022,2024,NC-03,134212,248263,386614,29.5,0.6637,NC SBE precinct results: 2024 US PRESIDENT joined to 2022 US HOUSE precinct labels
NC,2022,2024,NC-04,273022,133009,413169,-33.89,0.6637,NC SBE precinct results: 2024 US PRESIDENT joined to 2022 US HOUSE precinct labels
NC,2022,2024,NC-05,159715,248943,414294,21.54,0.6637,NC SBE precinct results: 2024 US PRESIDENT joined to 2022 US HOUSE precinct labels
NC,2022,2024,NC-06,217806,175417,399474,-10.61,0.6637,NC SBE precinct results: 2024 US PRESIDENT joined to 2022 US HOUSE precinct labels
NC,2022,2024,NC-07,179509,248651,433041,15.97,0.6637,NC SBE precinct results: 2024 US PRESIDENT joined to 2022 US HOUSE precinct labels
NC,2022,2024,NC-08,131878,277541,414452,35.15,0.6637,NC SBE precinct results: 2024 US PRESIDENT joined to 2022 US HOUSE precinct labels
NC,2022,2024,NC-09,155366,204955,364996,13.59,0.6637,NC SBE precinct results: 2024 US PRESIDENT joined to 2022 US HOUSE precinct labels
NC,2022,2024,NC-10,121269,287522,413039,40.25,0.6637,NC SBE precinct results: 2024 US PRESIDENT joined to 2022 US HOUSE precinct labels
NC,2022,2024,NC-11,199137,237794,443806,8.71,0.6637,NC SBE precinct results: 2024 US PRESIDENT joined to 2022 US HOUSE precinct labels
NC,2022,2024,NC-12,240042,128985,377704,-29.4,0.6637,NC SBE precinct results: 2024 US PRESIDENT joined to 2022 US HOUSE precinct labels
NC,2022,2024,NC-13,211780,207712,427120,-0.95,0.6637,NC SBE precinct results: 2024 US PRESIDENT joined to 2022 US HOUSE precinct labels
NC,2022,2024,NC-14,223108,160499,391230,-16.0,0.6637,NC SBE precinct results: 2024 US PRESIDENT joined to 2022 US HOUSE precinct labels
AL,2022,2024,AL-01,108597,221424,334330,33.75,0.5922,"MEDSL 2024 precinct US PRESIDENT (county-scaled) joined to MEDSL 2022 US HOUSE precinct labels, calibrated"
AL,2022,2024,AL-02,101414,205922,310945,33.61,0.5922,"MEDSL 2024 precinct US PRESIDENT (county-scaled) joined to MEDSL 2022 US HOUSE precinct labels, calibrated"
AL,2022,2024,AL-03,91099,214058,309010,39.79,0.5922,"MEDSL 2024 precinct US PRESIDENT (county-scaled) joined to MEDSL 2022 US HOUSE precinct labels, calibrated"
AL,2022,2024,AL-04,56408,272546,332427,65.02,0.5922,"MEDSL 2024 precinct US PRESIDENT (county-scaled) joined to MEDSL 2022 US HOUSE precinct labels, calibrated"
AL,2022,2024,AL-05,123514,228135,358378,29.19,0.5922,"MEDSL 2024 precinct US PRESIDENT (county-scaled) joined to MEDSL 2022 US HOUSE precinct labels, calibrated"
AL,2022,2024,AL-06,120384,228009,353334,30.46,0.5922,"MEDSL 2024 precinct US PRESIDENT (county-scaled) joined to MEDSL 2022 US HOUSE precinct labels, calibrated"
AL,2022,2024,AL-07,175226,99190,277204,-27.43,0.5922,"MEDSL 2024 precinct US PRESIDENT (county-scaled) joined to MEDSL 2022 US HOUSE precinct labels, calibrated"
GA,2022,2024,GA-01,152270,210061,364312,15.86,0.783,"MEDSL 2024 precinct US PRESIDENT (county-scaled) joined to MEDSL 2022 US HOUSE precinct labels, calibrated"
GA,2022,2024,GA-02,169549,145544,316360,-7.59,0.783,"MEDSL 2024 precinct US PRESIDENT (county-scaled) joined to MEDSL 2022 US HOUSE precinct labels, calibrated"
GA,2022,2024,GA-03,145710,269881,418059,29.7,0.783,"MEDSL 2024 precinct US PRESIDENT (county-scaled) joined to MEDSL 2022 US HOUSE precinct labels, calibrated"
GA,2022,2024,GA-04,324843,106692,435931,-50.04,0.783,"MEDSL 2024 precinct US PRESIDENT (county-scaled) joined to MEDSL 2022 US HOUSE precinct labels, calibrated"
GA,2022,2024,GA-05,308848,62767,375320,-65.57,0.783,"MEDSL 2024 precinct US PRESIDENT (county-scaled) joined to MEDSL 2022 US HOUSE precinct labels, calibrated"
GA,2022,2024,GA-06,172623,241603,419194,16.46,0.783,"MEDSL 2024 precinct US PRESIDENT (county-scaled) joined to MEDSL 2022 US HOUSE precinct labels, calibrated"
GA,2022,2024,GA-07,26672,22841,50285,-7.62,0.783,"MEDSL 2024 precinct US PRESIDENT (county-scaled) joined to MEDSL 2022 US HOUSE precinct labels, calibrated"
GA,2022,2024,GA-08,119840,225654,346930,30.5,0.783,"MEDSL 2024 precinct US PRESIDENT (county-scaled) joined to MEDSL 2022 US HOUSE precinct labels, calibrated"
GA,2022,2024,GA-09,139295,296433,438946,35.8,0.783,"MEDSL 2024 precinct US PRESIDENT (county-scaled) joined to MEDSL 2022 US HOUSE precinct labels, calibrated"
GA,2022,2024,GA-10,168482,265154,436381,22.15,0.783,"MEDSL 2024 precinct US PRESIDENT (county-scaled) joined to MEDSL 2022 US HOUSE precinct labels, calibrated"
GA,2022,2024,GA-11,180488,242102,426515,14.45,0.783,"MEDSL 2024 precinct US PRESIDENT (county-scaled) joined to MEDSL 2022 US HOUSE precinct labels, calibrated"
GA,2022,2024,GA-12,148755,197823,348291,14.09,0.783,"MEDSL 2024 precinct US PRESIDENT (county-scaled) joined to MEDSL 2022 US HOUSE precinct labels, calibrated"
GA,2022,2024,GA-13,369997,120600,494769,-50.41,0.783,"MEDSL 2024 precinct US PRESIDENT (county-scaled) joined to MEDSL 2022 US HOUSE precinct labels, calibrated"
GA,2022,2024,GA-14,120644,255962,378783,35.72,0.783,"MEDSL 2024 precinct US PRESIDENT (county-scaled) joined to MEDSL 2022 US HOUSE precinct labels, calibrated"
LA,2022,2024,LA-01,106214,244213,356964,38.66,0.9256,"MEDSL 2024 precinct US PRESIDENT (county-scaled) joined to MEDSL 2022 US HOUSE precinct labels, calibrated"
LA,2022,2024,LA-02,236358,80636,323493,-48.14,0.9256,"MEDSL 2024 precinct US PRESIDENT (county-scaled) joined to MEDSL 2022 US HOUSE precinct labels, calibrated"
LA,2022,2024,LA-03,96709,234762,336100,41.07,0.9256,"MEDSL 2024 precinct US PRESIDENT (county-scaled) joined to MEDSL 2022 US HOUSE precinct labels, calibrated"
LA,2022,2024,LA-04,57631,163832,224139,47.38,0.9256,"MEDSL 2024 precinct US PRESIDENT (county-scaled) joined to MEDSL 2022 US HOUSE precinct labels, calibrated"
LA,2022,2024,LA-05,103755,215818,323518,34.64,0.9256,"MEDSL 2024 precinct US PRESIDENT (county-scaled) joined to MEDSL 2022 US HOUSE precinct labels, calibrated"
LA,2022,2024,LA-06,166203,269244,442762,23.27,0.9256,"MEDSL 2024 precinct US PRESIDENT (county-scaled) joined to MEDSL 2022 US HOUSE precinct labels, calibrated"
NY,2022,2024,NY-01,203088,246916,450004,9.74,0.6326,"MEDSL 2024 precinct US PRESIDENT (county-scaled) joined to MEDSL 2022 US HOUSE precinct labels, calibrated"
NY,2022,2024,NY-02,134110,173060,307169,12.68,0.6326,"MEDSL 2024 precinct US PRESIDENT (county-scaled) joined to MEDSL 2022 US HOUSE precinct labels, calibrated"
NY,2022,2024,NY-03,187208,213475,400683,6.56,0.6326,"MEDSL 2024 precinct US PRESIDENT (county-scaled) joined to MEDSL 2022 US HOUSE precinct labels, calibrated"
NY,2022,2024,NY-04,194428,189465,383893,-1.29,0.6326,"MEDSL 2024 precinct US PRESIDENT (county-scaled) joined to MEDSL 2022 US HOUSE precinct labels, calibrated"
NY,2022,2024,NY-05,170786,68869,239654,-42.53,0.6326,"MEDSL 2024 precinct US PRESIDENT (county-scaled) joined to MEDSL 2022 US HOUSE precinct labels, calibrated"
NY,2022,2024,NY-06,113316,95673,208989,-8.44,0.6326,"MEDSL 2024 precinct US PRESIDENT (county-scaled) joined to MEDSL 2022 US HOUSE precinct labels, calibrated"
NY,2022,2024,NY-07,176832,59633,236465,-49.56,0.6326,"MEDSL 2024 precinct US PRESIDENT (county-scaled) joined to MEDSL 2022 US HOUSE precinct labels, calibrated"
NY,2022,2024,NY-08,161076,66314,227390,-41.67,0.6326,"MEDSL 2024 precinct US PRESIDENT (county-scaled) joined to MEDSL 2022 US HOUSE precinct labels, calibrated"
NY,2022,2024,NY-09,173233,72779,246012,-40.83,0.6326,"MEDSL 2024 precinct US PRESIDENT (county-scaled) joined to MEDSL 2022 US HOUSE precinct labels, calibrated"
NY,2022,2024,NY-10,220390,51201,271591,-62.3,0.6326,"MEDSL 2024 precinct US PRESIDENT (county-scaled) joined to MEDSL 2022 US HOUSE precinct labels, calibrated"
NY,2022,2024,NY-11,100628,167092,267720,24.83,0.6326,"MEDSL 2024 precinct US PRESIDENT (county-scaled) joined to MEDSL 2022 US HOUSE precinct labels, calibrated"
NY,2022,2024,NY-12,273144,58183,331327,-64.88,0.6326,"MEDSL 2024 precinct US PRESIDENT (county-scaled) joined to MEDSL 2022 US HOUSE precinct labels, calibrated"
NY,2022,2024,NY-13,189377,46937,236314,-60.28,0.6326,"MEDSL 2024 precinct US PRESIDENT (county-scaled) joined to MEDSL 2022 US HOUSE precinct labels, calibrated"
NY,2022,2024,NY-14,140028,66626,206653,-35.52,0.6326,"MEDSL 2024 precinct US PRESIDENT (county-scaled) joined to MEDSL 2022 US HOUSE precinct labels, calibrated"
NY,2022,2024,NY-15,137578,48438,186015,-47.92,0.6326,"MEDSL 2024 precinct US PRESIDENT (county-scaled) joined to MEDSL 2022 US HOUSE precinct labels, calibrated"
NY,2022,2024,NY-16,203271,106514,309785,-31.23,0.6326,"MEDSL 2024 precinct US PRESIDENT (county-scaled) joined to MEDSL 2022 US HOUSE precinct labels, calibrated"
NY,2022,2024,NY-17,194298,192137,386435,-0.56,0.6326,"MEDSL 2024 precinct US PRESIDENT (county-scaled) joined to MEDSL 2022 US HOUSE precinct labels, calibrated"
NY,2022,2024,NY-18,190672,178298,368970,-3.35,0.6326,"MEDSL 2024 precinct US PRESIDENT (county-scaled) joined to MEDSL 2022 US HOUSE precinct labels, calibrated"
NY,2022,2024,NY-19,178038,174077,352115,-1.12,0.6326,"MEDSL 2024 precinct US PRESIDENT (county-scaled) joined to MEDSL 2022 US HOUSE precinct labels, calibrated"
NY,2022,2024,NY-20,202591,152552,355142,-14.09,0.6326,"MEDSL 2024 precinct US PRESIDENT (county-scaled) joined to MEDSL 2022 US HOUSE precinct labels, calibrated"
NY,2022,2024,NY-21,160987,221197,382183,15.75,0.6326,"MEDSL 2024 precinct US PRESIDENT (county-scaled) joined to MEDSL 2022 US HOUSE precinct labels, calibrated"
NY,2022,2024,NY-22,207379,194716,402095,-3.15,0.6326,"MEDSL 2024 precinct US PRESIDENT (county-scaled) joined to MEDSL 2022 US HOUSE precinct labels, calibrated"
NY,2022,2024,NY-23,154642,234249,388891,20.47,0.6326,"MEDSL 2024 precinct US PRESIDENT (county-scaled) joined to MEDSL 2022 US HOUSE precinct labels, calibrated"
NY,2022,2024,NY-24,131713,209098,340812,22.71,0.6326,"MEDSL 2024 precinct US PRESIDENT (county-scaled) joined to MEDSL 2022 US HOUSE precinct labels, calibrated"
NY,2022,2024,NY-25,220540,151196,371736,-18.65,0.6326,"MEDSL 2024 precinct US PRESIDENT (county-scaled) joined to MEDSL 2022 US HOUSE precinct labels, calibrated"
NY,2022,2024,NY-26,199843,140205,340048,-17.54,0.6326,"MEDSL 2024 precinct US PRESIDENT (county-scaled) joined to MEDSL 2022 US HOUSE precinct labels, calibrated"
