state,id,2026_pvi,2024_pvi,2022_pvi,2020_pvi,2018_pvi,2016_pvi
Alabama,Statewide,15,,,,,
Alaska,Statewide,6,,,,,
Arizona,Statewide,2,,,,,
Arkansas,Statewide,15,,,,,
California,Statewide,-12,,,,,
Colorado,Statewide,-6,,,,,
Connecticut,Statewide,-8,,,,,
Delaware,Statewide,-8,,,,,
District of Coumbia,Statewide,-44,,,,,
Florida,Statewide,5,,,,,
Georgia,Statewide,1,,,,,
Hawaii,Statewide,-13,,,,,
Idaho,Statewide,18,,,,,
Illinois,Statewide,-6,,,,,
Indiana,Statewide,9,,,,,
Iowa,Statewide,6,,,,,
Kansas,Statewide,8,,,,,
Kentucky,Statewide,15,,,,,
Louisiana,Statewide,11,,,,,
Maine,Statewide,-4,,,,,
Maryland,Statewide,-15,,,,,
Massachusetts,Statewide,-14,,,,,
Michigan,Statewide,0,,,,,
Minnesota,Statewide,-3,,,,,
Mississippi,Statewide,11,,,,,
Missouri,Statewide,9,,,,,
Montana,Statewide,10,,,,,
Nebraska AL,Statewide,10,,,,,
Nevada,Statewide,1,,,,,
New Hampshire,Statewide,-2,,,,,
New Jersey,Statewide,-4,,,,,
New Mexico,Statewide,-4,,,,,
New York,Statewide,-8,,,,,
North Carolina,Statewide,1,,,,,
North Dakota,Statewide,18,,,,,
Ohio,Statewide,5,,,,,
Oklahoma,Statewide,17,,,,,
Oregon,Statewide,-8,,,,,
Pennsylvania,Statewide,1,,,,,
Rhode Island,Statewide,-8,,,,,
South Carolina,Statewide,8,,,,,
South Dakota,Statewide,15,,,,,
Tennessee,Statewide,14,,,,,
Texas,Statewide,6,,,,,
Utah,Statewide,11,,,,,
Vermont,Statewide,-17,,,,,
Virginia,Statewide,-3,,,,,
Washington,Statewide,-10,,,,,
West Virginia,Statewide,21,,,,,
Wisconsin,Statewide,0,,,,,
Wyoming,Statewide,23,,,,,
AL-01,101,,28,16,16,15,15
AL-02,102,,-4,17,17,16,16
AL-03,103,,23,19,18,16,16
AL-04,104,,33,33,34,30,30
AL-05,105,,17,17,17,18,18
AL-06,106,,22,18,22,26,26
AL-07,107,,-12,-14,-19,-20,-20
AK-01,201,6,8,8,9,9,9
AZ-01,401,1,2,2,2,2,2
AZ-02,402,7,6,6,-2,1,1
AZ-03,403,-22,-24,-24,-13,-13,-13
AZ-04,404,-4,-2,-2,22,21,21
AZ-05,405,10,11,11,11,15,15
AZ-06,406,0,3,3,5,9,9
AZ-07,407,-13,-15,-15,-24,-23,-23
AZ-08,408,8,10,10,11,13,13
AZ-09,409,15,16,16,-9,-4,-4
AR-01,501,23,22,22,21,17,17
AR-02,502,8,9,9,7,7,7
AR-03,503,13,15,15,17,19,19
AR-04,504,20,20,20,20,17,17
CA-01,601,12,12,12,11,11,11
CA-02,602,-24,-23,-24,-23,-22,-22
CA-03,603,2,4,4,-5,-5,-5
CA-04,604,-17,-17,-17,8,10,10
CA-05,605,8,9,9,-22,-21,-21
CA-06,606,-8,-7,-7,-21,-21,-21
CA-07,607,-16,-17,-17,-5,-3,-3
CA-08,608,-24,-26,-26,8,9,9
CA-09,609,-1,-5,-5,-8,-8,-8
CA-10,610,-18,-18,-18,0,0,0
CA-11,611,-36,-37,-37,-24,-21,-21
CA-12,612,-39,-40,-40,-38,-37,-37
CA-13,613,1,-4,-4,-40,-40,-40
CA-14,614,-20,-22,-22,-28,-27,-27
CA-15,615,-26,-28,-28,-22,-20,-20
CA-16,616,-26,-26,-26,-9,-9,-9
CA-17,617,-21,-23,-23,-24,-25,-25
CA-18,618,-17,-21,-21,-27,-23,-23
CA-19,619,-18,-18,-18,-23,-24,-24
CA-20,620,15,16,16,-23,-23,-23
CA-21,621,-4,-9,-9,-5,-5,-5
CA-22,622,1,-5,-5,6,8,8
CA-23,623,8,8,8,12,14,14
CA-24,624,-13,-13,-13,-10,-7,-7
CA-25,625,-3,-6,-6,-3,0,0
CA-26,626,-8,-8,-8,-10,-7,-7
CA-27,627,-3,-4,-4,-18,-16,-16
CA-28,628,-15,-16,-16,-23,-23,-23
CA-29,629,-20,-26,-26,-27,-29,-29
CA-30,630,-22,-23,-23,-20,-18,-18
CA-31,631,-10,-15,-15,-9,-8,-8
CA-32,632,-17,-20,-20,-17,-17,-17
CA-33,633,-7,-12,-12,-19,-16,-16
CA-34,634,-28,-32,-32,-34,-35,-35
CA-35,635,-8,-13,-13,-17,-19,-19
CA-36,636,-21,-21,-21,-4,-2,-2
CA-37,637,-33,-37,-37,-36,-37,-37
CA-38,638,-10,-14,-14,-17,-17,-17
CA-39,639,-7,-12,-12,-3,0,0
CA-40,640,1,2,2,-31,-33,-33
CA-41,641,2,3,3,-12,-12,-12
CA-42,642,-18,-22,-22,7,9,9
CA-43,643,-27,-32,-32,-20,-29,-29
CA-44,644,-19,-24,-24,-32,-35,-35
CA-45,645,-1,-2,-2,-3,3,3
CA-46,646,-11,-15,-15,-16,-15,-15
CA-47,647,-3,-3,-3,-14,-13,-13
CA-48,648,7,9,9,1,4,4
CA-49,649,-4,-3,-3,-4,1,1
CA-50,650,-16,-14,-14,8,11,11
CA-51,651,-13,-12,-12,-20,-22,-22
CA-52,652,-13,-18,-18,-12,-6,-6
CA-53,653,-,-,-,-17,-14,-14
CO-01,801,-29,-29,-29,-24,-21,-21
CO-02,802,-20,-17,-17,-12,-9,-9
CO-03,803,5,7,7,6,6,6
CO-04,804,9,13,13,12,13,13
CO-05,805,5,9,9,12,14,14
CO-06,806,-11,-9,-9,-6,-2,-2
CO-07,807,-8,-4,-4,-7,-6,-6
CO-08,808,0,0,0,-,-,-
CT-01,901,-12,-12,-12,-11,-12,-12
CT-02,902,-4,-3,-3,-2,-3,-3
CT-03,903,-8,-7,-7,-8,-9,-9
CT-04,904,-13,-13,-13,-12,-7,-7
CT-05,905,-3,-3,-3,-2,-2,-2
DE-01,1001,-8,-7,-7,-6,-6,-6
FL-01,1201,18,19,10,20,22,22
FL-02,1202,8,8,8,29,18,18
FL-03,1203,10,9,9,8,9,9
FL-04,1204,5,6,6,14,17,17
FL-05,1205,10,11,11,-12,-12,-12
FL-06,1206,14,14,14,10,7,7
FL-07,1207,5,5,5,-3,0,0
FL-08,1208,11,11,11,12,11,11
FL-09,1209,-4,-8,-8,-3,-5,-5
FL-10,1210,-13,-14,-14,-12,-11,-11
FL-11,1211,8,8,8,18,15,15
FL-12,1212,17,17,17,11,8,8
FL-13,1213,5,6,6,0,-2,-2
FL-14,1214,-5,-8,-8,-7,-7,-7
FL-15,1215,5,4,4,6,6,6
FL-16,1216,7,7,7,7,7,7
FL-17,1217,11,10,10,16,13,13
FL-18,1218,14,13,13,6,5,5
FL-19,1219,14,13,13,12,13,13
FL-20,1220,-22,-25,-25,-28,-31,-31
FL-21,1221,7,7,7,-8,-9,-9
FL-22,1222,-4,-7,-7,-6,-6,-6
FL-23,1223,-2,-5,-5,-9,-11,-11
FL-24,1224,-18,-25,-25,-28,-34,-34
FL-25,1225,-5,-9,-9,8,4,4
FL-26,1226,16,8,8,-1,-6,-6
FL-27,1227,6,0,0,-4,-5,-5
FL-28,1228,10,2,2,-,-,-
GA-01,1301,8,9,9,9,9,9
GA-02,1302,-4,-3,-3,-4,-6,-6
GA-03,1303,15,18,18,16,18,18
GA-04,1304,-27,-27,-27,-27,-24,-24
GA-05,1305,-36,-35,-32,-36,-34,-34
GA-06,1306,-25,-22,11,-1,8,8
GA-07,1307,11,13,-10,2,9,9
GA-08,1308,15,16,16,15,15,15
GA-09,1309,17,20,22,30,31,31
GA-10,1310,11,14,15,13,15,15
GA-11,1311,12,14,11,12,17,17
GA-12,1312,7,8,8,9,9,9
GA-13,1313,-21,-17,-28,-23,-20,-20
GA-14,1314,19,22,22,28,27,27
HI-01,1501,-13,-14,-14,-14,-17,-17
HI-02,1502,-12,-14,-14,-15,-19,-19
ID-01,1601,22,22,22,22,21,21
ID-02,1602,13,14,14,15,17,17
IL-01,1701,-18,-20,-20,-25,-27,-27
IL-02,1702,-18,-19,-19,-28,-29,-29
IL-03,1703,-17,-20,-20,-6,-6,-6
IL-04,1704,-17,-22,-22,-33,-33,-33
IL-05,1705,-19,-18,-18,-22,-20,-20
IL-06,1706,-3,-3,-3,-3,2,2
IL-07,1707,-34,-36,-36,-37,-38,-38
IL-08,1708,-5,-6,-6,-9,-8,-8
IL-09,1709,-19,-19,-19,-21,-18,-18
IL-10,1710,-12,-11,-11,-14,-10,-10
IL-11,1711,-6,-5,-5,-11,-9,-9
IL-12,1712,22,24,24,9,5,5
IL-13,1713,-5,-3,-3,4,3,3
IL-14,1714,-3,-4,-4,2,5,5
IL-15,1715,20,22,22,26,21,21
IL-16,1716,11,13,13,10,8,8
IL-17,1717,-3,-2,-2,2,-3,-3
IL-18,1718,-,-,-,15,15,15
IN-01,1801,-1,-3,-3,-4,-8,-8
IN-02,1802,13,14,14,13,11,11
IN-03,1803,16,18,18,19,18,18
IN-04,1804,15,18,18,18,17,17
IN-05,1805,8,11,11,5,9,9
IN-06,1806,16,19,19,22,18,18
IN-07,1807,-21,-19,-19,-11,-11,-11
IN-08,1808,18,19,19,19,15,15
IN-09,1809,15,16,16,15,13,13
IA-01,1901,4,3,3,4,-1,-1
IA-02,1902,4,4,4,4,-1,-1
IA-03,1903,2,3,3,3,1,1
IA-04,1904,15,16,16,16,11,11
KS-01,2001,16,18,18,24,24,24
KS-02,2002,10,11,11,10,10,10
KS-03,2003,-2,1,1,-1,4,4
KS-04,2004,12,14,14,15,15,15
KY-01,2101,23,24,24,26,23,23
KY-02,2102,20,21,21,22,19,19
KY-03,2103,-10,-9,-9,-8,-6,-6
KY-04,2104,18,19,19,19,18,18
KY-05,2105,32,32,32,33,31,31
KY-06,2106,7,9,9,8,9,9
LA-01,2201,19,22,23,22,24,24
LA-02,2202,-17,-16,-25,-25,-25,-25
LA-03,2203,22,24,21,21,20,20
LA-04,2204,26,27,14,14,13,13
LA-05,2205,18,19,17,17,15,15
LA-06,2206,-8,-8,19,18,19,19
ME-01,2301,-11,-9,-9,-8,-8,-8
ME-02,2302,4,6,6,6,2,2
MD-01,2401,8,11,11,14,14,14
MD-02,2402,-10,-7,-7,-13,-11,-11
MD-03,2403,-12,-10,-10,-16,-13,-13
MD-04,2404,-39,-40,-40,-29,-28,-28
MD-05,2405,-17,-15,-15,-16,-16,-16
MD-06,2406,-3,-2,-2,-8,-6,-6
MD-07,2407,-31,-30,-30,-27,-26,-26
MD-08,2408,-30,-29,-29,-17,-14,-14
MA-01,2501,-8,-9,-9,-10,-12,-12
MA-02,2502,-13,-13,-13,-10,-9,-9
MA-03,2503,-11,-11,-11,-12,-9,-9
MA-04,2504,-11,-12,-12,-13,-9,-9
MA-05,2505,-24,-23,-23,-23,-18,-18
MA-06,2506,-11,-11,-11,-10,-6,-6
MA-07,2507,-34,-35,-35,-35,-34,-34
MA-08,2508,-15,-15,-15,-14,-10,-10
MA-09,2509,-6,-6,-6,-6,-4,-4
MI-01,2601,11,13,13,12,9,9
MI-02,2602,15,16,16,9,9,9
MI-03,2603,-4,-1,-1,5,6,6
MI-04,2604,3,5,5,14,10,10
MI-05,2605,13,15,15,-1,-5,-5
MI-06,2606,-12,-11,-11,5,4,4
MI-07,2607,0,2,2,10,7,7
MI-08,2608,1,1,1,4,4,4
MI-09,2609,16,18,19,-4,-4,-4
MI-10,2610,3,3,3,18,13,13
MI-11,2611,-9,-7,-7,2,4,4
MI-12,2612,-21,-23,-23,-13,-14,-14
MI-13,2613,-22,-23,-23,-29,-33,-33
MI-14,2614,-,-,-,-29,-30,-30
MN-01,2701,6,7,7,8,5,5
MN-02,2702,-3,-1,-1,0,2,2
MN-03,2703,-11,-8,-8,-6,-1,-1
MN-04,2704,-18,-17,-17,-16,-14,-14
MN-05,2705,-32,-30,-30,-29,-26,-26
MN-06,2706,10,12,12,14,12,12
MN-07,2707,18,19,19,17,12,12
MN-08,2708,7,8,8,10,4,4
MS-01,2801,18,18,18,18,16,16
MS-02,2802,-11,-11,-11,-13,-14,-14
MS-03,2803,14,15,15,13,13,13
MS-04,2804,21,22,22,22,21,21
MO-01,2901,-29,-27,-27,-29,-29,-29
MO-02,2902,4,7,7,4,8,8
MO-03,2903,13,16,16,21,18,18
MO-04,2904,21,23,23,20,17,17
MO-05,2905,-12,-11,-11,-7,-7,-7
MO-06,2906,19,21,21,18,16,16
MO-07,2907,21,24,24,24,23,23
MO-08,2908,27,28,28,30,24,24
MT-01,3001,5,6,6,11,11,11
MT-02,3002,15,16,16,-,-,-
NE-01,3101,6,9,9,11,11,11
NE-02,3102,-3,0,0,1,4,4
NE-03,3103,27,29,29,30,27,27
NV-01,3201,-2,-3,-3,-12,-15,-15
NV-02,3202,7,8,8,8,7,7
NV-03,3203,-1,-1,-1,2,2,2
NV-04,3204,-2,-3,-3,-1,-3,-3
NH-01,3301,-2,0,0,1,2,2
NH-02,3302,-2,-2,-2,-1,-2,-2
NJ-01,3401,-10,-10,-10,-11,-13,-13
NJ-02,3402,5,5,5,4,1,1
NJ-03,3403,-5,-5,-5,3,2,2
NJ-04,3404,14,14,14,8,8,8
NJ-05,3405,-2,-4,-4,1,3,3
NJ-06,3406,-5,-8,-8,-6,-9,-9
NJ-07,3407,0,1,1,-1,3,3
NJ-08,3408,-15,-22,-22,-24,-27,-27
NJ-09,3409,-2,-8,-8,-13,-16,-16
NJ-10,3410,-27,-30,-30,-34,-36,-36
NJ-11,3411,-5,-6,-6,0,3,3
NJ-12,3412,-13,-12,-12,-16,-16,-16
NM-01,3501,-7,-5,-5,-9,-7,-7
NM-02,3502,0,-1,-1,8,6,6
NM-03,3503,-3,-4,-4,-7,-8,-8
NY-01,3601,4,4,3,6,5,5
NY-02,3602,6,4,3,5,3,3
NY-03,3603,0,-3,-2,-3,-1,-1
NY-04,3604,-2,-5,-5,-4,-4,-4
NY-05,3605,-24,-30,-30,-34,-37,-37
NY-06,3606,-6,-14,-15,-13,-16,-16
NY-07,3607,-25,-30,-31,-24,-38,-38
NY-08,3608,-24,-27,-26,-33,-36,-36
NY-09,3609,-22,-25,-25,-32,-34,-34
NY-10,3610,-32,-34,-35,-27,-26,-26
NY-11,3611,10,6,6,7,3,3
NY-12,3612,-33,-34,-34,-34,-31,-31
NY-13,3613,-32,-38,-38,-40,-43,-43
NY-14,3614,-19,-27,-28,-25,-29,-29
NY-15,3615,-27,-35,-35,-39,-44,-44
NY-16,3616,-18,-21,-20,-25,-24,-24
NY-17,3617,-1,-3,-3,-9,-7,-7
NY-18,3618,-2,-2,-1,1,1,1
NY-19,3619,-1,1,0,3,2,2
NY-20,3620,-8,-7,-7,-7,-7,-7
NY-21,3621,10,10,9,8,4,4
NY-22,3622,-4,-3,-1,9,6,6
NY-23,3623,10,12,12,9,6,6
NY-24,3624,11,13,11,-2,-3,-3
NY-25,3625,-10,-8,-7,-8,-8,-8
NY-26,3626,-11,-10,-9,-10,-11,-11
NY-27,3627,-,-,-,12,11,11
NC-01,3701,1,1,-2,-3,-17,-17
NC-02,3702,-17,-15,-12,-12,7,7
NC-03,3703,10,11,15,14,12,12
NC-04,3704,-23,-21,-16,-16,-17,-17
NC-05,3705,9,10,13,20,10,10
NC-06,3706,9,11,-4,-10,9,9
NC-07,3707,7,8,8,11,9,9
NC-08,3708,10,11,20,6,8,8
NC-09,3709,8,9,6,6,8,8
NC-10,3710,9,10,22,21,12,12
NC-11,3711,5,8,8,9,14,14
NC-12,3712,-24,-23,-13,-19,-18,-18
NC-13,3713,8,11,2,20,6,6
NC-14,3714,8,11,-6,-,-,-
ND-01,3801,18,20,20,20,16,16
OH-01,3901,-3,-2,-2,4,5,5
OH-02,3902,24,25,25,9,9,9
OH-03,3903,-21,-20,-20,-19,-19,-19
OH-04,3904,18,20,20,20,14,14
OH-05,3905,14,15,15,15,11,11
OH-06,3906,16,16,16,24,16,16
OH-07,3907,5,7,7,18,12,12
OH-08,3908,12,14,14,19,17,17
OH-09,3909,3,3,3,-9,-14,-14
OH-10,3910,3,4,4,5,4,4
OH-11,3911,-28,-28,-28,-30,-32,-32
OH-12,3912,16,18,18,6,7,7
OH-13,3913,0,1,1,-1,-7,-7
OH-14,3914,9,9,9,7,5,5
OH-15,3915,4,6,6,9,7,7
OH-16,3916,-,-,-,10,8,8
OK-01,4001,11,14,14,15,17,17
OK-02,4002,28,29,29,29,24,24
OK-03,4003,23,24,24,29,27,27
OK-04,4004,17,19,19,20,20,20
OK-05,4005,9,12,12,7,10,10
OR-01,4101,-20,-18,-18,-12,-9,-9
OR-02,4102,14,15,15,11,11,11
OR-03,4103,-24,-22,-22,-24,-24,-24
OR-04,4104,-6,-4,-4,1,0,0
OR-05,4105,-4,-2,-2,-2,-,-
OR-06,4106,-6,-4,-4,-,-,-
PA-01,4201,-1,0,9,0,-1,-31
PA-02,4202,-19,-20,-20,-21,-24,-40
PA-03,4203,-40,-39,-39,-41,-41,11
PA-04,4204,-8,-7,-7,-9,-9,11
PA-05,4205,-15,-14,-14,-13,-13,14
PA-06,4206,-6,-5,-5,-5,-2,2
PA-07,4207,1,2,2,0,2,1
PA-08,4208,4,4,4,5,8,2
PA-09,4209,19,21,21,18,17,19
PA-10,4210,3,5,5,5,6,16
PA-11,4211,11,13,13,14,14,10
PA-12,4212,-10,-8,-8,20,17,11
PA-13,4213,23,25,25,25,22,-15
PA-14,4214,17,18,18,16,22,-17
PA-15,4215,19,21,21,24,21,4
PA-16,4216,11,13,13,12,9,5
PA-17,4217,-3,0,0,2,3,1
PA-18,4218,-,-,-,-13,-17,11
RI-01,4401,-12,-12,-12,-12,-14,-14
RI-02,4402,-4,-4,-4,-4,-6,-6
SC-01,4501,6,7,7,7,10,10
SC-02,4502,7,8,8,9,12,12
SC-03,4503,21,21,21,21,19,19
SC-04,4504,11,12,12,14,15,15
SC-05,4505,11,12,12,11,9,9
SC-06,4506,-13,-14,-14,-17,-19,-19
SC-07,4507,12,11,11,11,9,9
SD-01,4601,15,16,16,16,14,14
TN-01,4701,29,30,30,30,28,28
TN-02,4702,17,18,18,18,20,20
TN-03,4703,18,19,19,19,18,18
TN-04,4704,21,22,22,22,20,20
TN-05,4705,8,9,9,-9,-7,-7
TN-06,4706,17,17,17,26,24,24
TN-07,4707,10,10,10,21,20,20
TN-08,4708,21,21,21,19,19,19
TN-09,4709,-23,-22,-22,-28,-28,-28
TX-01,4801,25,26,26,25,25,25
TX-02,4802,12,15,15,4,11,11
TX-03,4803,10,11,11,6,13,13
TX-04,4804,16,16,16,28,28,28
TX-05,4805,13,14,14,15,16,16
TX-06,4806,14,15,15,6,9,9
TX-07,4807,-12,-13,-13,-1,7,7
TX-08,4808,16,16,16,25,28,28
TX-09,4809,-24,-26,-26,-27,-29,-29
TX-10,4810,12,13,13,5,9,9
TX-11,4811,22,23,23,32,32,32
TX-12,4812,11,12,12,15,18,18
TX-13,4813,24,26,26,33,33,33
TX-14,4814,17,17,17,12,12,12
TX-15,4815,7,1,1,-3,-7,-7
TX-16,4816,-11,-17,-17,-18,-17,-17
TX-17,4817,14,14,14,9,12,12
TX-18,4818,-21,-23,-23,-26,-27,-27
TX-19,4819,25,26,26,26,27,27
TX-20,4820,-12,-15,-15,-13,-10,-10
TX-21,4821,11,13,13,8,10,10
TX-22,4822,9,11,11,4,10,10
TX-23,4823,7,5,5,1,1,1
TX-24,4824,7,10,10,2,9,9
TX-25,4825,18,19,19,8,11,11
TX-26,4826,11,13,13,12,18,18
TX-27,4827,14,13,13,14,13,13
TX-28,4828,2,-3,-3,-5,-9,-9
TX-29,4829,-12,-18,-18,-19,-19,-19
TX-30,4830,-25,-27,-27,-29,-29,-29
TX-31,4831,11,14,14,6,10,10
TX-32,4832,-13,-14,-14,-1,5,5
TX-33,4833,-19,-25,-24,-23,-23,-23
TX-34,4834,0,-9,-9,-5,-10,-10
TX-35,4835,-19,-21,-21,-17,-15,-15
TX-36,4836,18,18,18,25,26,26
TX-37,4837,-26,-24,-24,-,-,-
TX-38,4838,10,12,12,-,-,-
UT-01,4901,10,12,12,20,26,26
UT-02,4902,10,11,11,10,16,16
UT-03,4903,10,13,13,17,25,25
UT-04,4904,14,16,16,6,13,13
VT-01,5001,-17,-16,-16,-15,-15,-15
VA-01,5101,3,6,6,6,8,8
VA-02,5102,0,2,2,1,3,3
VA-03,5103,-18,-17,-17,-16,-16,-16
VA-04,5104,-17,-16,-16,-10,-10,-10
VA-05,5105,6,7,7,7,6,6
VA-06,5106,12,14,14,14,13,13
VA-07,5107,-2,-1,-1,3,6,6
VA-08,5108,-26,-26,-26,-27,-21,-21
VA-09,5109,22,23,23,23,19,19
VA-10,5110,-6,-6,-6,-6,-1,-1
VA-11,5111,-18,-18,-18,-19,-15,-15
WA-01,5301,-15,-13,-13,-8,-6,-6
WA-02,5302,-12,-9,-9,-11,-10,-10
WA-03,5303,2,5,5,5,4,4
WA-04,5304,10,11,11,13,13,13
WA-05,5305,5,8,8,8,8,8
WA-06,5306,-10,-6,-6,-6,-6,-6
WA-07,5307,-39,-36,-26,-36,-33,-33
WA-08,5308,-3,-1,-1,-1,0,0
WA-09,5309,-22,-21,-21,-23,-21,-21
WA-10,5310,-9,-7,-7,-5,-5,-5
WV-01,5401,22,23,23,22,19,19
WV-02,5402,20,22,22,20,17,17
WV-03,5403,-,-,-,27,23,23
WI-01,5501,2,3,3,7,5,5
WI-02,5502,-21,-19,-19,-18,-18,-18
WI-03,5503,3,4,4,4,0,0
WI-04,5504,-26,-25,-25,-25,-25,-25
WI-05,5505,11,14,14,11,13,13
WI-06,5506,8,10,10,10,8,8
WI-07,5507,11,12,12,12,8,8
WI-08,5508,8,10,10,10,7,7
WY-01,5601,23,25,25,26,25,25