state_abbr,year,seat,class,type,dem_candidate,rep_candidate,incumbent,dem_pct,rep_pct,margin,dem_votes,rep_votes,vote_margin,total_votes,wikipedia_url
AK,2022,2,3,,Patricia Chesbro,Lisa Murkowski,R,10.37,43.37,33.00,27145,113495,86350,261705,https://en.wikipedia.org/wiki/2022_United_States_Senate_election_in_Alaska
AK,2020,1,2,,Al Gross,Dan Sullivan,R,41.19,53.90,12.70,146068,191112,45044,354587,https://en.wikipedia.org/wiki/2020_United_States_Senate_election_in_Alaska
AK,2016,2,3,,Ray Metcalfe,Lisa Murkowski,R,11.62,44.36,32.73,36200,138149,101949,311441,https://en.wikipedia.org/wiki/2016_United_States_Senate_election_in_Alaska
AK,2014,1,2,,Mark Begich,Dan Sullivan,D,45.83,47.96,2.13,129431,135445,6014,282400,https://en.wikipedia.org/wiki/2014_United_States_Senate_election_in_Alaska
AL,2022,2,3,,Will Boyd,Katie Britt,None,30.88,66.62,35.74,436746,942154,505408,1414238,https://en.wikipedia.org/wiki/2022_United_States_Senate_election_in_Alabama
AL,2020,1,2,,Doug Jones,Tommy Tuberville,D,39.74,60.10,20.36,920478,1392076,471598,2316445,https://en.wikipedia.org/wiki/2020_United_States_Senate_election_in_Alabama
AL,2016,2,3,,Ron Crumpton,Richard Shelby,R,35.87,63.96,28.09,748709,1335104,586395,2087444,https://en.wikipedia.org/wiki/2016_United_States_Senate_election_in_Alabama
AL,2014,1,2,,,Jeff Sessions,R,0.00,97.25,97.25,0,795606,795606,818090,https://en.wikipedia.org/wiki/2014_United_States_Senate_election_in_Alabama
AR,2022,2,3,,Natalie James,John Boozman,R,31.09,65.73,34.64,280187,592437,312250,901306,https://en.wikipedia.org/wiki/2022_United_States_Senate_election_in_Arkansas
AR,2020,1,2,,Ricky Dale Harrington Jr. (I),Tom Cotton,R,33.47,66.53,33.06,399390,793871,394481,1193261,https://en.wikipedia.org/wiki/2020_United_States_Senate_election_in_Arkansas
AR,2016,2,3,,Conner Eldridge,John Boozman,R,36.17,59.77,23.60,400602,661984,261382,1107522,https://en.wikipedia.org/wiki/2016_United_States_Senate_election_in_Arkansas
AR,2014,1,2,,Mark Pryor,Tom Cotton,D,39.43,56.50,17.07,334174,478819,144645,847505,https://en.wikipedia.org/wiki/2014_United_States_Senate_election_in_Arkansas
AZ,2024,1,1,,Ruben Gallego,Kari Lake,None,50.06,47.65,-2.41,1676335,1595761,-80574,3348814,https://en.wikipedia.org/wiki/2024_United_States_Senate_election_in_Arizona
AZ,2022,2,3,,Mark Kelly,Blake Masters,D,51.39,46.51,-4.89,1322027,1196308,-125719,2572294,https://en.wikipedia.org/wiki/2022_United_States_Senate_election_in_Arizona
AZ,2020,2,3,Special,Mark Kelly,Martha McSally,R,51.16,48.81,-2.35,1716467,1637661,-78806,3355317,https://en.wikipedia.org/wiki/2020_United_States_Senate_special_election_in_Arizona
AZ,2018,1,1,,Kyrsten Sinema,Martha McSally,None,49.96,47.61,-2.34,1191100,1135200,-55900,2384308,https://en.wikipedia.org/wiki/2018_United_States_Senate_election_in_Arizona
AZ,2016,2,3,,Ann Kirkpatrick,John McCain,R,40.75,53.71,12.96,1031245,1359267,328022,2530730,https://en.wikipedia.org/wiki/2016_United_States_Senate_election_in_Arizona
AZ,2012,1,1,,Richard Carmona,Jeff Flake,None,46.20,49.23,3.03,1036542,1104457,67915,2243422,https://en.wikipedia.org/wiki/2012_United_States_Senate_election_in_Arizona
CA,2024,1,1,,Adam Schiff,Steve Garvey,None,58.87,41.13,-17.75,9036252,6312594,-2723658,15348846,https://en.wikipedia.org/wiki/2024_United_States_Senate_election_in_California
CA,2022,2,3,,Alex Padilla,Mark Meuser,D,61.06,38.94,-22.13,6621616,4222025,-2399591,10843641,https://en.wikipedia.org/wiki/2022_United_States_Senate_election_in_California
CA,2018,1,1,,Dianne Feinstein,Kevin de León (D),D,54.16,45.84,-8.32,6019422,5093942,-925480,11113364,https://en.wikipedia.org/wiki/2018_United_States_Senate_election_in_California
CA,2016,2,3,,Kamala Harris,Loretta Sanchez (D),None,61.60,38.40,-23.20,7542753,4701417,-2841336,12244170,https://en.wikipedia.org/wiki/2016_United_States_Senate_election_in_California
CA,2012,1,1,,Dianne Feinstein,Elizabeth Emken,D,62.52,37.48,-25.05,7864624,4713887,-3150737,12578511,https://en.wikipedia.org/wiki/2012_United_States_Senate_election_in_California
CO,2022,2,3,,Michael Bennet,Joe O'Dea,D,55.88,41.27,-14.62,1397170,1031693,-365477,2500130,https://en.wikipedia.org/wiki/2022_United_States_Senate_election_in_Colorado
CO,2020,1,2,,John Hickenlooper,Cory Gardner,R,53.50,44.18,-9.32,1731114,1429492,-301622,3235790,https://en.wikipedia.org/wiki/2020_United_States_Senate_election_in_Colorado
CO,2016,2,3,,Michael Bennet,Darryl Glenn,D,49.97,44.31,-5.66,1370710,1215318,-155392,2743023,https://en.wikipedia.org/wiki/2016_United_States_Senate_election_in_Colorado
CO,2014,1,2,,Mark Udall,Cory Gardner,D,46.26,48.20,1.94,944203,983891,39688,2041058,https://en.wikipedia.org/wiki/2014_United_States_Senate_election_in_Colorado
CT,2024,1,1,,Chris Murphy,Matthew Corey,D,58.58,39.70,-18.88,1000695,678256,-322439,1708259,https://en.wikipedia.org/wiki/2024_United_States_Senate_election_in_Connecticut
CT,2022,2,3,,Richard Blumenthal,Leora Levy,D,57.45,42.54,-14.92,723864,535943,-187921,1259887,https://en.wikipedia.org/wiki/2022_United_States_Senate_election_in_Connecticut
CT,2018,1,1,,Chris Murphy,Matthew Corey,D,59.53,39.35,-20.18,825579,545717,-279862,1386840,https://en.wikipedia.org/wiki/2018_United_States_Senate_election_in_Connecticut
CT,2016,2,3,,Richard Blumenthal,Dan Carter,D,63.19,34.62,-28.57,1008714,552621,-456093,1596276,https://en.wikipedia.org/wiki/2016_United_States_Senate_election_in_Connecticut
CT,2012,1,1,,Chris Murphy,Linda McMahon,None,54.82,43.07,-11.75,828761,651089,-177672,1511764,https://en.wikipedia.org/wiki/2012_United_States_Senate_election_in_Connecticut
DE,2024,1,1,,Lisa Blunt Rochester,Eric Hansen,None,56.59,39.50,-17.09,283298,197753,-85545,500606,https://en.wikipedia.org/wiki/2024_United_States_Senate_election_in_Delaware
DE,2020,2,2,,Chris Coons,Lauren Witzke,D,59.44,37.90,-21.54,291804,186054,-105750,490935,https://en.wikipedia.org/wiki/2020_United_States_Senate_election_in_Delaware
DE,2018,1,1,,Tom Carper,Rob Arlett,D,59.95,37.82,-22.13,217385,137127,-80258,362606,https://en.wikipedia.org/wiki/2018_United_States_Senate_election_in_Delaware
DE,2014,2,2,,Chris Coons,Kevin Wade,D,55.83,42.23,-13.60,130655,98823,-31832,234038,https://en.wikipedia.org/wiki/2014_United_States_Senate_election_in_Delaware
DE,2012,1,1,,Tom Carper,Kevin Wade,D,66.42,28.95,-37.47,265415,115700,-149715,399606,https://en.wikipedia.org/wiki/2012_United_States_Senate_election_in_Delaware
FL,2024,1,1,,Debbie Mucarsel-Powell,Rick Scott,R,42.79,55.57,12.78,4603077,5977706,1374629,10757428,https://en.wikipedia.org/wiki/2024_United_States_Senate_election_in_Florida
FL,2022,2,3,,Val Demings,Marco Rubio,R,41.27,57.68,16.41,3201522,4474847,1273325,7758014,https://en.wikipedia.org/wiki/2022_United_States_Senate_election_in_Florida
FL,2018,1,1,,Bill Nelson,Rick Scott,D,49.93,50.05,0.12,4089472,4099505,10033,8190005,https://en.wikipedia.org/wiki/2018_United_States_Senate_election_in_Florida
FL,2016,2,3,,Patrick Murphy,Marco Rubio,R,44.31,51.98,7.67,4122088,4835191,713103,9301820,https://en.wikipedia.org/wiki/2016_United_States_Senate_election_in_Florida
FL,2012,1,1,,Bill Nelson,Connie Mack,D,55.23,42.23,-13.01,4523451,3458267,-1065184,8189946,https://en.wikipedia.org/wiki/2012_United_States_Senate_election_in_Florida
GA,2022,2,3,,Raphael Warnock,Herschel Walker,D,51.40,48.60,-2.81,1820633,1721244,-99389,3541877,https://en.wikipedia.org/wiki/2022_United_States_Senate_election_in_Georgia
GA,2020,1,2,,Jon Ossoff,David Perdue,R,50.61,49.39,-1.23,2269923,2214979,-54944,4484902,https://en.wikipedia.org/wiki/2020%E2%80%9321_United_States_Senate_election_in_Georgia
GA,2020,2,3,Special,Raphael Warnock,Kelly Loeffler,R,51.04,48.96,-2.08,2289113,2195841,-93272,4484954,https://en.wikipedia.org/wiki/2020%E2%80%9321_United_States_Senate_special_election_in_Georgia
GA,2016,2,3,,Jim Barksdale,Johnny Isakson,R,41.03,54.78,13.75,1599726,2135806,536080,3898605,https://en.wikipedia.org/wiki/2016_United_States_Senate_election_in_Georgia
GA,2014,1,2,,Michelle Nunn,David Perdue,None,45.21,52.89,7.68,1160811,1358088,197277,2567805,https://en.wikipedia.org/wiki/2014_United_States_Senate_election_in_Georgia
HI,2024,1,1,,Mazie Hirono,Bob McDermott,D,64.61,31.90,-32.71,324194,160075,-164119,501763,https://en.wikipedia.org/wiki/2024_United_States_Senate_election_in_Hawaii
HI,2022,2,3,,Brian Schatz,Bob McDermott,D,71.21,26.04,-45.17,290894,106358,-184536,419363,https://en.wikipedia.org/wiki/2022_United_States_Senate_election_in_Hawaii
HI,2018,1,1,,Mazie Hirono,Ron Curtis,D,71.15,28.85,-42.30,276316,112035,-164281,398657,https://en.wikipedia.org/wiki/2018_United_States_Senate_election_in_Hawaii
HI,2016,2,3,,Brian Schatz,John Carroll,D,73.60,22.24,-51.36,306604,92653,-213951,437664,https://en.wikipedia.org/wiki/2016_United_States_Senate_election_in_Hawaii
HI,2014,2,3,Special,Brian Schatz,Cam Cavasso,D,69.77,27.70,-42.07,246827,98006,-148821,369703,https://en.wikipedia.org/wiki/2014_United_States_Senate_special_election_in_Hawaii
HI,2012,1,1,,Mazie Hirono,Linda Lingle,None,62.60,37.40,-25.20,269489,160994,-108495,437159,https://en.wikipedia.org/wiki/2012_United_States_Senate_election_in_Hawaii
IA,2022,2,3,,Michael Franken,Chuck Grassley,R,43.84,56.01,12.18,533330,681501,148171,1230416,https://en.wikipedia.org/wiki/2022_United_States_Senate_election_in_Iowa
IA,2020,1,2,,Theresa Greenfield,Joni Ernst,R,45.15,51.74,6.59,754859,864997,110138,1700130,https://en.wikipedia.org/wiki/2020_United_States_Senate_election_in_Iowa
IA,2016,2,3,,Patty Judge,Chuck Grassley,R,35.66,60.09,24.43,549460,926007,376547,1541036,https://en.wikipedia.org/wiki/2016_United_States_Senate_election_in_Iowa
IA,2014,1,2,,Bruce Braley,Joni Ernst,None,43.76,52.10,8.34,494370,588575,94205,1129700,https://en.wikipedia.org/wiki/2014_United_States_Senate_election_in_Iowa
ID,2022,2,3,,David Roth,Mike Crapo,R,28.74,60.68,31.94,169808,358539,188731,590890,https://en.wikipedia.org/wiki/2022_United_States_Senate_election_in_Idaho
ID,2020,1,2,,Paulette Jordan,Jim Risch,R,33.25,62.62,29.38,285864,538446,252582,859827,https://en.wikipedia.org/wiki/2020_United_States_Senate_election_in_Idaho
ID,2016,2,3,,Jerry Sturgill,Mike Crapo,R,27.73,66.13,38.41,188249,449017,260768,678943,https://en.wikipedia.org/wiki/2016_United_States_Senate_election_in_Idaho
ID,2014,1,2,,Nels Mitchell,Jim Risch,R,34.67,65.33,30.66,151574,285596,134022,437170,https://en.wikipedia.org/wiki/2014_United_States_Senate_election_in_Idaho
IL,2022,2,3,,Tammy Duckworth,Kathy Salvi,D,56.82,41.50,-15.32,2329136,1701055,-628081,4098896,https://en.wikipedia.org/wiki/2022_United_States_Senate_election_in_Illinois
IL,2020,1,2,,Dick Durbin,Mark Curran,D,54.93,38.87,-16.07,3278930,2319870,-959060,5968901,https://en.wikipedia.org/wiki/2020_United_States_Senate_election_in_Illinois
IL,2016,2,3,,Tammy Duckworth,Mark Kirk,R,54.86,39.78,-15.08,3012940,2184692,-828248,5491878,https://en.wikipedia.org/wiki/2016_United_States_Senate_election_in_Illinois
IL,2014,1,2,,Dick Durbin,Jim Oberweis,D,53.55,42.69,-10.85,1929637,1538522,-391115,3603519,https://en.wikipedia.org/wiki/2014_United_States_Senate_election_in_Illinois
IN,2024,1,1,,Valerie McCray,Jim Banks,None,38.77,58.64,19.87,1097061,1659416,562355,2829897,https://en.wikipedia.org/wiki/2024_United_States_Senate_election_in_Indiana
IN,2022,2,3,,Tom McDermott,Todd Young,R,37.87,58.62,20.75,704480,1090390,385910,1860154,https://en.wikipedia.org/wiki/2022_United_States_Senate_election_in_Indiana
IN,2018,1,1,,Joe Donnelly,Mike Braun,D,44.84,50.73,5.89,1023553,1158000,134447,2282565,https://en.wikipedia.org/wiki/2018_United_States_Senate_election_in_Indiana
IN,2016,2,3,,Evan Bayh,Todd Young,None,42.41,52.11,9.70,1158947,1423991,265044,2732546,https://en.wikipedia.org/wiki/2016_United_States_Senate_election_in_Indiana
IN,2012,1,1,,Joe Donnelly,Richard Mourdock,None,50.04,44.28,-5.76,1281181,1133621,-147560,2560102,https://en.wikipedia.org/wiki/2012_United_States_Senate_election_in_Indiana
KS,2022,2,3,,Mark Holland,Jerry Moran,R,37.04,60.00,22.96,372214,602976,230762,1004956,https://en.wikipedia.org/wiki/2022_United_States_Senate_election_in_Kansas
KS,2020,1,2,,Barbara Bollier,Roger Marshall,None,41.79,53.22,11.44,571530,727962,156432,1367755,https://en.wikipedia.org/wiki/2020_United_States_Senate_election_in_Kansas
KS,2016,2,3,,Patrick Wiesner,Jerry Moran,R,32.24,62.18,29.94,379740,732376,352636,1177922,https://en.wikipedia.org/wiki/2016_United_States_Senate_election_in_Kansas
KS,2014,1,2,,Greg Orman (I),Pat Roberts,R,42.53,53.15,10.62,368372,460350,91978,866191,https://en.wikipedia.org/wiki/2014_United_States_Senate_election_in_Kansas
KY,2022,2,3,,Charles Booker,Rand Paul,R,38.19,61.80,23.62,564311,913326,349015,1477830,https://en.wikipedia.org/wiki/2022_United_States_Senate_election_in_Kentucky
KY,2020,1,2,,Amy McGrath,Mitch McConnell,R,38.23,57.76,19.53,816257,1233315,417058,2135057,https://en.wikipedia.org/wiki/2020_United_States_Senate_election_in_Kentucky
KY,2016,2,3,,Jim Gray,Rand Paul,R,42.72,57.27,14.55,813246,1090177,276931,1903465,https://en.wikipedia.org/wiki/2016_United_States_Senate_election_in_Kentucky
KY,2014,1,2,,Alison Lundergan Grimes,Mitch McConnell,R,40.72,56.19,15.47,584698,806787,222089,1435868,https://en.wikipedia.org/wiki/2014_United_States_Senate_election_in_Kentucky
LA,2022,2,3,,Gary Chambers,John Kennedy,R,17.85,61.56,43.71,246933,851568,604635,1383290,https://en.wikipedia.org/wiki/2022_United_States_Senate_election_in_Louisiana
LA,2020,1,2,,Adrian Perkins,Bill Cassidy,R,19.02,59.32,40.30,394049,1228908,834859,2071543,https://en.wikipedia.org/wiki/2020_United_States_Senate_election_in_Louisiana
LA,2016,2,3,,Foster Campbell,John Kennedy,None,39.35,60.65,21.31,347816,536191,188375,884007,https://en.wikipedia.org/wiki/2016_United_States_Senate_election_in_Louisiana
LA,2014,1,2,,Mary Landrieu,Bill Cassidy,D,44.07,55.93,11.87,561210,712379,151169,1273589,https://en.wikipedia.org/wiki/2014_United_States_Senate_election_in_Louisiana
MA,2024,1,1,,Elizabeth Warren,John Deaton,D,59.81,40.00,-19.81,2041693,1365445,-676248,3512866,https://en.wikipedia.org/wiki/2024_United_States_Senate_election_in_Massachusetts
MA,2020,2,2,,Ed Markey,Kevin O'Connor,D,66.15,33.04,-33.11,2357809,1177765,-1180044,3658005,https://en.wikipedia.org/wiki/2020_United_States_Senate_election_in_Massachusetts
MA,2018,1,1,,Elizabeth Warren,Geoff Diehl,D,60.34,36.17,-24.16,1633371,979210,-654161,2752665,https://en.wikipedia.org/wiki/2018_United_States_Senate_election_in_Massachusetts
MA,2014,2,2,,Ed Markey,Brian Herr,D,61.87,37.98,-23.88,1289944,791950,-497994,2186789,https://en.wikipedia.org/wiki/2014_United_States_Senate_election_in_Massachusetts
MA,2012,1,1,,Elizabeth Warren,Scott Brown,R,53.74,46.19,-7.55,1696346,1458048,-238298,3184196,https://en.wikipedia.org/wiki/2012_United_States_Senate_election_in_Massachusetts
MD,2024,1,1,,Angela Alsobrooks,Larry Hogan,None,54.64,42.84,-11.80,1650912,1294344,-356568,3021378,https://en.wikipedia.org/wiki/2024_United_States_Senate_election_in_Maryland
MD,2022,2,3,,Chris Van Hollen,Chris Chaffee,D,65.77,34.07,-31.69,1316897,682293,-634604,2002336,https://en.wikipedia.org/wiki/2022_United_States_Senate_election_in_Maryland
MD,2018,1,1,,Ben Cardin,Tony Campbell,D,64.86,30.31,-34.55,1491614,697017,-794597,2299889,https://en.wikipedia.org/wiki/2018_United_States_Senate_election_in_Maryland
MD,2016,2,3,,Chris Van Hollen,Kathy Szeliga,None,60.89,35.67,-25.21,1659907,972557,-687350,2726170,https://en.wikipedia.org/wiki/2016_United_States_Senate_election_in_Maryland
MD,2012,1,1,,Ben Cardin,Dan Bongino,D,55.98,26.33,-29.65,1474028,693291,-780737,2633234,https://en.wikipedia.org/wiki/2012_United_States_Senate_election_in_Maryland
ME,2024,1,1,,Angus King (I),Demi Kouzounas,D,52.06,34.64,-17.42,427331,284338,-142993,820782,https://en.wikipedia.org/wiki/2024_United_States_Senate_election_in_Maine
ME,2020,2,2,,Sara Gideon,Susan Collins,R,42.39,50.98,8.60,347223,417645,70422,828305,https://en.wikipedia.org/wiki/2020_United_States_Senate_election_in_Maine
ME,2018,1,1,,Angus King (I),Eric Brakey,D,54.31,35.23,-19.08,344575,223502,-121073,634345,https://en.wikipedia.org/wiki/2018_United_States_Senate_election_in_Maine
ME,2014,2,2,,Shenna Bellows,Susan Collins,R,31.50,68.46,36.96,190254,413505,223251,616996,https://en.wikipedia.org/wiki/2014_United_States_Senate_election_in_Maine
ME,2012,1,1,,Angus King (I),Charlie Summers,None,52.89,30.75,-22.14,370580,215399,-155181,678879,https://en.wikipedia.org/wiki/2012_United_States_Senate_election_in_Maine
MI,2024,1,1,,Elissa Slotkin,Mike Rogers,None,48.64,48.30,-0.34,2712686,2693680,-19006,5577187,https://en.wikipedia.org/wiki/2024_United_States_Senate_election_in_Michigan
MI,2020,2,2,,Gary Peters,John James,D,49.90,48.22,-1.69,2734568,2642233,-92335,5479720,https://en.wikipedia.org/wiki/2020_United_States_Senate_election_in_Michigan
MI,2018,1,1,,Debbie Stabenow,John James,D,52.26,45.76,-6.51,2214478,1938818,-275660,4237271,https://en.wikipedia.org/wiki/2018_United_States_Senate_election_in_Michigan
MI,2014,2,2,,Gary Peters,Terri Lynn Land,None,54.61,41.33,-13.29,1704936,1290199,-414737,3121771,https://en.wikipedia.org/wiki/2014_United_States_Senate_election_in_Michigan
MI,2012,1,1,,Debbie Stabenow,Pete Hoekstra,D,58.80,37.98,-20.81,2735826,1767386,-968440,4652918,https://en.wikipedia.org/wiki/2012_United_States_Senate_election_in_Michigan
MN,2024,1,1,,Amy Klobuchar,Royce White,D,56.20,40.50,-15.70,1792441,1291712,-500729,3189323,https://en.wikipedia.org/wiki/2024_United_States_Senate_election_in_Minnesota
MN,2020,2,2,,Tina Smith,Jason Lewis,D,48.74,43.50,-5.24,1566522,1398145,-168377,3214256,https://en.wikipedia.org/wiki/2020_United_States_Senate_election_in_Minnesota
MN,2018,1,1,,Amy Klobuchar,Jim Newberger,D,60.31,36.21,-24.10,1566174,940437,-625737,2596879,https://en.wikipedia.org/wiki/2018_United_States_Senate_election_in_Minnesota
MN,2018,2,2,Special,Tina Smith,Karin Housley,D,52.97,42.35,-10.62,1370540,1095777,-274763,2587356,https://en.wikipedia.org/wiki/2018_United_States_Senate_special_election_in_Minnesota
MN,2014,2,2,,Al Franken,Mike McFadden,D,53.15,42.91,-10.24,1053205,850227,-202978,1981528,https://en.wikipedia.org/wiki/2014_United_States_Senate_election_in_Minnesota
MN,2012,1,1,,Amy Klobuchar,Kurt Bills,D,65.23,30.53,-34.70,1854595,867974,-986621,2843207,https://en.wikipedia.org/wiki/2012_United_States_Senate_election_in_Minnesota
MO,2024,1,1,,Lucas Kunce,Josh Hawley,R,41.84,55.57,13.73,1243728,1651907,408179,2972559,https://en.wikipedia.org/wiki/2024_United_States_Senate_election_in_Missouri
MO,2022,2,3,,Trudy Busch Valentine,Eric Schmitt,None,42.18,55.43,13.26,872694,1146966,274272,2069130,https://en.wikipedia.org/wiki/2022_United_States_Senate_election_in_Missouri
MO,2018,1,1,,Claire McCaskill,Josh Hawley,D,45.57,51.38,5.81,1112935,1254927,141992,2442289,https://en.wikipedia.org/wiki/2018_United_States_Senate_election_in_Missouri
MO,2016,2,3,,Jason Kander,Roy Blunt,R,46.39,49.18,2.79,1300200,1378458,78258,2802641,https://en.wikipedia.org/wiki/2016_United_States_Senate_election_in_Missouri
MO,2012,1,1,,Claire McCaskill,Todd Akin,D,54.81,39.11,-15.70,1494125,1066159,-427966,2725793,https://en.wikipedia.org/wiki/2012_United_States_Senate_election_in_Missouri
MS,2024,1,1,,Ty Pinkins,Roger Wicker,R,37.19,62.81,25.62,451981,763420,311439,1215401,https://en.wikipedia.org/wiki/2024_United_States_Senate_election_in_Mississippi
MS,2020,2,2,,Mike Espy,Cindy Hyde-Smith,R,44.13,54.11,9.98,578691,709511,130820,1311354,https://en.wikipedia.org/wiki/2020_United_States_Senate_election_in_Mississippi
MS,2018,1,1,,David Baria,Roger Wicker,R,39.47,58.49,19.02,369567,547619,178052,936215,https://en.wikipedia.org/wiki/2018_United_States_Senate_election_in_Mississippi
MS,2018,2,2,Special,Mike Espy,Cindy Hyde-Smith,R,46.37,53.63,7.27,420819,486769,65950,907588,https://en.wikipedia.org/wiki/2018_United_States_Senate_special_election_in_Mississippi
MS,2014,2,2,,Travis Childers,Thad Cochran,R,37.89,59.90,22.01,239439,378481,139042,631858,https://en.wikipedia.org/wiki/2014_United_States_Senate_election_in_Mississippi
MS,2012,1,1,,Albert Gore,Roger Wicker,R,40.55,57.16,16.60,503467,709626,206159,1241568,https://en.wikipedia.org/wiki/2012_United_States_Senate_election_in_Mississippi
MT,2024,1,1,,Jon Tester,Tim Sheehy,D,45.50,52.64,7.14,276305,319682,43377,607262,https://en.wikipedia.org/wiki/2024_United_States_Senate_election_in_Montana
MT,2020,2,2,,Steve Bullock,Steve Daines,R,44.99,55.01,10.02,272463,333174,60711,605637,https://en.wikipedia.org/wiki/2020_United_States_Senate_election_in_Montana
MT,2018,1,1,,Jon Tester,Matt Rosendale,D,50.33,46.78,-3.55,253876,235963,-17913,504384,https://en.wikipedia.org/wiki/2018_United_States_Senate_election_in_Montana
MT,2014,2,2,,Amanda Curtis,Steve Daines,None,40.07,57.79,17.72,148184,213709,65525,369826,https://en.wikipedia.org/wiki/2014_United_States_Senate_election_in_Montana
MT,2012,1,1,,Jon Tester,Denny Rehberg,D,48.58,44.86,-3.72,236123,218051,-18072,486066,https://en.wikipedia.org/wiki/2012_United_States_Senate_election_in_Montana
NC,2022,2,3,,Cheri Beasley,Ted Budd,None,47.27,50.50,3.23,1784049,1905786,121737,3773924,https://en.wikipedia.org/wiki/2022_United_States_Senate_election_in_North_Carolina
NC,2020,1,2,,Cal Cunningham,Thom Tillis,R,46.94,48.69,1.75,2569965,2665598,95633,5474952,https://en.wikipedia.org/wiki/2020_United_States_Senate_election_in_North_Carolina
NC,2016,2,3,,Deborah Ross,Richard Burr,R,45.37,51.06,5.70,2128165,2395376,267211,4691133,https://en.wikipedia.org/wiki/2016_United_States_Senate_election_in_North_Carolina
NC,2014,1,2,,Kay Hagan,Thom Tillis,D,47.26,48.82,1.56,1377651,1423259,45608,2915281,https://en.wikipedia.org/wiki/2014_United_States_Senate_election_in_North_Carolina
ND,2024,1,1,,Katrina Christiansen,Kevin Cramer,R,33.38,66.31,32.93,121602,241569,119967,364327,https://en.wikipedia.org/wiki/2024_United_States_Senate_election_in_North_Dakota
ND,2022,2,3,,Katrina Christiansen,John Hoeven,R,24.98,56.41,31.43,59995,135474,75479,240140,https://en.wikipedia.org/wiki/2022_United_States_Senate_election_in_North_Dakota
ND,2018,1,1,,Heidi Heitkamp,Kevin Cramer,D,44.27,55.11,10.84,144376,179720,35344,326138,https://en.wikipedia.org/wiki/2018_United_States_Senate_election_in_North_Dakota
ND,2016,2,3,,Eliot Glassheim,John Hoeven,R,16.97,78.48,61.51,58116,268788,210672,342501,https://en.wikipedia.org/wiki/2016_United_States_Senate_election_in_North_Dakota
ND,2012,1,1,,Heidi Heitkamp,Rick Berg,None,50.24,49.32,-0.91,161337,158401,-2936,321144,https://en.wikipedia.org/wiki/2012_United_States_Senate_election_in_North_Dakota
NE,2024,1,1,,Dan Osborn (I),Deb Fischer,R,46.52,53.19,6.67,436493,499124,62631,938336,https://en.wikipedia.org/wiki/2024_United_States_Senate_election_in_Nebraska
NE,2024,2,2,Special,Preston Love Jr.,Pete Ricketts,R,37.42,62.58,25.16,349902,585103,235201,935005,https://en.wikipedia.org/wiki/2024_United_States_Senate_special_election_in_Nebraska
NE,2020,2,2,,Chris Janicek,Ben Sasse,R,24.43,62.74,38.31,227191,583507,356316,930012,https://en.wikipedia.org/wiki/2020_United_States_Senate_election_in_Nebraska
NE,2018,1,1,,Jane Raybould,Deb Fischer,R,38.62,57.69,19.06,269917,403151,133234,698883,https://en.wikipedia.org/wiki/2018_United_States_Senate_election_in_Nebraska
NE,2014,2,2,,Dave Domina,Ben Sasse,None,31.49,64.34,32.85,170127,347636,177509,540337,https://en.wikipedia.org/wiki/2014_United_States_Senate_election_in_Nebraska
NE,2012,1,1,,Bob Kerrey,Deb Fischer,None,42.23,57.77,15.55,332979,455593,122614,788572,https://en.wikipedia.org/wiki/2012_United_States_Senate_election_in_Nebraska
NH,2022,2,3,,Maggie Hassan,Don Bolduc,D,53.54,44.39,-9.15,332490,275631,-56859,620975,https://en.wikipedia.org/wiki/2022_United_States_Senate_election_in_New_Hampshire
NH,2020,1,2,,Jeanne Shaheen,Corky Messner,D,56.64,40.99,-15.65,450778,326229,-124549,795914,https://en.wikipedia.org/wiki/2020_United_States_Senate_election_in_New_Hampshire
NH,2016,2,3,,Maggie Hassan,Kelly Ayotte,R,47.98,47.84,-0.14,354649,353632,-1017,739140,https://en.wikipedia.org/wiki/2016_United_States_Senate_election_in_New_Hampshire
NH,2014,1,2,,Jeanne Shaheen,Scott Brown,D,51.46,48.21,-3.24,251184,235347,-15837,488159,https://en.wikipedia.org/wiki/2014_United_States_Senate_election_in_New_Hampshire
NJ,2024,1,1,,Andy Kim,Curtis Bashaw,None,53.61,43.99,-9.62,2161491,1773589,-387902,4031795,https://en.wikipedia.org/wiki/2024_United_States_Senate_election_in_New_Jersey
NJ,2020,2,2,,Cory Booker,Rik Mehta,D,57.23,40.92,-16.31,2541178,1817052,-724126,4440440,https://en.wikipedia.org/wiki/2020_United_States_Senate_election_in_New_Jersey
NJ,2018,1,1,,Bob Menendez,Bob Hugin,D,54.01,42.83,-11.18,1711654,1357355,-354299,3169310,https://en.wikipedia.org/wiki/2018_United_States_Senate_election_in_New_Jersey
NJ,2014,2,2,,Cory Booker,Jeff Bell,D,55.84,42.33,-13.51,1043866,791297,-252569,1869535,https://en.wikipedia.org/wiki/2014_United_States_Senate_election_in_New_Jersey
NJ,2012,1,1,,Bob Menendez,Joe Kyrillos,D,58.87,39.37,-19.49,1987680,1329534,-658146,3376649,https://en.wikipedia.org/wiki/2012_United_States_Senate_election_in_New_Jersey
NM,2024,1,1,,Martin Heinrich,Nella Domenici,D,55.06,44.94,-10.11,497333,405978,-91355,903311,https://en.wikipedia.org/wiki/2024_United_States_Senate_election_in_New_Mexico
NM,2020,2,2,,Ben Ray Luján,Mark Ronchetti,None,51.73,45.62,-6.11,474483,418483,-56000,917237,https://en.wikipedia.org/wiki/2020_United_States_Senate_election_in_New_Mexico
NM,2018,1,1,,Martin Heinrich,Mick Rich,D,54.09,30.53,-23.56,376998,212813,-164185,697012,https://en.wikipedia.org/wiki/2018_United_States_Senate_election_in_New_Mexico
NM,2014,2,2,,Tom Udall,Allen Weh,D,55.56,44.44,-11.12,286409,229097,-57312,515506,https://en.wikipedia.org/wiki/2014_United_States_Senate_election_in_New_Mexico
NM,2012,1,1,,Martin Heinrich,Heather Wilson,None,51.01,45.28,-5.73,395717,351260,-44457,775793,https://en.wikipedia.org/wiki/2012_United_States_Senate_election_in_New_Mexico
NV,2024,1,1,,Jacky Rosen,Sam Brown,D,47.87,46.22,-1.64,701105,677046,-24059,1464728,https://en.wikipedia.org/wiki/2024_United_States_Senate_election_in_Nevada
NV,2022,2,3,,Catherine Cortez Masto,Adam Laxalt,D,48.81,48.04,-0.78,498316,490388,-7928,1020850,https://en.wikipedia.org/wiki/2022_United_States_Senate_election_in_Nevada
NV,2018,1,1,,Jacky Rosen,Dean Heller,R,50.41,45.38,-5.03,490071,441202,-48869,972132,https://en.wikipedia.org/wiki/2018_United_States_Senate_election_in_Nevada
NV,2016,2,3,,Catherine Cortez Masto,Joe Heck,None,47.10,44.67,-2.43,521994,495079,-26915,1108294,https://en.wikipedia.org/wiki/2016_United_States_Senate_election_in_Nevada
NV,2012,1,1,,Shelley Berkley,Dean Heller,R,44.71,45.87,1.16,446080,457656,11576,997805,https://en.wikipedia.org/wiki/2012_United_States_Senate_election_in_Nevada
NY,2024,1,1,,Kirsten Gillibrand,Mike Sapraicone,D,58.82,40.52,-18.29,4711298,3246114,-1465184,8010317,https://en.wikipedia.org/wiki/2024_United_States_Senate_election_in_New_York
NY,2022,2,3,,Chuck Schumer,Joe Pinion,D,56.74,42.73,-14.00,3320561,2501151,-819410,5852707,https://en.wikipedia.org/wiki/2022_United_States_Senate_election_in_New_York
NY,2018,1,1,,Kirsten Gillibrand,Chele Farley,D,66.96,32.98,-33.98,4056931,1998220,-2058711,6055151,https://en.wikipedia.org/wiki/2018_United_States_Senate_election_in_New_York
NY,2016,2,3,,Chuck Schumer,Wendy Long,D,70.60,27.17,-43.43,5221967,2009380,-3212587,7231347,https://en.wikipedia.org/wiki/2016_United_States_Senate_election_in_New_York
NY,2012,1,1,,Kirsten Gillibrand,Wendy Long,D,72.19,26.33,-45.86,4822330,1758702,-3063628,6679678,https://en.wikipedia.org/wiki/2012_United_States_Senate_election_in_New_York
OH,2024,1,1,,Sherrod Brown,Bernie Moreno,D,46.47,50.09,3.62,2650949,2857383,206434,5704620,https://en.wikipedia.org/wiki/2024_United_States_Senate_election_in_Ohio
OH,2022,2,3,,Tim Ryan,JD Vance,None,46.92,53.03,6.11,1939489,2192114,252625,4133342,https://en.wikipedia.org/wiki/2022_United_States_Senate_election_in_Ohio
OH,2018,1,1,,Sherrod Brown,Jim Renacci,D,53.41,46.57,-6.85,2355923,2053963,-301960,4410898,https://en.wikipedia.org/wiki/2018_United_States_Senate_election_in_Ohio
OH,2016,2,3,,Ted Strickland,Rob Portman,R,37.16,58.03,20.87,1996913,3118568,1121655,5374170,https://en.wikipedia.org/wiki/2016_United_States_Senate_election_in_Ohio
OH,2012,1,1,,Sherrod Brown,Josh Mandel,D,50.70,44.70,-6.00,2762690,2435712,-326978,5449018,https://en.wikipedia.org/wiki/2012_United_States_Senate_election_in_Ohio
OK,2022,2,3,,Madison Horn,James Lankford,R,32.10,64.30,32.20,369370,739960,370590,1150732,https://en.wikipedia.org/wiki/2022_United_States_Senate_election_in_Oklahoma
OK,2022,1,2,Special,Kendra Horn,Markwayne Mullin,None,35.24,61.77,26.53,405389,710643,305254,1150481,https://en.wikipedia.org/wiki/2022_United_States_Senate_special_election_in_Oklahoma
OK,2020,1,2,,Abby Broyles,Jim Inhofe,R,32.75,62.91,30.16,509763,979140,469377,1556361,https://en.wikipedia.org/wiki/2020_United_States_Senate_election_in_Oklahoma
OK,2016,2,3,,Mike Workman,James Lankford,R,24.58,67.74,43.16,355911,980892,624981,1448047,https://en.wikipedia.org/wiki/2016_United_States_Senate_election_in_Oklahoma
OK,2014,1,2,,Matt Silverstein,Jim Inhofe,R,28.55,68.01,39.46,234307,558166,323859,820733,https://en.wikipedia.org/wiki/2014_United_States_Senate_election_in_Oklahoma
OK,2014,2,3,Special,Connie Johnson,James Lankford,None,28.98,67.85,38.87,237923,557002,319079,820890,https://en.wikipedia.org/wiki/2014_United_States_Senate_special_election_in_Oklahoma
OR,2022,2,3,,Ron Wyden,Jo Rae Perkins,D,55.83,40.92,-14.91,1076424,788991,-287433,1927949,https://en.wikipedia.org/wiki/2022_United_States_Senate_election_in_Oregon
OR,2020,1,2,,Jeff Merkley,Jo Rae Perkins,D,56.91,39.32,-17.59,1321047,912814,-408233,2321249,https://en.wikipedia.org/wiki/2020_United_States_Senate_election_in_Oregon
OR,2016,2,3,,Ron Wyden,Mark Callahan,D,56.60,33.35,-23.25,1105119,651106,-454013,1952478,https://en.wikipedia.org/wiki/2016_United_States_Senate_election_in_Oregon
OR,2014,1,2,,Jeff Merkley,Monica Wehby,D,55.73,36.87,-18.86,814537,538847,-275690,1461618,https://en.wikipedia.org/wiki/2014_United_States_Senate_election_in_Oregon
PA,2024,1,1,,Bob Casey Jr.,Dave McCormick,D,48.60,48.82,0.22,3384180,3399295,15115,6963137,https://en.wikipedia.org/wiki/2024_United_States_Senate_election_in_Pennsylvania
PA,2022,2,3,,John Fetterman,Mehmet Oz,None,51.25,46.33,-4.91,2751012,2487260,-263752,5368021,https://en.wikipedia.org/wiki/2022_United_States_Senate_election_in_Pennsylvania
PA,2018,1,1,,Bob Casey Jr.,Lou Barletta,D,55.74,42.62,-13.13,2792437,2134848,-657589,5009400,https://en.wikipedia.org/wiki/2018_United_States_Senate_election_in_Pennsylvania
PA,2016,2,3,,Katie McGinty,Pat Toomey,R,47.34,48.77,1.43,2865012,2951702,86690,6051856,https://en.wikipedia.org/wiki/2016_United_States_Senate_election_in_Pennsylvania
PA,2012,1,1,,Bob Casey Jr.,Tom Smith,D,53.69,44.59,-9.10,3021364,2509132,-512232,5627422,https://en.wikipedia.org/wiki/2012_United_States_Senate_election_in_Pennsylvania
RI,2024,1,1,,Sheldon Whitehouse,Patricia Morgan,D,59.90,39.85,-20.05,294665,196039,-98626,491948,https://en.wikipedia.org/wiki/2024_United_States_Senate_election_in_Rhode_Island
RI,2020,2,2,,Jack Reed,Allen Waters,D,66.48,33.35,-33.12,328574,164855,-163719,494262,https://en.wikipedia.org/wiki/2020_United_States_Senate_election_in_Rhode_Island
RI,2018,1,1,,Sheldon Whitehouse,Bob Flanders,D,61.44,38.33,-23.11,231477,144421,-87056,376738,https://en.wikipedia.org/wiki/2018_United_States_Senate_election_in_Rhode_Island
RI,2014,2,2,,Jack Reed,Mark Zaccaria,D,70.58,29.25,-41.34,223675,92684,-130991,316898,https://en.wikipedia.org/wiki/2014_United_States_Senate_election_in_Rhode_Island
RI,2012,1,1,,Sheldon Whitehouse,Barry Hinckley,D,64.81,34.97,-29.85,271034,146222,-124812,418189,https://en.wikipedia.org/wiki/2012_United_States_Senate_election_in_Rhode_Island
SC,2022,2,3,,Krystle Matthews,Tim Scott,R,37.01,62.88,25.87,627616,1066274,438658,1695702,https://en.wikipedia.org/wiki/2022_United_States_Senate_election_in_South_Carolina
SC,2020,1,2,,Jaime Harrison,Lindsey Graham,R,44.17,54.44,10.27,1110828,1369137,258309,2515104,https://en.wikipedia.org/wiki/2020_United_States_Senate_election_in_South_Carolina
SC,2016,2,3,,Thomas Dixon,Tim Scott,R,36.93,60.57,23.64,757022,1241609,484587,2049893,https://en.wikipedia.org/wiki/2016_United_States_Senate_election_in_South_Carolina
SC,2014,1,2,,Brad Hutto,Lindsey Graham,R,38.78,54.27,15.48,480933,672941,192008,1240075,https://en.wikipedia.org/wiki/2014_United_States_Senate_election_in_South_Carolina
SC,2014,2,3,Special,Joyce Dickerson,Tim Scott,R,37.09,61.12,24.03,459583,757215,297632,1238982,https://en.wikipedia.org/wiki/2014_United_States_Senate_special_election_in_South_Carolina
SD,2022,2,3,,Brian Bengs,John Thune,R,26.15,69.63,43.48,91007,242316,151309,348020,https://en.wikipedia.org/wiki/2022_United_States_Senate_election_in_South_Dakota
SD,2020,1,2,,Dan Ahlers,Mike Rounds,R,34.26,65.74,31.47,143987,276232,132245,420219,https://en.wikipedia.org/wiki/2020_United_States_Senate_election_in_South_Dakota
SD,2016,2,3,,Jay Williams,John Thune,R,28.17,71.83,43.66,104140,265516,161376,369656,https://en.wikipedia.org/wiki/2016_United_States_Senate_election_in_South_Dakota
SD,2014,1,2,,Rick Weiland,Mike Rounds,None,29.51,50.37,20.86,82456,140741,58285,279412,https://en.wikipedia.org/wiki/2014_United_States_Senate_election_in_South_Dakota
TN,2024,1,1,,Gloria Johnson,Marsha Blackburn,R,34.16,63.80,29.63,1027461,1918743,891282,3007608,https://en.wikipedia.org/wiki/2024_United_States_Senate_election_in_Tennessee
TN,2020,2,2,,Marquita Bradshaw,Bill Hagerty,None,35.16,62.20,27.04,1040691,1840926,800235,2959761,https://en.wikipedia.org/wiki/2020_United_States_Senate_election_in_Tennessee
TN,2018,1,1,,Phil Bredesen,Marsha Blackburn,None,43.92,54.71,10.79,985450,1227483,242033,2243740,https://en.wikipedia.org/wiki/2018_United_States_Senate_election_in_Tennessee
TN,2014,2,2,,Gordon Ball,Lamar Alexander,R,31.87,61.87,30.00,437848,850087,412239,1374065,https://en.wikipedia.org/wiki/2014_United_States_Senate_election_in_Tennessee
TN,2012,1,1,,Mark Clayton,Bob Corker,R,30.41,64.89,34.48,705882,1506443,800561,2321477,https://en.wikipedia.org/wiki/2012_United_States_Senate_election_in_Tennessee
TX,2024,1,1,,Colin Allred,Ted Cruz,R,44.56,53.05,8.50,5031249,5990741,959492,11291854,https://en.wikipedia.org/wiki/2024_United_States_Senate_election_in_Texas
TX,2020,2,2,,MJ Hegar,John Cornyn,R,43.87,53.51,9.64,4888764,5962983,1074219,11144040,https://en.wikipedia.org/wiki/2020_United_States_Senate_election_in_Texas
TX,2018,1,1,,Beto O'Rourke,Ted Cruz,R,48.33,50.89,2.57,4045632,4260553,214921,8371655,https://en.wikipedia.org/wiki/2018_United_States_Senate_election_in_Texas
TX,2014,2,2,,David Alameel,John Cornyn,R,34.36,61.56,27.20,1597387,2861531,1264144,4648358,https://en.wikipedia.org/wiki/2014_United_States_Senate_election_in_Texas
TX,2012,1,1,,Paul Sadler,Ted Cruz,None,40.62,56.46,15.83,3194927,4440137,1245210,7864822,https://en.wikipedia.org/wiki/2012_United_States_Senate_election_in_Texas
UT,2024,1,1,,Caroline Gleich,John Curtis,None,31.74,62.50,30.76,464515,914700,450185,1472387,https://en.wikipedia.org/wiki/2024_United_States_Senate_election_in_Utah
UT,2022,2,3,,Evan McMullin (I),Mike Lee,R,42.74,53.15,10.41,459958,571974,112016,1076068,https://en.wikipedia.org/wiki/2022_United_States_Senate_election_in_Utah
UT,2018,1,1,,Jenny Wilson,Mitt Romney,None,30.91,62.59,31.68,328541,665215,336674,1062897,https://en.wikipedia.org/wiki/2018_United_States_Senate_election_in_Utah
UT,2016,2,3,,Misty Snow,Mike Lee,R,27.06,68.15,41.09,301860,760241,458381,1115608,https://en.wikipedia.org/wiki/2016_United_States_Senate_election_in_Utah
UT,2012,1,1,,Scott Howell,Orrin Hatch,R,29.98,65.31,35.33,301873,657608,355735,1006901,https://en.wikipedia.org/wiki/2012_United_States_Senate_election_in_Utah
VA,2024,1,1,,Tim Kaine,Hung Cao,D,54.37,45.44,-8.92,2415429,2018992,-396437,4442926,https://en.wikipedia.org/wiki/2024_United_States_Senate_election_in_Virginia
VA,2020,2,2,,Mark Warner,Daniel Gade,D,55.99,43.91,-12.08,2466500,1934199,-532301,4405087,https://en.wikipedia.org/wiki/2020_United_States_Senate_election_in_Virginia
VA,2018,1,1,,Tim Kaine,Corey Stewart,D,57.00,41.01,-16.00,1910370,1374313,-536057,3351373,https://en.wikipedia.org/wiki/2018_United_States_Senate_election_in_Virginia
VA,2014,2,2,,Mark Warner,Ed Gillespie,D,49.15,48.34,-0.81,1073667,1055940,-17727,2184473,https://en.wikipedia.org/wiki/2014_United_States_Senate_election_in_Virginia
VA,2012,1,1,,Tim Kaine,George Allen,None,52.87,46.96,-5.91,2010067,1785542,-224525,3802196,https://en.wikipedia.org/wiki/2012_United_States_Senate_election_in_Virginia
VT,2024,1,1,,Bernie Sanders (I),Gerald Malloy,D,63.16,32.07,-31.09,229429,116512,-112917,363253,https://en.wikipedia.org/wiki/2024_United_States_Senate_election_in_Vermont
VT,2022,2,3,,Peter Welch,Gerald Malloy,None,68.47,28.03,-40.44,196575,80468,-116107,291955,https://en.wikipedia.org/wiki/2022_United_States_Senate_election_in_Vermont
VT,2018,1,1,,Bernie Sanders (I),Lawrence Zupan,D,67.44,27.47,-39.97,183649,74815,-108834,272330,https://en.wikipedia.org/wiki/2018_United_States_Senate_election_in_Vermont
VT,2016,2,3,,Patrick Leahy,Scott Milne,D,61.26,33.03,-28.24,192243,103637,-88606,320467,https://en.wikipedia.org/wiki/2016_United_States_Senate_election_in_Vermont
VT,2012,1,1,,Bernie Sanders (I),John MacGovern,D,71.00,24.90,-46.10,207848,72898,-134950,292746,https://en.wikipedia.org/wiki/2012_United_States_Senate_election_in_Vermont
WA,2024,1,1,,Maria Cantwell,Raul Garcia,D,59.09,40.64,-18.45,2252577,1549187,-703390,3812391,https://en.wikipedia.org/wiki/2024_United_States_Senate_election_in_Washington
WA,2022,2,3,,Patty Murray,Tiffany Smiley,D,57.15,42.63,-14.52,1741827,1299322,-442505,3047900,https://en.wikipedia.org/wiki/2022_United_States_Senate_election_in_Washington
WA,2018,1,1,,Maria Cantwell,Susan Hutchison,D,58.43,41.57,-16.87,1803364,1282804,-520560,3086168,https://en.wikipedia.org/wiki/2018_United_States_Senate_election_in_Washington
WA,2016,2,3,,Patty Murray,Chris Vance,D,59.01,40.99,-18.03,1913979,1329338,-584641,3243317,https://en.wikipedia.org/wiki/2016_United_States_Senate_election_in_Washington
WA,2012,1,1,,Maria Cantwell,Michael Baumgartner,D,60.45,39.55,-20.90,1855493,1213924,-641569,3069417,https://en.wikipedia.org/wiki/2012_United_States_Senate_election_in_Washington
WI,2024,1,1,,Tammy Baldwin,Eric Hovde,D,49.33,48.48,-0.85,1672777,1643996,-28781,3390787,https://en.wikipedia.org/wiki/2024_United_States_Senate_election_in_Wisconsin
WI,2022,2,3,,Mandela Barnes,Ron Johnson,R,49.41,50.41,1.01,1310467,1337185,26718,2652477,https://en.wikipedia.org/wiki/2022_United_States_Senate_election_in_Wisconsin
WI,2018,1,1,,Tammy Baldwin,Leah Vukmir,D,55.36,44.53,-10.83,1472914,1184885,-288029,2660763,https://en.wikipedia.org/wiki/2018_United_States_Senate_election_in_Wisconsin
WI,2016,2,3,,Russ Feingold,Ron Johnson,R,46.81,50.17,3.36,1380335,1479471,99136,2948741,https://en.wikipedia.org/wiki/2016_United_States_Senate_election_in_Wisconsin
WI,2012,1,1,,Tammy Baldwin,Tommy Thompson,None,51.41,45.86,-5.55,1547104,1380126,-166978,3009411,https://en.wikipedia.org/wiki/2012_United_States_Senate_election_in_Wisconsin
WV,2024,1,1,,Glenn Elliott,Jim Justice,None,27.76,68.75,41.00,207548,514079,306531,747717,https://en.wikipedia.org/wiki/2024_United_States_Senate_election_in_West_Virginia
WV,2020,2,2,,Paula Jean Swearengin,Shelley Moore Capito,R,27.00,70.28,43.28,210309,547454,337145,778918,https://en.wikipedia.org/wiki/2020_United_States_Senate_election_in_West_Virginia
WV,2018,1,1,,Joe Manchin,Patrick Morrisey,D,49.57,46.26,-3.31,290510,271113,-19397,586034,https://en.wikipedia.org/wiki/2018_United_States_Senate_election_in_West_Virginia
WV,2014,2,2,,Natalie Tennant,Shelley Moore Capito,None,34.46,62.12,27.65,156360,281820,125460,453689,https://en.wikipedia.org/wiki/2014_United_States_Senate_election_in_West_Virginia
WV,2012,1,1,,Joe Manchin,John Raese,D,60.57,36.47,-24.10,399898,240787,-159111,660202,https://en.wikipedia.org/wiki/2012_United_States_Senate_election_in_West_Virginia
WY,2024,1,1,,Scott Morrow,John Barrasso,R,24.12,75.11,50.99,63727,198418,134691,264162,https://en.wikipedia.org/wiki/2024_United_States_Senate_election_in_Wyoming
WY,2020,2,2,,Merav Ben-David,Cynthia Lummis,None,26.76,72.85,46.09,72766,198100,125334,271937,https://en.wikipedia.org/wiki/2020_United_States_Senate_election_in_Wyoming
WY,2018,1,1,,Gary Trauner,John Barrasso,R,30.10,66.96,36.86,61227,136210,74983,203420,https://en.wikipedia.org/wiki/2018_United_States_Senate_election_in_Wyoming
WY,2014,2,2,,Charlie Hardy,Michael Enzi,R,17.45,72.19,54.74,29377,121554,92177,168390,https://en.wikipedia.org/wiki/2014_United_States_Senate_election_in_Wyoming
WY,2012,1,1,,Tim Chesnut,John Barrasso,R,21.65,75.66,54.01,53019,185250,132231,244862,https://en.wikipedia.org/wiki/2012_United_States_Senate_election_in_Wyoming
