state_name,year,type,dem_votes,rep_votes,oth_votes,total_votes,dem_seats_won,rep_seats_won,oth_seats_won,seats_up,total_seats,contests,uncontested,vote_missing_contests
Alabama,2018,House,552461,950420,11413,1514294,28.0,77.0,0.0,105,105,105,56,0
Alabama,2018,Senate,525581,943024,32467,1501072,8.0,27.0,0.0,35,35,35,20,0
Alabama,2022,House,297798,878801,29469,1206068,28.0,77.0,0.0,105,105,105,80,0
Alabama,2022,Senate,281312,891805,42544,1215661,8.0,27.0,0.0,35,35,35,27,0
Alaska,2016,House,106352,136723,25527,268602,17.0,21.0,2.0,40,40,40,17,0
Alaska,2016,Senate,36138,80123,14610,130871,3.0,7.0,0.0,10,20,10,7,0
Alaska,2018,House,107045,138238,17607,262890,16.0,23.0,1.0,40,40,40,8,0
Alaska,2018,Senate,51891,65376,6803,124070,4.0,6.0,0.0,10,20,10,4,0
Alaska,2020,House,116228,164591,37270,318089,17.0,21.0,2.0,40,40,40,20,0
Alaska,2020,Senate,47112,104991,24232,176335,3.0,8.0,0.0,11,20,11,5,0
Alaska,2022,House,67998,136126,34765,238889,13.0,20.0,7.0,40,40,40,24,0
Alaska,2022,Senate,68181,154004,13632,235817,8.0,11.0,0.0,19,20,19,11,0
Arizona,2016,House,1485854,2032005,62102,3579961,25.0,35.0,0.0,60,60,30,7,0
Arizona,2016,Senate,995357,1183722,20309,2199388,13.0,17.0,0.0,30,30,30,14,0
Arizona,2018,House,1826038,1861956,36442,3724436,29.0,31.0,0.0,60,60,30,5,0
Arizona,2018,Senate,1125010,1093513,42609,2261132,13.0,17.0,0.0,30,30,30,7,0
Arizona,2020,House,2175352,2813130,47477,5035959,29.0,31.0,0.0,60,60,30,5,0
Arizona,2020,Senate,1385094,1593364,0,2978458,14.0,16.0,0.0,30,30,30,10,0
Arizona,2022,House,1544410,2146368,1347,3692125,29.0,31.0,0.0,60,60,30,10,0
Arizona,2022,Senate,1045126,1254632,38649,2338407,14.0,16.0,0.0,30,30,30,10,0
Arkansas,2016,House,135246,205224,19475,359945,27.0,73.0,0.0,100,100,100,75,66
Arkansas,2016,Senate,88126,52753,15054,155933,4.0,13.0,0.0,17,35,17,14,12
Arkansas,2018,House,163317,246403,10614,420334,24.0,76.0,0.0,100,100,100,60,55
Arkansas,2018,Senate,87968,162598,19008,269574,5.0,13.0,0.0,18,35,18,11,8
Arkansas,2020,House,309650,779920,16240,1105810,22.0,78.0,0.0,100,100,100,62,3
Arkansas,2020,Senate,144986,372240,0,517226,2.0,15.0,0.0,17,35,17,9,0
Arkansas,2022,House,193673,590016,37804,821493,18.0,82.0,0.0,100,100,100,65,0
Arkansas,2022,Senate,187923,591186,42763,821872,6.0,29.0,0.0,35,35,35,22,0
California,2016,House,7929866,4849783,202742,12982391,55.0,25.0,0.0,80,80,80,21,0
California,2016,Senate,4769557,2250103,48316,7067976,16.0,4.0,0.0,20,40,20,6,0
California,2018,House,7872305,3710882,208786,11791973,60.0,20.0,0.0,80,80,80,21,0
California,2018,Senate,3562527,1742012,181191,5485730,14.0,6.0,0.0,20,40,20,6,0
California,2020,House,10079308,5722015,274610,16075933,60.0,19.0,1.0,80,80,80,22,0
California,2020,Senate,5796211,2832038,142336,8770585,17.0,3.0,0.0,20,40,20,5,0
California,2022,House,6252370,3958751,151942,10363063,62.0,18.0,0.0,80,80,80,22,0
California,2022,Senate,3201860,1825644,0,5027504,15.0,5.0,0.0,20,40,20,5,0
Colorado,2016,House,1201939,1238154,71677,2511770,37.0,28.0,0.0,65,65,65,13,0
Colorado,2016,Senate,697521,580873,23881,1302275,10.0,8.0,0.0,18,35,18,3,0
Colorado,2018,House,1321710,1025765,48618,2396093,41.0,24.0,0.0,65,65,65,8,0
Colorado,2018,Senate,608037,564971,24324,1197332,9.0,8.0,0.0,17,35,17,1,0
Colorado,2020,House,1642008,1331774,34286,3008068,41.0,24.0,0.0,65,65,65,9,0
Colorado,2020,Senate,920525,630299,33016,1583840,11.0,7.0,0.0,18,35,18,2,0
Colorado,2022,House,1271525,1093148,0,2364673,46.0,19.0,0.0,65,65,65,4,0
Colorado,2022,Senate,587511,602095,2264,1191870,11.0,6.0,0.0,17,35,17,2,0
Connecticut,2016,House,694700,763802,13708,1472210,79.0,72.0,0.0,151,151,151,45,0
Connecticut,2016,Senate,782220,748899,6641,1537760,18.0,18.0,0.0,36,36,36,4,0
Connecticut,2018,House,726316,603085,2312,1331713,92.0,59.0,0.0,151,151,151,23,0
Connecticut,2018,Senate,747054,615452,2963,1365469,23.0,13.0,0.0,36,36,36,2,0
Connecticut,2020,House,938314,747431,5805,1691550,97.0,54.0,0.0,151,151,151,32,0
Connecticut,2020,Senate,956559,752112,0,1708671,24.0,12.0,0.0,36,36,36,4,0
Connecticut,2022,House,619296,557662,3067,1180025,98.0,53.0,0.0,151,151,151,41,0
Connecticut,2022,Senate,661415,542650,8371,1212436,24.0,12.0,0.0,36,36,36,5,0
Delaware,2016,House,226083,149871,3184,379138,25.0,16.0,0.0,41,41,41,23,0
Delaware,2016,Senate,106963,97082,0,204045,6.0,5.0,0.0,11,21,11,5,0
Delaware,2018,House,199716,135694,2235,337645,26.0,15.0,0.0,41,41,41,15,0
Delaware,2018,Senate,94396,68613,0,163009,6.0,4.0,0.0,10,21,10,2,0
Delaware,2020,House,247294,179698,0,426992,26.0,15.0,0.0,41,41,41,22,0
Delaware,2020,Senate,130663,105142,0,235805,8.0,3.0,0.0,11,21,11,4,0
Delaware,2022,House,141731,145808,1723,289262,26.0,15.0,0.0,41,41,41,16,0
Delaware,2022,Senate,144368,132293,1527,278188,15.0,6.0,0.0,21,21,21,11,0
Florida,2016,House,2226861,3195961,175595,5598417,41.0,79.0,0.0,120,120,120,64,42
Florida,2016,Senate,2106459,3001015,163573,5271047,15.0,25.0,0.0,40,40,40,23,15
Florida,2018,House,2494934,3317691,78665,5891290,47.0,73.0,0.0,120,120,120,43,35
Florida,2018,Senate,1731686,2044404,0,3776090,7.0,15.0,0.0,22,40,22,5,3
Florida,2020,House,3796251,5075575,18959,8890785,42.0,78.0,0.0,120,120,120,25,24
Florida,2020,Senate,2642318,2663076,79463,5384857,9.0,12.0,0.0,21,40,21,3,1
Florida,2022,House,1924913,2770420,59462,4754795,35.0,85.0,0.0,120,120,120,53,45
Florida,2022,Senate,1813976,2827455,64119,4705550,12.0,28.0,0.0,40,40,40,17,15
Georgia,2016,House,1239831,2239064,7726,3486621,62.0,118.0,0.0,180,180,180,149,0
Georgia,2016,Senate,1260395,2247579,0,3507974,18.0,38.0,0.0,56,56,56,43,0
Georgia,2018,House,1582161,1893492,4595,3480248,75.0,105.0,0.0,180,180,180,112,0
Georgia,2018,Senate,1603472,1914110,0,3517582,21.0,35.0,0.0,56,56,56,33,0
Georgia,2020,House,2202542,2354424,0,4556966,77.0,103.0,0.0,180,180,180,94,0
Georgia,2020,Senate,2018895,2419281,0,4438176,22.0,34.0,0.0,56,56,56,28,0
Georgia,2022,House,1619542,1999536,0,3619078,79.0,101.0,0.0,180,180,180,94,0
Georgia,2022,Senate,1606415,1985311,0,3591726,23.0,33.0,0.0,56,56,56,30,0
Hawaii,2016,House,150146,72649,10412,233207,45.0,6.0,0.0,51,51,51,25,21
Hawaii,2016,Senate,110506,31025,8727,150258,14.0,0.0,0.0,14,25,14,9,5
Hawaii,2018,House,85915,49776,6802,142493,46.0,5.0,0.0,51,51,51,35,32
Hawaii,2018,Senate,73125,23618,8902,105645,12.0,1.0,0.0,13,25,13,8,5
Hawaii,2020,House,240042,105475,18712,364229,47.0,4.0,0.0,51,51,51,23,17
Hawaii,2020,Senate,112858,56447,10866,180171,13.0,1.0,0.0,14,25,14,8,6
Hawaii,2022,House,208416,105732,5582,319730,45.0,6.0,0.0,51,51,51,11,9
Hawaii,2022,Senate,232112,104598,4157,340867,23.0,2.0,0.0,25,25,25,4,4
Idaho,2016,House,365543,879549,14129,1259221,11.0,59.0,0.0,70,70,70,28,0
Idaho,2016,Senate,171847,446570,9608,628025,6.0,29.0,0.0,35,35,35,15,0
Idaho,2018,House,323757,754968,11583,1090308,14.0,56.0,0.0,70,70,70,32,0
Idaho,2018,Senate,169426,377542,6962,553930,7.0,28.0,0.0,35,35,35,15,0
Idaho,2020,House,412094,1104849,39575,1556518,13.0,57.0,0.0,70,70,70,32,0
Idaho,2020,Senate,174254,578044,28533,780831,7.0,28.0,0.0,35,35,35,20,0
Idaho,2022,House,239011,810444,12670,1062125,11.0,59.0,0.0,70,70,70,38,0
Idaho,2022,Senate,103634,400702,14542,518878,7.0,28.0,0.0,35,35,35,22,0
Illinois,2016,House,2604236,2222482,7259,4833977,67.0,51.0,0.0,118,118,118,71,0
Illinois,2016,Senate,1906007,1299861,0,3205868,26.0,14.0,0.0,40,59,40,27,0
Illinois,2018,House,2503372,1693846,0,4197218,74.0,44.0,0.0,118,118,118,54,0
Illinois,2018,Senate,1613380,1162385,32549,2808314,24.0,15.0,0.0,39,59,39,21,0
Illinois,2020,House,3157943,2113389,119000,5390332,73.0,45.0,0.0,118,118,118,63,0
Illinois,2020,Senate,1261848,627734,11916,1901498,19.0,3.0,0.0,22,59,22,12,0
Illinois,2022,House,1872947,1943438,0,3816385,78.0,40.0,0.0,118,118,118,40,0
Illinois,2022,Senate,1910421,1729938,0,3640359,40.0,19.0,0.0,59,59,59,34,0
Indiana,2016,House,985358,1487258,41250,2513866,30.0,70.0,0.0,100,100,100,34,0
Indiana,2016,Senate,495750,704883,22234,1222867,6.0,19.0,0.0,25,50,25,11,0
Indiana,2018,House,944637,1153439,5680,2103756,33.0,67.0,0.0,100,100,100,33,0
Indiana,2018,Senate,369003,703472,0,1072475,4.0,21.0,0.0,25,50,25,6,0
Indiana,2020,House,1121303,1682843,11396,2815542,29.0,71.0,0.0,100,100,100,32,0
Indiana,2020,Senate,596836,778292,0,1375128,7.0,18.0,0.0,25,50,25,9,0
Indiana,2022,House,554243,1108854,14048,1677145,30.0,70.0,0.0,100,100,100,47,0
Indiana,2022,Senate,260751,631551,0,892302,3.0,22.0,0.0,25,50,25,8,0
Iowa,2016,House,641085,727023,26650,1394758,41.0,59.0,0.0,100,100,100,34,0
Iowa,2016,Senate,274448,424175,21035,719658,6.0,19.0,0.0,25,50,25,6,0
Iowa,2018,House,652355,565787,11739,1229881,46.0,54.0,0.0,100,100,100,28,0
Iowa,2018,Senate,336486,274664,11839,622989,12.0,13.0,0.0,25,50,25,8,0
Iowa,2020,House,726718,786409,9708,1522835,41.0,59.0,0.0,100,100,100,29,0
Iowa,2020,Senate,316795,442907,5097,764799,6.0,19.0,0.0,25,50,25,6,0
Iowa,2022,House,443603,629413,27059,1100075,36.0,64.0,0.0,100,100,100,48,0
Iowa,2022,Senate,340605,419989,10987,771581,12.0,22.0,0.0,34,50,34,11,0
Kansas,2016,House,418126,674098,6950,1099174,40.0,85.0,0.0,125,125,125,51,0
Kansas,2016,Senate,476683,661404,7830,1145917,9.0,31.0,0.0,40,40,40,4,0
Kansas,2018,House,385389,568678,7835,961902,40.0,85.0,0.0,125,125,125,64,0
Kansas,2020,House,479361,786389,4685,1270435,39.0,86.0,0.0,125,125,125,46,0
Kansas,2020,Senate,477582,817169,0,1294751,11.0,29.0,0.0,40,40,40,11,0
Kansas,2022,House,334211,566412,3878,904501,40.0,85.0,0.0,125,125,125,65,0
Kentucky,2016,House,695710,1045502,0,1741212,36.0,64.0,0.0,100,100,100,36,0
Kentucky,2016,Senate,328915,420578,0,749493,8.0,11.0,0.0,19,38,19,13,0
Kentucky,2018,House,699377,814787,11028,1525192,39.0,61.0,0.0,100,100,100,15,0
Kentucky,2018,Senate,325800,468530,12197,806527,2.0,17.0,0.0,19,38,19,3,0
Kentucky,2020,House,706246,1225446,19910,1951602,25.0,75.0,0.0,100,100,100,40,0
Kentucky,2020,Senate,340042,532205,26651,898898,5.0,14.0,0.0,19,38,19,11,0
Kentucky,2022,House,377805,904806,2300,1284911,20.0,80.0,0.0,100,100,100,54,0
Kentucky,2022,Senate,160236,500535,1797,662568,2.0,17.0,0.0,19,38,19,11,0
Maine,2016,House,370708,338770,15796,725274,77.0,72.0,2.0,151,151,151,24,0
Maine,2016,Senate,349518,361796,24365,735679,17.0,18.0,0.0,35,35,35,4,0
Maine,2018,House,324088,264282,26351,614721,89.0,57.0,5.0,151,151,151,27,0
Maine,2018,Senate,347752,268735,6099,622586,21.0,14.0,0.0,35,35,35,3,0
Maine,2020,House,392763,337856,29826,760445,80.0,67.0,4.0,151,151,151,42,0
Maine,2020,Senate,418361,369537,3479,791377,22.0,13.0,0.0,35,35,35,2,0
Maine,2022,House,323064,295258,25218,643540,82.0,67.0,2.0,151,151,151,38,0
Maine,2022,Senate,351606,313379,2373,667358,22.0,13.0,0.0,35,35,35,0,0
Maryland,2018,House,3099992,1500207,70704,4670903,99.0,42.0,0.0,141,141,67,17,0
Maryland,2018,Senate,1420123,742827,35291,2198241,32.0,15.0,0.0,47,47,47,15,0
Maryland,2022,House,2579509,1208567,13622,3801698,102.0,39.0,0.0,141,141,71,27,0
Maryland,2022,Senate,1120350,692101,19239,1831690,34.0,13.0,0.0,47,47,47,20,0
Massachusetts,2016,House,2053768,649117,60941,2763826,125.0,35.0,0.0,160,160,160,126,0
Massachusetts,2016,Senate,2056319,635030,40393,2731742,34.0,6.0,0.0,40,40,40,27,0
Massachusetts,2018,House,1732694,564591,46132,2343417,127.0,32.0,1.0,160,160,160,114,0
Massachusetts,2018,Senate,1783686,534715,18412,2336813,34.0,6.0,0.0,40,40,40,26,0
Massachusetts,2020,House,2239316,686101,54108,2979525,129.0,30.0,1.0,160,160,160,125,0
Massachusetts,2020,Senate,2469745,395343,23469,2888557,37.0,3.0,0.0,40,40,40,33,0
Massachusetts,2022,House,1507257,541179,41600,2090036,133.0,26.0,1.0,160,160,160,118,0
Massachusetts,2022,Senate,1539792,602112,62929,2204833,37.0,3.0,0.0,40,40,40,22,0
Michigan,2016,House,2260633,2263633,28667,4552933,47.0,63.0,0.0,110,110,110,0,0
Michigan,2018,House,2128281,1935174,0,4063455,52.0,58.0,0.0,110,110,110,0,0
Michigan,2018,Senate,2081391,1973098,0,4054489,16.0,22.0,0.0,38,38,38,0,0
Michigan,2020,House,2667279,2653603,0,5320882,52.0,58.0,0.0,110,110,110,1,0
Michigan,2022,House,2179190,2121890,0,4301080,56.0,54.0,0.0,110,110,110,1,0
Michigan,2022,Senate,2183727,2111775,10243,4305745,20.0,18.0,0.0,38,38,38,1,0
Minnesota,2016,House,1369702,1404376,7890,2781968,57.0,77.0,0.0,134,134,134,5,0
Minnesota,2016,Senate,1409775,1377128,19957,2806860,33.0,34.0,0.0,67,67,67,2,0
Minnesota,2018,House,1388938,1151135,8547,2548620,75.0,59.0,0.0,134,134,134,3,0
Minnesota,2020,House,1602023,1511548,16365,3129936,70.0,64.0,0.0,134,134,134,5,0
Minnesota,2020,Senate,1578278,1533021,50844,3162143,33.0,34.0,0.0,67,67,67,2,0
Minnesota,2022,House,1237520,1173659,8956,2420135,70.0,64.0,0.0,134,134,134,17,0
Minnesota,2022,Senate,1239682,1180254,9288,2429224,34.0,33.0,0.0,67,67,67,9,0
Mississippi,2015,House,298355,363488,5356,667199,50.0,72.0,0.0,122,122,122,84,0
Mississippi,2015,Senate,279886,371124,10716,661726,20.0,32.0,0.0,52,52,52,33,0
Mississippi,2019,House,294885,462511,19938,777334,46.0,75.0,1.0,122,122,122,98,0
Mississippi,2019,Senate,281733,487637,5717,775087,16.0,36.0,0.0,52,52,52,36,0
Missouri,2016,House,852546,1613146,64056,2529748,46.0,117.0,0.0,163,163,163,97,0
Missouri,2016,Senate,527527,686183,63563,1277273,6.0,11.0,0.0,17,34,17,8,0
Missouri,2018,House,1009522,1281248,14741,2305511,47.0,116.0,0.0,163,163,163,46,0
Missouri,2018,Senate,499592,713450,0,1213042,3.0,14.0,0.0,17,34,17,1,0
Missouri,2020,House,1016563,1732425,13998,2762986,49.0,114.0,0.0,163,163,163,83,0
Missouri,2020,Senate,598526,731386,40100,1370012,7.0,10.0,0.0,17,34,17,7,0
Missouri,2022,House,632717,1228410,12370,1873497,52.0,111.0,0.0,163,163,163,94,0
Missouri,2022,Senate,313588,682007,12728,1008323,3.0,14.0,0.0,17,34,17,6,0
Montana,2016,House,205981,258412,3414,467807,41.0,59.0,0.0,100,100,100,22,0
Montana,2016,Senate,93451,140131,623,234205,9.0,16.0,0.0,25,50,25,6,0
Montana,2018,House,207406,243145,11507,462058,42.0,58.0,0.0,100,100,100,34,0
Montana,2018,Senate,99828,128760,5758,234346,11.0,14.0,0.0,25,50,25,6,0
Montana,2020,House,212171,366429,6116,584716,33.0,67.0,0.0,100,100,100,36,0
Montana,2020,Senate,92138,180656,2706,275500,8.0,17.0,0.0,25,50,25,9,0
Montana,2022,House,151477,274897,2952,429326,32.0,68.0,0.0,100,100,100,32,0
Montana,2022,Senate,84414,147211,0,231625,9.0,18.0,0.0,27,50,27,7,0
Nevada,2016,House,461910,533887,19781,1015578,27.0,15.0,0.0,42,42,42,10,0
Nevada,2016,Senate,271523,217829,33642,522994,8.0,3.0,0.0,11,21,11,3,0
Nevada,2018,House,466416,417116,21776,905308,29.0,13.0,0.0,42,42,42,15,0
Nevada,2018,Senate,255036,241431,11415,507882,6.0,5.0,0.0,11,21,11,2,0
Nevada,2020,House,581197,648120,14069,1243386,26.0,16.0,0.0,42,42,42,14,0
Nevada,2020,Senate,321290,234367,14387,570044,6.0,4.0,0.0,10,21,10,4,0
Nevada,2022,House,397353,536798,18907,953058,28.0,14.0,0.0,42,42,42,7,0
Nevada,2022,Senate,201014,305930,0,506944,7.0,4.0,0.0,11,21,11,2,0
New Hampshire,2016,House,1029599,1154827,5213,2189639,176.0,224.0,0.0,400,400,204,32,0
New Hampshire,2016,Senate,342052,346474,0,688526,10.0,14.0,0.0,24,24,24,0,0
New Hampshire,2018,House,1015529,889214,10784,1915527,233.0,167.0,0.0,400,400,204,27,0
New Hampshire,2018,Senate,296608,253434,0,550042,14.0,10.0,0.0,24,24,24,1,0
New Hampshire,2020,House,1308278,1375161,3192,2686631,187.0,213.0,0.0,400,400,204,9,0
New Hampshire,2020,Senate,381223,384138,0,765361,10.0,14.0,0.0,24,24,24,0,0
New Hampshire,2022,Senate,299382,293299,0,592681,10.0,14.0,0.0,24,24,24,2,0
New Jersey,2015,House,1111320,958085,9414,2078819,52.0,28.0,0.0,80,80,40,1,0
New Jersey,2017,House,2266879,1613865,6263,3887007,54.0,26.0,0.0,80,80,40,0,0
New Jersey,2017,Senate,1177295,810543,0,1987838,25.0,15.0,0.0,40,40,40,3,0
New Jersey,2019,House,1644511,1312732,5263,2962506,52.0,28.0,0.0,80,80,40,0,0
New Jersey,2021,House,2521259,2351564,0,4872823,46.0,34.0,0.0,80,80,40,2,0
New Jersey,2021,Senate,1296465,1199006,0,2495471,24.0,16.0,0.0,40,40,40,2,0
New Mexico,2016,House,365713,304989,4629,675331,38.0,32.0,0.0,70,70,70,43,0
New Mexico,2016,Senate,399912,271028,0,670940,26.0,16.0,0.0,42,42,42,27,0
New Mexico,2018,House,363160,245820,17813,626793,46.0,24.0,0.0,70,70,70,38,0
New Mexico,2020,House,437291,393801,12114,843206,44.0,25.0,1.0,70,70,70,23,0
New Mexico,2020,Senate,446213,413289,0,859502,27.0,15.0,0.0,42,42,42,9,0
New Mexico,2022,House,349965,276510,11161,637636,45.0,25.0,0.0,70,70,70,36,0
New York,2016,House,4184767,2366157,60228,6611152,107.0,43.0,0.0,150,150,150,67,0
New York,2016,Senate,3759304,3002778,37437,6799519,32.0,31.0,0.0,63,63,63,23,0
New York,2018,House,3705353,1867251,42373,5614977,107.0,43.0,0.0,150,150,150,60,0
New York,2018,Senate,3399074,2270510,105642,5775226,39.0,23.0,1.0,63,63,63,23,0
New York,2020,House,4787610,2793454,74698,7655762,106.0,43.0,1.0,150,150,150,54,0
New York,2020,Senate,4751768,3007411,32170,7791349,43.0,20.0,0.0,63,63,63,22,0
New York,2022,House,2905746,2425819,26193,5357758,102.0,48.0,0.0,150,150,150,50,0
New York,2022,Senate,2920112,2487386,37156,5444654,42.0,21.0,0.0,63,63,63,24,0
North Carolina,2016,House,1929779,2150228,44366,4124373,46.0,74.0,0.0,120,120,120,60,0
North Carolina,2016,Senate,1823540,2310287,61731,4195558,15.0,35.0,0.0,50,50,50,18,0
North Carolina,2018,House,1866432,1779584,24508,3670524,55.0,65.0,0.0,120,120,120,3,0
North Carolina,2018,Senate,1856678,1816699,0,3673377,21.0,29.0,0.0,50,50,50,0,0
North Carolina,2020,House,2583773,2632672,26579,5243024,51.0,69.0,0.0,120,120,120,13,0
North Carolina,2020,Senate,2590590,2682641,32295,5305526,22.0,28.0,0.0,50,50,50,1,0
North Carolina,2022,House,1463299,1985327,8108,3456734,49.0,71.0,0.0,120,120,120,39,0
North Carolina,2022,Senate,1401741,2030600,0,3432341,20.0,30.0,0.0,50,50,50,15,0
North Dakota,2016,House,100968,181768,0,282736,5.0,43.0,0.0,48,94,24,2,0
North Dakota,2016,Senate,50867,107769,2072,160708,4.0,19.0,0.0,23,47,23,4,0
North Dakota,2018,House,92187,177390,0,269577,11.0,37.0,0.0,48,94,24,4,0
North Dakota,2018,Senate,57924,100136,1392,159452,6.0,18.0,0.0,24,47,24,4,0
North Dakota,2020,House,86707,209352,971,297030,3.0,43.0,0.0,46,94,23,3,0
North Dakota,2020,Senate,43774,122100,0,165874,1.0,22.0,0.0,23,47,23,7,0
North Dakota,2022,House,51959,196765,3722,252446,11.0,55.0,0.0,66,94,35,16,0
North Dakota,2022,Senate,27285,118180,3312,148777,4.0,28.0,0.0,32,47,32,20,0
Ohio,2016,House,1961329,2836624,47947,4845900,33.0,66.0,0.0,99,99,99,27,0
Ohio,2016,Senate,821822,1640498,0,2462320,2.0,14.0,0.0,16,33,16,3,0
Ohio,2018,House,2055572,2201669,10768,4268009,38.0,61.0,0.0,99,99,99,9,0
Ohio,2018,Senate,1143327,1028779,0,2172106,7.0,10.0,0.0,17,33,17,0,0
Ohio,2020,House,2286656,3140083,35053,5461792,35.0,64.0,0.0,99,99,99,23,0
Ohio,2020,Senate,1097400,1754433,0,2851833,1.0,15.0,0.0,16,33,16,0,0
Ohio,2022,House,1540800,2270293,46320,3857413,32.0,67.0,0.0,99,99,99,30,0
Ohio,2022,Senate,812696,1105112,0,1917808,6.0,11.0,0.0,17,33,17,5,0
Oklahoma,2016,House,391195,628950,24414,1044559,26.0,75.0,0.0,101,101,101,31,28
Oklahoma,2016,Senate,189353,382653,29042,601048,1.0,24.0,0.0,25,48,25,8,6
Oklahoma,2018,House,353969,519125,3119,876213,25.0,76.0,0.0,101,101,101,28,28
Oklahoma,2018,Senate,181616,271433,7783,460832,7.0,17.0,0.0,24,48,24,6,5
Oklahoma,2020,House,220180,309808,5043,535031,19.0,82.0,0.0,101,101,101,65,64
Oklahoma,2020,Senate,141809,292065,7819,441693,2.0,23.0,0.0,25,48,25,13,12
Oklahoma,2022,House,148904,196652,5477,351033,20.0,81.0,0.0,101,101,101,72,70
Oklahoma,2022,Senate,64821,100700,0,165521,6.0,18.0,0.0,24,48,24,17,17
Oregon,2016,House,885226,758732,102939,1746897,35.0,25.0,0.0,60,60,60,20,0
Oregon,2016,Senate,472871,411466,30677,915014,7.0,9.0,0.0,16,30,16,7,0
Oregon,2018,House,960817,669919,43930,1674666,38.0,22.0,0.0,60,60,60,20,0
Oregon,2018,Senate,564247,367063,10637,941947,11.0,6.0,0.0,17,30,17,4,0
Oregon,2020,House,1209550,958075,14288,2181913,37.0,23.0,0.0,60,60,60,7,0
Oregon,2020,Senate,628347,516030,0,1144377,7.0,9.0,0.0,16,30,16,4,0
Oregon,2022,House,965134,878922,7063,1851119,35.0,25.0,0.0,60,60,60,5,0
Oregon,2022,Senate,541552,410487,14894,966933,12.0,4.0,0.0,16,30,16,1,0
Pennsylvania,2016,House,2566263,2982901,39969,5589133,82.0,121.0,0.0,203,203,203,98,0
Pennsylvania,2016,Senate,1272575,1467674,9331,2749580,9.0,16.0,0.0,25,50,25,13,0
Pennsylvania,2018,House,2519192,2137802,21987,4678981,93.0,110.0,0.0,203,203,203,78,0
Pennsylvania,2018,Senate,1297494,1096954,14467,2408915,12.0,13.0,0.0,25,50,25,6,0
Pennsylvania,2020,House,3039589,3394425,43125,6477139,90.0,113.0,0.0,203,203,203,74,0
Pennsylvania,2020,Senate,1580888,1636550,0,3217438,10.0,15.0,0.0,25,50,25,6,0
Pennsylvania,2022,House,2259383,2639395,29859,4928637,102.0,101.0,0.0,203,203,203,83,0
Pennsylvania,2022,Senate,1267472,1363623,0,2631095,12.0,13.0,0.0,25,50,25,4,0
Rhode Island,2016,House,260025,81907,48718,390650,64.0,10.0,1.0,75,75,75,52,0
Rhode Island,2016,Senate,273721,86971,28776,389468,33.0,5.0,0.0,38,38,38,27,0
Rhode Island,2018,House,240258,75569,19555,335382,66.0,9.0,0.0,75,75,75,51,0
Rhode Island,2018,Senate,242177,93049,8898,344124,33.0,5.0,0.0,38,38,38,19,0
Rhode Island,2020,House,310285,100155,19688,430128,65.0,10.0,0.0,75,75,75,53,0
Rhode Island,2020,Senate,312457,114023,10866,437346,33.0,5.0,0.0,38,38,38,24,0
Rhode Island,2022,House,212251,99003,16502,327756,65.0,9.0,1.0,75,75,75,38,0
Rhode Island,2022,Senate,208664,115080,10452,334196,33.0,5.0,0.0,38,38,38,12,0
South Carolina,2016,House,614749,1103031,10074,1727854,44.0,80.0,0.0,124,124,124,92,0
South Carolina,2016,Senate,498131,1158390,15722,1672243,18.0,28.0,0.0,46,46,46,39,0
South Carolina,2018,House,577664,869238,21246,1468148,44.0,80.0,0.0,124,124,124,79,0
South Carolina,2020,House,779644,1403180,25989,2208813,43.0,81.0,0.0,124,124,124,73,0
South Carolina,2020,Senate,924535,1399659,7928,2332122,16.0,30.0,0.0,46,46,46,16,0
South Carolina,2022,House,436870,1027276,5375,1469521,36.0,88.0,0.0,124,124,124,74,0
South Dakota,2016,House,182349,370536,5736,558621,10.0,60.0,0.0,70,70,37,11,0
South Dakota,2016,Senate,108584,205879,7058,321521,6.0,29.0,0.0,35,35,35,15,0
South Dakota,2018,House,205813,335602,9551,550966,11.0,59.0,0.0,70,70,37,4,0
South Dakota,2018,Senate,114067,192489,8130,314686,5.0,30.0,0.0,35,35,35,5,0
South Dakota,2020,House,166482,430868,3174,600524,8.0,62.0,0.0,70,70,37,13,0
South Dakota,2020,Senate,78110,271017,22549,371676,3.0,32.0,0.0,35,35,35,18,0
South Dakota,2022,House,114138,364638,3237,482013,7.0,63.0,0.0,70,70,37,14,0
South Dakota,2022,Senate,40958,229609,10756,281323,4.0,31.0,0.0,35,35,35,23,0
Tennessee,2016,House,695269,1459065,60225,2214559,25.0,74.0,0.0,99,99,99,48,0
Tennessee,2016,Senate,172753,802362,17460,992575,1.0,15.0,0.0,16,33,16,11,0
Tennessee,2018,House,825295,1255205,16299,2096799,26.0,73.0,0.0,99,99,99,26,0
Tennessee,2018,Senate,459033,671278,8197,1138508,4.0,14.0,0.0,18,33,18,6,0
Tennessee,2020,House,800069,1740193,63028,2603290,26.0,73.0,0.0,99,99,99,61,0
Tennessee,2020,Senate,321494,939727,52928,1314149,2.0,14.0,0.0,16,33,16,7,0
Tennessee,2022,House,410589,1077324,38889,1526802,24.0,75.0,0.0,99,99,99,63,0
Tennessee,2022,Senate,207704,547146,19316,774166,4.0,13.0,0.0,17,33,17,9,0
Texas,2016,House,2746667,4711481,173294,7631442,55.0,95.0,0.0,150,150,150,98,0
Texas,2016,Senate,1355412,1985241,175842,3516495,8.0,8.0,0.0,16,31,16,12,0
Texas,2018,House,3606965,4059519,49134,7715618,67.0,83.0,0.0,150,150,150,56,0
Texas,2018,Senate,2026761,2280884,24869,4332514,5.0,10.0,0.0,15,31,15,2,0
Texas,2020,House,4520636,5706165,103703,10330504,67.0,83.0,0.0,150,150,150,56,0
Texas,2020,Senate,2247642,2696684,76170,5020496,8.0,8.0,0.0,16,31,16,3,0
Texas,2022,House,2308570,2612097,113994,5034661,64.0,86.0,0.0,150,150,150,70,58
Texas,2022,Senate,2296616,2955661,199826,5452103,12.0,19.0,0.0,31,31,31,13,10
Utah,2016,House,299044,722454,11693,1033191,12.0,63.0,0.0,75,75,75,28,0
Utah,2016,Senate,123078,404023,12866,539967,1.0,14.0,0.0,15,29,15,5,0
Utah,2018,House,339812,622992,47303,1010107,16.0,59.0,0.0,75,75,75,17,0
Utah,2018,Senate,204254,306354,20897,531505,5.0,10.0,0.0,15,29,15,3,0
Utah,2020,House,418842,918220,46529,1383591,17.0,58.0,0.0,75,75,75,23,0
Utah,2020,Senate,136448,546124,15792,698364,2.0,13.0,0.0,15,29,15,8,0
Utah,2022,House,250516,680430,43525,974471,14.0,61.0,0.0,75,75,75,37,0
Utah,2022,Senate,151178,338584,21072,510834,4.0,11.0,0.0,15,29,15,8,0
Vermont,2016,House,223009,155502,29018,407529,90.0,53.0,7.0,150,150,104,57,0
Vermont,2016,Senate,483282,162701,18284,664267,23.0,7.0,0.0,30,30,13,5,0
Vermont,2018,House,227466,106709,24022,358197,102.0,43.0,5.0,150,150,104,58,0
Vermont,2020,House,282616,167095,29207,478918,99.0,46.0,5.0,150,150,104,49,0
Vermont,2020,Senate,532151,311445,49813,893409,23.0,7.0,0.0,30,30,13,3,0
Vermont,2022,House,238536,115456,13726,367718,109.0,38.0,3.0,150,150,109,54,0
Vermont,2022,Senate,359178,166419,10040,535637,23.0,7.0,0.0,30,30,16,4,0
Virginia,2015,House,451865,798868,29592,1280325,34.0,66.0,0.0,100,100,100,71,0
Virginia,2015,Senate,596198,716331,22202,1334731,19.0,21.0,0.0,40,40,40,20,0
Virginia,2017,House,1304241,1076081,34813,2415135,49.0,51.0,0.0,100,100,100,40,0
Virginia,2019,House,1204406,1004267,32482,2241155,55.0,45.0,0.0,100,100,100,35,0
Virginia,2019,Senate,1227615,900254,112984,2240853,21.0,19.0,0.0,40,40,40,19,0
Virginia,2021,House,1535866,1666118,8435,3210419,48.0,52.0,0.0,100,100,100,9,0
Washington,2016,House,2932484,2474126,375077,5781687,50.0,48.0,0.0,98,98,98,45,0
Washington,2016,Senate,683212,711606,154383,1549201,13.0,13.0,0.0,26,49,26,15,0
Washington,2018,House,3447724,2214282,155351,5817357,57.0,41.0,0.0,98,98,98,24,0
Washington,2018,Senate,982741,516476,23245,1522462,17.0,8.0,0.0,25,49,25,7,0
Washington,2020,House,4142482,3179128,182721,7504331,57.0,41.0,0.0,98,98,98,26,0
Washington,2020,Senate,987057,975687,27578,1990322,13.0,13.0,0.0,26,49,26,6,0
Washington,2022,House,2937173,2581809,70175,5589157,58.0,40.0,0.0,98,98,98,37,0
Washington,2022,Senate,793534,548951,44013,1386498,18.0,7.0,0.0,25,49,25,10,0
West Virginia,2016,House,542921,630498,16169,1189588,37.0,63.0,0.0,100,100,67,5,0
West Virginia,2016,Senate,345607,379433,3521,728561,6.0,12.0,0.0,18,34,18,0,0
West Virginia,2018,House,499867,520509,25543,1045919,41.0,59.0,0.0,100,100,67,7,0
West Virginia,2018,Senate,252564,306182,14567,573313,8.0,9.0,0.0,17,34,17,1,0
West Virginia,2020,House,521121,757431,8781,1287333,24.0,76.0,0.0,100,100,67,12,0
West Virginia,2020,Senate,270253,461931,13727,745911,3.0,14.0,0.0,17,34,17,3,0
West Virginia,2022,House,138761,316621,5131,460513,12.0,88.0,0.0,100,100,100,25,0
West Virginia,2022,Senate,131325,307231,18871,457427,1.0,16.0,0.0,17,34,17,5,0
Wisconsin,2016,House,1175779,1337291,55090,2568160,35.0,64.0,0.0,99,99,99,49,0
Wisconsin,2016,Senate,639545,618589,0,1258134,7.0,9.0,0.0,16,33,16,8,0
Wisconsin,2018,House,1306878,1103505,35199,2445582,36.0,63.0,0.0,99,99,99,38,0
Wisconsin,2018,Senate,604218,675015,0,1279233,6.0,11.0,0.0,17,33,17,4,0
Wisconsin,2020,House,1402100,1665487,12887,3080474,38.0,61.0,0.0,99,99,99,20,0
Wisconsin,2020,Senate,738391,729128,0,1467519,6.0,10.0,0.0,16,33,16,5,0
Wisconsin,2022,House,1121467,1343509,43477,2508453,35.0,64.0,0.0,99,99,99,26,0
Wisconsin,2022,Senate,474663,772131,0,1246794,5.0,12.0,0.0,17,33,17,5,0
Wyoming,2016,House,68510,163470,3857,235837,9.0,51.0,0.0,60,60,60,15,0
Wyoming,2016,Senate,26440,85881,8570,120891,1.0,14.0,0.0,15,30,15,5,0
Wyoming,2018,House,37172,136565,7523,181260,9.0,50.0,1.0,60,60,60,38,0
Wyoming,2018,Senate,21855,65854,889,88598,2.0,13.0,0.0,15,30,15,9,0
Wyoming,2020,House,39962,191247,11129,242338,7.0,51.0,2.0,60,60,60,44,0
Wyoming,2020,Senate,14559,107618,1762,123939,0.0,15.0,0.0,15,30,15,10,0
Wyoming,2022,House,22939,138719,13502,175160,5.0,57.0,0.0,62,62,62,43,0
Wyoming,2022,Senate,15477,67444,2473,85394,2.0,14.0,0.0,16,31,16,10,0
