office,state,year,seat,first_round_total,source,notes
senate,GA,2020,1,4952175,https://en.wikipedia.org/wiki/2020_United_States_Senate_election_in_Georgia,Nov 3 2020 general (Perdue 2462617 / Ossoff 2374519); decided in the Jan 5 2021 runoff (4484902 votes)
senate,GA,2020,2,4914361,https://en.wikipedia.org/wiki/2020_United_States_Senate_special_election_in_Georgia,Nov 3 2020 jungle general (Warnock 1617035 / Loeffler 1273214 / Collins 980454); decided in the Jan 5 2021 runoff (4484954 votes)
senate,GA,2022,2,3935924,https://en.wikipedia.org/wiki/2022_United_States_Senate_election_in_Georgia,Nov 8 2022 general (Warnock 1946117 / Walker 1908442); decided in the Dec 6 2022 runoff (3541877 votes)
senate,LA,2016,2,1933635,https://en.wikipedia.org/wiki/2016_United_States_Senate_election_in_Louisiana,Nov 8 2016 jungle primary (Kennedy 482591 / Campbell 337833); decided in the Dec 10 2016 runoff (884007 votes)
senate,MS,2018,2,945467,https://en.wikipedia.org/wiki/2018_United_States_Senate_special_election_in_Mississippi,Nov 6 2018 special general (Hyde-Smith 389995 / Espy 386742 / McDaniel 154878); decided in the Nov 27 2018 runoff (907588 votes)
senate,AK,2022,2,261705,https://www.elections.alaska.gov/results/22GENR/,Ranked-choice: first-choice count incl. 2028 write-ins (Murkowski 113495 / Tshibaka 111480); the stored figure was already the first choice
governor,LA,2019,,1343481,https://en.wikipedia.org/wiki/2019_Louisiana_gubernatorial_election,Oct 12 2019 jungle primary (Edwards 625970 / Rispone 368319 / Abraham 317149); decided in the Nov 16 2019 runoff (1508744 votes)
house,LA,2016,LA-03,320454,https://en.wikipedia.org/wiki/2016_United_States_House_of_Representatives_elections_in_Louisiana,Nov 8 2016 jungle primary (Angelle 91532 / Higgins 84912); decided in the Dec 10 2016 all-Republican runoff (138433 votes)
house,LA,2016,LA-04,285985,https://en.wikipedia.org/wiki/2016_United_States_House_of_Representatives_elections_in_Louisiana,Nov 8 2016 jungle primary (Jones 80593 / Johnson 70580); decided in the Dec 10 2016 runoff (133949 votes)
house,LA,2020,LA-05,309556,https://en.wikipedia.org/wiki/2020_United_States_House_of_Representatives_elections_in_Louisiana,Nov 3 2020 jungle primary (Letlow 102533 / Harris 51240); decided in the Dec 5 2020 all-Republican runoff (79306 votes)
house,AK,2022,AK-01,263610,https://www.elections.alaska.gov/results/22GENR/,Ranked-choice: first-choice count incl. 1108 write-ins (Peltola 128553 / Palin 67866 / Begich 61513); the final round had 249734 votes
house,AK,2024,AK-01,329555,https://www.elections.alaska.gov/results/24GENR/,Ranked-choice: first-choice count incl. 750 write-ins (Begich 159550 / Peltola 152828); the final round had 321846 votes
house,ME,2018,ME-02,289624,https://www.maine.gov/sos/cec/elec/results/results18.html,Ranked-choice: round 1 (Poliquin 134184 / Golden 132013 / Bond 16552 / Hoar 6875); the final round had 281371 votes
house,ME,2022,ME-02,316382,https://www.maine.gov/sos/cec/elec/results/results22.html,Ranked-choice: round 1 incl. 393 write-ins (Golden 153074 / Poliquin 141260); the final round had 311278 votes
house,ME,2024,ME-02,391596,https://www.maine.gov/sos/cec/elec/results/results24.html,Ranked-choice with a single round (Golden 197151 / Theriault 194445 cleared the threshold); the stored figure is that round
