year,state,vep,vap,total_ballots,source_url
2016,AK,521888,554526,321271,https://election.lab.ufl.edu/data-downloads/turnoutdata/Turnout_2016G_v1.0.csv
2016,AL,3609696,3770952,2134061,https://election.lab.ufl.edu/data-downloads/turnoutdata/Turnout_2016G_v1.0.csv
2016,AR,2142344,2287921,1137772,https://election.lab.ufl.edu/data-downloads/turnoutdata/Turnout_2016G_v1.0.csv
2016,AZ,4755584,5347427,2661497,https://election.lab.ufl.edu/data-downloads/turnoutdata/Turnout_2016G_v1.0.csv
2016,CA,25058420,30130155,14610509,https://election.lab.ufl.edu/data-downloads/turnoutdata/Turnout_2016G_v1.0.csv
2016,CO,3971805,4301685,2859216,https://election.lab.ufl.edu/data-downloads/turnoutdata/Turnout_2016G_v1.0.csv
2016,CT,2589090,2827488,1675955,https://election.lab.ufl.edu/data-downloads/turnoutdata/Turnout_2016G_v1.0.csv
2016,DC,517863,565352,312575,https://election.lab.ufl.edu/data-downloads/turnoutdata/Turnout_2016G_v1.0.csv
2016,DE,690153,748217,445228,https://election.lab.ufl.edu/data-downloads/turnoutdata/Turnout_2016G_v1.0.csv
2016,FL,14577798,16533216,9580489,https://election.lab.ufl.edu/data-downloads/turnoutdata/Turnout_2016G_v1.0.csv
2016,GA,6960129,7831741,4165405,https://election.lab.ufl.edu/data-downloads/turnoutdata/Turnout_2016G_v1.0.csv
2016,HI,1013299,1120762,437664,https://election.lab.ufl.edu/data-downloads/turnoutdata/Turnout_2016G_v1.0.csv
2016,IA,2285860,2404019,1581371,https://election.lab.ufl.edu/data-downloads/turnoutdata/Turnout_2016G_v1.0.csv
2016,ID,1169396,1256143,710545,https://election.lab.ufl.edu/data-downloads/turnoutdata/Turnout_2016G_v1.0.csv
2016,IL,9005114,9887574,5666118,https://election.lab.ufl.edu/data-downloads/turnoutdata/Turnout_2016G_v1.0.csv
2016,IN,4860062,5072700,2807676,https://election.lab.ufl.edu/data-downloads/turnoutdata/Turnout_2016G_v1.0.csv
2016,KS,2058729,2196904,1225667,https://election.lab.ufl.edu/data-downloads/turnoutdata/Turnout_2016G_v1.0.csv
2016,KY,3282543,3430752,1955195,https://election.lab.ufl.edu/data-downloads/turnoutdata/Turnout_2016G_v1.0.csv
2016,LA,3378229,3563801,2049531,https://election.lab.ufl.edu/data-downloads/turnoutdata/Turnout_2016G_v1.0.csv
2016,MA,4959742,5453921,3378801,https://election.lab.ufl.edu/data-downloads/turnoutdata/Turnout_2016G_v1.0.csv
2016,MD,4182300,4663738,2807322,https://election.lab.ufl.edu/data-downloads/turnoutdata/Turnout_2016G_v1.0.csv
2016,ME,1059772,1079197,771892,https://election.lab.ufl.edu/data-downloads/turnoutdata/Turnout_2016G_v1.0.csv
2016,MI,7437567,7765389,4874619,https://election.lab.ufl.edu/data-downloads/turnoutdata/Turnout_2016G_v1.0.csv
2016,MN,3975066,4242668,2968281,https://election.lab.ufl.edu/data-downloads/turnoutdata/Turnout_2016G_v1.0.csv
2016,MO,4516733,4709176,2811549,https://election.lab.ufl.edu/data-downloads/turnoutdata/Turnout_2016G_v1.0.csv
2016,MS,2192233,2268353,1209357,https://election.lab.ufl.edu/data-downloads/turnoutdata/Turnout_2016G_v1.0.csv
2016,MT,802436,816023,516901,https://election.lab.ufl.edu/data-downloads/turnoutdata/Turnout_2016G_v1.0.csv
2016,NC,7370213,7898733,4769640,https://election.lab.ufl.edu/data-downloads/turnoutdata/Turnout_2016G_v1.0.csv
2016,ND,565295,579842,349945,https://election.lab.ufl.edu/data-downloads/turnoutdata/Turnout_2016G_v1.0.csv
2016,NE,1342336,1435123,860573,https://election.lab.ufl.edu/data-downloads/turnoutdata/Turnout_2016G_v1.0.csv
2016,NH,1048757,1082981,755850,https://election.lab.ufl.edu/data-downloads/turnoutdata/Turnout_2016G_v1.0.csv
2016,NJ,5961240,6903418,3957303,https://election.lab.ufl.edu/data-downloads/turnoutdata/Turnout_2016G_v1.0.csv
2016,NM,1473243,1600627,804043,https://election.lab.ufl.edu/data-downloads/turnoutdata/Turnout_2016G_v1.0.csv
2016,NV,1948712,2260341,1125429,https://election.lab.ufl.edu/data-downloads/turnoutdata/Turnout_2016G_v1.0.csv
2016,NY,13525950,15473628,7786881,https://election.lab.ufl.edu/data-downloads/turnoutdata/Turnout_2016G_v1.0.csv
2016,OH,8759758,9028098,5607641,https://election.lab.ufl.edu/data-downloads/turnoutdata/Turnout_2016G_v1.0.csv
2016,OK,2784673,2972077,1465505,https://election.lab.ufl.edu/data-downloads/turnoutdata/Turnout_2016G_v1.0.csv
2016,OR,3015007,3233909,2056310,https://election.lab.ufl.edu/data-downloads/turnoutdata/Turnout_2016G_v1.0.csv
2016,PA,9692322,10114662,6223150,https://election.lab.ufl.edu/data-downloads/turnoutdata/Turnout_2016G_v1.0.csv
2016,RI,785544,848850,469589,https://election.lab.ufl.edu/data-downloads/turnoutdata/Turnout_2016G_v1.0.csv
2016,SC,3705927,3881185,2123584,https://election.lab.ufl.edu/data-downloads/turnoutdata/Turnout_2016G_v1.0.csv
2016,SD,628468,651179,378995,https://election.lab.ufl.edu/data-downloads/turnoutdata/Turnout_2016G_v1.0.csv
2016,TN,4906550,5162937,2545271,https://election.lab.ufl.edu/data-downloads/turnoutdata/Turnout_2016G_v1.0.csv
2016,TX,17482785,20718271,8975000,https://election.lab.ufl.edu/data-downloads/turnoutdata/Turnout_2016G_v1.0.csv
2016,UT,1985869,2139328,1152369,https://election.lab.ufl.edu/data-downloads/turnoutdata/Turnout_2016G_v1.0.csv
2016,VA,6030589,6556247,3996302,https://election.lab.ufl.edu/data-downloads/turnoutdata/Turnout_2016G_v1.0.csv
2016,VT,494758,505888,320467,https://election.lab.ufl.edu/data-downloads/turnoutdata/Turnout_2016G_v1.0.csv
2016,WA,5123557,5693791,3363440,https://election.lab.ufl.edu/data-downloads/turnoutdata/Turnout_2016G_v1.0.csv
2016,WI,4280628,4493054,2993000,https://election.lab.ufl.edu/data-downloads/turnoutdata/Turnout_2016G_v1.0.csv
2016,WV,1424155,1454560,732362,https://election.lab.ufl.edu/data-downloads/turnoutdata/Turnout_2016G_v1.0.csv
2016,WY,429694,446228,258788,https://election.lab.ufl.edu/data-downloads/turnoutdata/Turnout_2016G_v1.0.csv
2018,AK,556701,584025,285009,https://election.lab.ufl.edu/data-downloads/turnoutdata/Turnout_2018G_v1.0.csv
2018,AL,3696671,3850473,1721906,https://election.lab.ufl.edu/data-downloads/turnoutdata/Turnout_2018G_v1.0.csv
2018,AR,2198603,2347187,898793,https://election.lab.ufl.edu/data-downloads/turnoutdata/Turnout_2018G_v1.0.csv
2018,AZ,5148891,5686311,2409910,https://election.lab.ufl.edu/data-downloads/turnoutdata/Turnout_2018G_v1.0.csv
2018,CA,26851129,31553154,12712542,https://election.lab.ufl.edu/data-downloads/turnoutdata/Turnout_2018G_v1.0.csv
2018,CO,4267400,4563101,2583580,https://election.lab.ufl.edu/data-downloads/turnoutdata/Turnout_2018G_v1.0.csv
2018,CT,2652164,2889222,1421953,https://election.lab.ufl.edu/data-downloads/turnoutdata/Turnout_2018G_v1.0.csv
2018,DC,545775,590985,231482,https://election.lab.ufl.edu/data-downloads/turnoutdata/Turnout_2018G_v1.0.csv
2018,DE,725029,779323,365467,https://election.lab.ufl.edu/data-downloads/turnoutdata/Turnout_2018G_v1.0.csv
2018,FL,15544011,17384146,8318824,https://election.lab.ufl.edu/data-downloads/turnoutdata/Turnout_2018G_v1.0.csv
2018,GA,7377964,8172349,3949905,https://election.lab.ufl.edu/data-downloads/turnoutdata/Turnout_2018G_v1.0.csv
2018,HI,1289901,1410729,398657,https://election.lab.ufl.edu/data-downloads/turnoutdata/Turnout_2018G_v1.0.csv
2018,IA,2343645,2452647,1334279,https://election.lab.ufl.edu/data-downloads/turnoutdata/Turnout_2018G_v1.0.csv
2018,ID,1256448,1343434,612536,https://election.lab.ufl.edu/data-downloads/turnoutdata/Turnout_2018G_v1.0.csv
2018,IL,9179441,10012931,4635541,https://election.lab.ufl.edu/data-downloads/turnoutdata/Turnout_2018G_v1.0.csv
2018,IN,4996552,5213162,2308258,https://election.lab.ufl.edu/data-downloads/turnoutdata/Turnout_2018G_v1.0.csv
2018,KS,2126813,2256910,1060000,https://election.lab.ufl.edu/data-downloads/turnoutdata/Turnout_2018G_v1.0.csv
2018,KY,3349298,3503878,1612353,https://election.lab.ufl.edu/data-downloads/turnoutdata/Turnout_2018G_v1.0.csv
2018,LA,3421568,3607016,1519405,https://election.lab.ufl.edu/data-downloads/turnoutdata/Turnout_2018G_v1.0.csv
2018,MA,5124489,5634893,2752665,https://election.lab.ufl.edu/data-downloads/turnoutdata/Turnout_2018G_v1.0.csv
2018,MD,4399498,4805481,2335128,https://election.lab.ufl.edu/data-downloads/turnoutdata/Turnout_2018G_v1.0.csv
2018,ME,1084471,1105700,646013,https://election.lab.ufl.edu/data-downloads/turnoutdata/Turnout_2018G_v1.0.csv
2018,MI,7675982,7974982,4341340,https://election.lab.ufl.edu/data-downloads/turnoutdata/Turnout_2018G_v1.0.csv
2018,MN,4140214,4390868,2611365,https://election.lab.ufl.edu/data-downloads/turnoutdata/Turnout_2018G_v1.0.csv
2018,MO,4648703,4833311,2442306,https://election.lab.ufl.edu/data-downloads/turnoutdata/Turnout_2018G_v1.0.csv
2018,MS,2219884,2296720,961025,https://election.lab.ufl.edu/data-downloads/turnoutdata/Turnout_2018G_v1.0.csv
2018,MT,837903,853175,509213,https://election.lab.ufl.edu/data-downloads/turnoutdata/Turnout_2018G_v1.0.csv
2018,NC,7714163,8250784,3755778,https://election.lab.ufl.edu/data-downloads/turnoutdata/Turnout_2018G_v1.0.csv
2018,ND,572340,589705,330598,https://election.lab.ufl.edu/data-downloads/turnoutdata/Turnout_2018G_v1.0.csv
2018,NE,1390388,1475018,706652,https://election.lab.ufl.edu/data-downloads/turnoutdata/Turnout_2018G_v1.0.csv
2018,NH,1081571,1113147,580568,https://election.lab.ufl.edu/data-downloads/turnoutdata/Turnout_2018G_v1.0.csv
2018,NJ,6161270,7061504,3248642,https://election.lab.ufl.edu/data-downloads/turnoutdata/Turnout_2018G_v1.0.csv
2018,NM,1534009,1649040,701654,https://election.lab.ufl.edu/data-downloads/turnoutdata/Turnout_2018G_v1.0.csv
2018,NV,2162036,2440895,975980,https://election.lab.ufl.edu/data-downloads/turnoutdata/Turnout_2018G_v1.0.csv
2018,NY,14065548,15781905,6230959,https://election.lab.ufl.edu/data-downloads/turnoutdata/Turnout_2018G_v1.0.csv
2018,OH,8957602,9242288,4496834,https://election.lab.ufl.edu/data-downloads/turnoutdata/Turnout_2018G_v1.0.csv
2018,OK,2957188,3139581,1190000,https://election.lab.ufl.edu/data-downloads/turnoutdata/Turnout_2018G_v1.0.csv
2018,OR,3231440,3435202,1914923,https://election.lab.ufl.edu/data-downloads/turnoutdata/Turnout_2018G_v1.0.csv
2018,PA,9892681,10308998,5043029,https://election.lab.ufl.edu/data-downloads/turnoutdata/Turnout_2018G_v1.0.csv
2018,RI,810424,872055,381267,https://election.lab.ufl.edu/data-downloads/turnoutdata/Turnout_2018G_v1.0.csv
2018,SC,3875625,4050712,1726527,https://election.lab.ufl.edu/data-downloads/turnoutdata/Turnout_2018G_v1.0.csv
2018,SD,652752,674801,341048,https://election.lab.ufl.edu/data-downloads/turnoutdata/Turnout_2018G_v1.0.csv
2018,TN,5097443,5355697,2267428,https://election.lab.ufl.edu/data-downloads/turnoutdata/Turnout_2018G_v1.0.csv
2018,TX,18583176,21707688,8375000,https://election.lab.ufl.edu/data-downloads/turnoutdata/Turnout_2018G_v1.0.csv
2018,UT,2145200,2286384,1082972,https://election.lab.ufl.edu/data-downloads/turnoutdata/Turnout_2018G_v1.0.csv
2018,VA,6320649,6803102,3363505,https://election.lab.ufl.edu/data-downloads/turnoutdata/Turnout_2018G_v1.0.csv
2018,VT,507071,517261,278230,https://election.lab.ufl.edu/data-downloads/turnoutdata/Turnout_2018G_v1.0.csv
2018,WA,5507718,6121085,3133448,https://election.lab.ufl.edu/data-downloads/turnoutdata/Turnout_2018G_v1.0.csv
2018,WI,4391359,4600750,2675000,https://election.lab.ufl.edu/data-downloads/turnoutdata/Turnout_2018G_v1.0.csv
2018,WV,1427249,1455147,597149,https://election.lab.ufl.edu/data-downloads/turnoutdata/Turnout_2018G_v1.0.csv
2018,WY,433354,451168,205275,https://election.lab.ufl.edu/data-downloads/turnoutdata/Turnout_2018G_v1.0.csv
2020,AK,529649,553831,361400,https://election.lab.ufl.edu/data-downloads/turnoutdata/Turnout_2020G_v1.2.csv
2020,AL,3782861,3908920,2325000,https://election.lab.ufl.edu/data-downloads/turnoutdata/Turnout_2020G_v1.2.csv
2020,AR,2178328,2313020,1223675,https://election.lab.ufl.edu/data-downloads/turnoutdata/Turnout_2020G_v1.2.csv
2020,AZ,5133804,5616003,3420585,https://election.lab.ufl.edu/data-downloads/turnoutdata/Turnout_2020G_v1.2.csv
2020,CA,25840035,30537209,17785151,https://election.lab.ufl.edu/data-downloads/turnoutdata/Turnout_2020G_v1.2.csv
2020,CO,4297225,4539740,3295666,https://election.lab.ufl.edu/data-downloads/turnoutdata/Turnout_2020G_v1.2.csv
2020,CT,2655214,2848895,1861086,https://election.lab.ufl.edu/data-downloads/turnoutdata/Turnout_2020G_v1.2.csv
2020,DC,503118,544233,346491,https://election.lab.ufl.edu/data-downloads/turnoutdata/Turnout_2020G_v1.2.csv
2020,DE,745131,786190,509241,https://election.lab.ufl.edu/data-downloads/turnoutdata/Turnout_2020G_v1.2.csv
2020,FL,15742624,17393623,11144855,https://election.lab.ufl.edu/data-downloads/turnoutdata/Turnout_2020G_v1.2.csv
2020,GA,7490838,8207471,5023159,https://election.lab.ufl.edu/data-downloads/turnoutdata/Turnout_2020G_v1.2.csv
2020,HI,1047466,1145056,579784,https://election.lab.ufl.edu/data-downloads/turnoutdata/Turnout_2020G_v1.2.csv
2020,IA,2360125,2452858,1700130,https://election.lab.ufl.edu/data-downloads/turnoutdata/Turnout_2020G_v1.2.csv
2020,ID,1352914,1406979,878527,https://election.lab.ufl.edu/data-downloads/turnoutdata/Turnout_2020G_v1.2.csv
2020,IL,9095238,9906975,6050000,https://election.lab.ufl.edu/data-downloads/turnoutdata/Turnout_2020G_v1.2.csv
2020,IN,5025421,5196121,3068542,https://election.lab.ufl.edu/data-downloads/turnoutdata/Turnout_2020G_v1.2.csv
2020,KS,2112458,2228116,1375125,https://election.lab.ufl.edu/data-downloads/turnoutdata/Turnout_2020G_v1.2.csv
2020,KY,3339511,3483046,2150954,https://election.lab.ufl.edu/data-downloads/turnoutdata/Turnout_2020G_v1.2.csv
2020,LA,3382286,3543521,2169401,https://election.lab.ufl.edu/data-downloads/turnoutdata/Turnout_2020G_v1.2.csv
2020,MA,5129755,5614722,3658005,https://election.lab.ufl.edu/data-downloads/turnoutdata/Turnout_2020G_v1.2.csv
2020,MD,4416326,4790240,3066945,https://election.lab.ufl.edu/data-downloads/turnoutdata/Turnout_2020G_v1.2.csv
2020,ME,1106276,1115787,828305,https://election.lab.ufl.edu/data-downloads/turnoutdata/Turnout_2020G_v1.2.csv
2020,MI,7615249,7887066,5579317,https://election.lab.ufl.edu/data-downloads/turnoutdata/Turnout_2020G_v1.2.csv
2020,MN,4157411,4385927,3292997,https://election.lab.ufl.edu/data-downloads/turnoutdata/Turnout_2020G_v1.2.csv
2020,MO,4620290,4768204,3026028,https://election.lab.ufl.edu/data-downloads/turnoutdata/Turnout_2020G_v1.2.csv
2020,MS,2185433,2258495,1325000,https://election.lab.ufl.edu/data-downloads/turnoutdata/Turnout_2020G_v1.2.csv
2020,MT,857955,859111,612075,https://election.lab.ufl.edu/data-downloads/turnoutdata/Turnout_2020G_v1.2.csv
2020,NC,7811002,8172894,5545848,https://election.lab.ufl.edu/data-downloads/turnoutdata/Turnout_2020G_v1.2.csv
2020,ND,577567,593081,364251,https://election.lab.ufl.edu/data-downloads/turnoutdata/Turnout_2020G_v1.2.csv
2020,NE,1400069,1476512,966920,https://election.lab.ufl.edu/data-downloads/turnoutdata/Turnout_2020G_v1.2.csv
2020,NH,1101294,1122977,814499,https://election.lab.ufl.edu/data-downloads/turnoutdata/Turnout_2020G_v1.2.csv
2020,NJ,6435019,7227229,4635585,https://election.lab.ufl.edu/data-downloads/turnoutdata/Turnout_2020G_v1.2.csv
2020,NM,1534600,1644217,928230,https://election.lab.ufl.edu/data-downloads/turnoutdata/Turnout_2020G_v1.2.csv
2020,NV,2191188,2429643,1407754,https://election.lab.ufl.edu/data-downloads/turnoutdata/Turnout_2020G_v1.2.csv
2020,NY,14081957,15841819,8690139,https://election.lab.ufl.edu/data-downloads/turnoutdata/Turnout_2020G_v1.2.csv
2020,OH,8906277,9161649,5974121,https://election.lab.ufl.edu/data-downloads/turnoutdata/Turnout_2020G_v1.2.csv
2020,OK,2875494,3010935,1565000,https://election.lab.ufl.edu/data-downloads/turnoutdata/Turnout_2020G_v1.2.csv
2020,OR,3204224,3379968,2413890,https://election.lab.ufl.edu/data-downloads/turnoutdata/Turnout_2020G_v1.2.csv
2020,PA,9950392,10307289,6958551,https://election.lab.ufl.edu/data-downloads/turnoutdata/Turnout_2020G_v1.2.csv
2020,RI,828194,886022,522488,https://election.lab.ufl.edu/data-downloads/turnoutdata/Turnout_2020G_v1.2.csv
2020,SC,3914642,4032603,2533010,https://election.lab.ufl.edu/data-downloads/turnoutdata/Turnout_2020G_v1.2.csv
2020,SD,651554,671337,427529,https://election.lab.ufl.edu/data-downloads/turnoutdata/Turnout_2020G_v1.2.csv
2020,TN,5174225,5383561,3065000,https://election.lab.ufl.edu/data-downloads/turnoutdata/Turnout_2020G_v1.2.csv
2020,TX,18982171,21883056,11350000,https://election.lab.ufl.edu/data-downloads/turnoutdata/Turnout_2020G_v1.2.csv
2020,UT,2255175,2353125,1515845,https://election.lab.ufl.edu/data-downloads/turnoutdata/Turnout_2020G_v1.2.csv
2020,VA,6300717,6740265,4523142,https://election.lab.ufl.edu/data-downloads/turnoutdata/Turnout_2020G_v1.2.csv
2020,VT,520641,526082,370968,https://election.lab.ufl.edu/data-downloads/turnoutdata/Turnout_2020G_v1.2.csv
2020,WA,5465496,6038051,4116894,https://election.lab.ufl.edu/data-downloads/turnoutdata/Turnout_2020G_v1.2.csv
2020,WI,4410780,4605554,3310000,https://election.lab.ufl.edu/data-downloads/turnoutdata/Turnout_2020G_v1.2.csv
2020,WV,1403699,1428517,802726,https://election.lab.ufl.edu/data-downloads/turnoutdata/Turnout_2020G_v1.2.csv
2020,WY,430161,444921,278503,https://election.lab.ufl.edu/data-downloads/turnoutdata/Turnout_2020G_v1.2.csv
2022,AK,529263,556592,267047,https://election.lab.ufl.edu/data-downloads/turnoutdata/Turnout_2022G_v1.2.csv
2022,AL,3794939,3956111,1424087,https://election.lab.ufl.edu/data-downloads/turnoutdata/Turnout_2022G_v1.2.csv
2022,AR,2189865,2347291,914227,https://election.lab.ufl.edu/data-downloads/turnoutdata/Turnout_2022G_v1.2.csv
2022,AZ,5259832,5796801,2592313,https://election.lab.ufl.edu/data-downloads/turnoutdata/Turnout_2022G_v1.2.csv
2022,CA,25936947,30478289,11146610,https://election.lab.ufl.edu/data-downloads/turnoutdata/Turnout_2022G_v1.2.csv
2022,CO,4354215,4630343,2540666,https://election.lab.ufl.edu/data-downloads/turnoutdata/Turnout_2022G_v1.2.csv
2022,CT,2648135,2884795,1297811,https://election.lab.ufl.edu/data-downloads/turnoutdata/Turnout_2022G_v1.2.csv
2022,DC,502519,547645,205774,https://election.lab.ufl.edu/data-downloads/turnoutdata/Turnout_2022G_v1.2.csv
2022,DE,759489,812117,325632,https://election.lab.ufl.edu/data-downloads/turnoutdata/Turnout_2022G_v1.2.csv
2022,FL,15992455,18012539,7796916,https://election.lab.ufl.edu/data-downloads/turnoutdata/Turnout_2022G_v1.2.csv
2022,GA,7590660,8412085,3964926,https://election.lab.ufl.edu/data-downloads/turnoutdata/Turnout_2022G_v1.2.csv
2022,HI,1042235,1142024,423443,https://election.lab.ufl.edu/data-downloads/turnoutdata/Turnout_2022G_v1.2.csv
2022,IA,2345722,2469712,1230417,https://election.lab.ufl.edu/data-downloads/turnoutdata/Turnout_2022G_v1.2.csv
2022,ID,1391199,1479695,595350,https://election.lab.ufl.edu/data-downloads/turnoutdata/Turnout_2022G_v1.2.csv
2022,IL,9019092,9835042,4144125,https://election.lab.ufl.edu/data-downloads/turnoutdata/Turnout_2022G_v1.2.csv
2022,IN,5018237,5251799,1880755,https://election.lab.ufl.edu/data-downloads/turnoutdata/Turnout_2022G_v1.2.csv
2022,KS,2107086,2240338,1008998,https://election.lab.ufl.edu/data-downloads/turnoutdata/Turnout_2022G_v1.2.csv
2022,KY,3344079,3497991,1502550,https://election.lab.ufl.edu/data-downloads/turnoutdata/Turnout_2022G_v1.2.csv
2022,LA,3351228,3509403,1410466,https://election.lab.ufl.edu/data-downloads/turnoutdata/Turnout_2022G_v1.2.csv
2022,MA,5129325,5641587,2511461,https://election.lab.ufl.edu/data-downloads/turnoutdata/Turnout_2022G_v1.2.csv
2022,MD,4383608,4804542,2031635,https://election.lab.ufl.edu/data-downloads/turnoutdata/Turnout_2022G_v1.2.csv
2022,ME,1120883,1141080,680909,https://election.lab.ufl.edu/data-downloads/turnoutdata/Turnout_2022G_v1.2.csv
2022,MI,7610641,7908417,4500400,https://election.lab.ufl.edu/data-downloads/turnoutdata/Turnout_2022G_v1.2.csv
2022,MN,4166526,4415525,2526646,https://election.lab.ufl.edu/data-downloads/turnoutdata/Turnout_2022G_v1.2.csv
2022,MO,4628893,4804425,2304250,https://election.lab.ufl.edu/data-downloads/turnoutdata/Turnout_2022G_v1.2.csv
2022,MS,2169095,2255523,709100,https://election.lab.ufl.edu/data-downloads/turnoutdata/Turnout_2022G_v1.2.csv
2022,MT,873758,889939,468326,https://election.lab.ufl.edu/data-downloads/turnoutdata/Turnout_2022G_v1.2.csv
2022,NC,7922995,8411001,3790202,https://election.lab.ufl.edu/data-downloads/turnoutdata/Turnout_2022G_v1.2.csv
2022,ND,575882,596109,242566,https://election.lab.ufl.edu/data-downloads/turnoutdata/Turnout_2022G_v1.2.csv
2022,NE,1406264,1489618,682716,https://election.lab.ufl.edu/data-downloads/turnoutdata/Turnout_2022G_v1.2.csv
2022,NH,1114584,1145802,626931,https://election.lab.ufl.edu/data-downloads/turnoutdata/Turnout_2022G_v1.2.csv
2022,NJ,6426071,7255588,2645539,https://election.lab.ufl.edu/data-downloads/turnoutdata/Turnout_2022G_v1.2.csv
2022,NM,1539903,1656613,714754,https://election.lab.ufl.edu/data-downloads/turnoutdata/Turnout_2022G_v1.2.csv
2022,NV,2220187,2491820,1023617,https://election.lab.ufl.edu/data-downloads/turnoutdata/Turnout_2022G_v1.2.csv
2022,NY,14001265,15633935,5962278,https://election.lab.ufl.edu/data-downloads/turnoutdata/Turnout_2022G_v1.2.csv
2022,OH,8901077,9180896,4201368,https://election.lab.ufl.edu/data-downloads/turnoutdata/Turnout_2022G_v1.2.csv
2022,OK,2891104,3064908,1153284,https://election.lab.ufl.edu/data-downloads/turnoutdata/Turnout_2022G_v1.2.csv
2022,OR,3178593,3396232,1997689,https://election.lab.ufl.edu/data-downloads/turnoutdata/Turnout_2022G_v1.2.csv
2022,PA,9907048,10323843,5410022,https://election.lab.ufl.edu/data-downloads/turnoutdata/Turnout_2022G_v1.2.csv
2022,RI,819753,889425,361449,https://election.lab.ufl.edu/data-downloads/turnoutdata/Turnout_2022G_v1.2.csv
2022,SC,4011126,4175307,1718626,https://election.lab.ufl.edu/data-downloads/turnoutdata/Turnout_2022G_v1.2.csv
2022,SD,668380,691460,354670,https://election.lab.ufl.edu/data-downloads/turnoutdata/Turnout_2022G_v1.2.csv
2022,TN,5245909,5508108,1756397,https://election.lab.ufl.edu/data-downloads/turnoutdata/Turnout_2022G_v1.2.csv
2022,TX,19523011,22656456,8151590,https://election.lab.ufl.edu/data-downloads/turnoutdata/Turnout_2022G_v1.2.csv
2022,UT,2290732,2454289,1084634,https://election.lab.ufl.edu/data-downloads/turnoutdata/Turnout_2022G_v1.2.csv
2022,VA,6331826,6805250,3021956,https://election.lab.ufl.edu/data-downloads/turnoutdata/Turnout_2022G_v1.2.csv
2022,VT,523045,531550,291955,https://election.lab.ufl.edu/data-downloads/turnoutdata/Turnout_2022G_v1.2.csv
2022,WA,5568721,6133923,3067686,https://election.lab.ufl.edu/data-downloads/turnoutdata/Turnout_2022G_v1.2.csv
2022,WI,4431848,4640711,2673154,https://election.lab.ufl.edu/data-downloads/turnoutdata/Turnout_2022G_v1.2.csv
2022,WV,1393321,1418697,494753,https://election.lab.ufl.edu/data-downloads/turnoutdata/Turnout_2022G_v1.2.csv
2022,WY,436858,451876,198198,https://election.lab.ufl.edu/data-downloads/turnoutdata/Turnout_2022G_v1.2.csv
2024,AK,536581,560512,340981,https://election.lab.ufl.edu/data-downloads/turnoutdata/Turnout_2024G_v0.4.csv
2024,AL,3867406,4020661,2270000,https://election.lab.ufl.edu/data-downloads/turnoutdata/Turnout_2024G_v0.4.csv
2024,AR,2201764,2391789,1190172,https://election.lab.ufl.edu/data-downloads/turnoutdata/Turnout_2024G_v0.4.csv
2024,AZ,5366526,5951329,3428011,https://election.lab.ufl.edu/data-downloads/turnoutdata/Turnout_2024G_v0.4.csv
2024,CA,25922868,30601993,16140044,https://election.lab.ufl.edu/data-downloads/turnoutdata/Turnout_2024G_v0.4.csv
2024,CO,4415631,4728091,3241120,https://election.lab.ufl.edu/data-downloads/turnoutdata/Turnout_2024G_v0.4.csv
2024,CT,2670153,2912979,1788981,https://election.lab.ufl.edu/data-downloads/turnoutdata/Turnout_2024G_v0.4.csv
2024,DC,506415,561851,328871,https://election.lab.ufl.edu/data-downloads/turnoutdata/Turnout_2024G_v0.4.csv
2024,DE,776224,835621,518330,https://election.lab.ufl.edu/data-downloads/turnoutdata/Turnout_2024G_v0.4.csv
2024,FL,16327632,18664571,11004209,https://election.lab.ufl.edu/data-downloads/turnoutdata/Turnout_2024G_v0.4.csv
2024,GA,7793977,8647469,5297264,https://election.lab.ufl.edu/data-downloads/turnoutdata/Turnout_2024G_v0.4.csv
2024,HI,1038968,1140526,522236,https://election.lab.ufl.edu/data-downloads/turnoutdata/Turnout_2024G_v0.4.csv
2024,IA,2359332,2491222,1674011,https://election.lab.ufl.edu/data-downloads/turnoutdata/Turnout_2024G_v0.4.csv
2024,ID,1429619,1532761,917469,https://election.lab.ufl.edu/data-downloads/turnoutdata/Turnout_2024G_v0.4.csv
2024,IL,8982526,9862416,5705246,https://election.lab.ufl.edu/data-downloads/turnoutdata/Turnout_2024G_v0.4.csv
2024,IN,5041013,5321237,2976581,https://election.lab.ufl.edu/data-downloads/turnoutdata/Turnout_2024G_v0.4.csv
2024,KS,2122704,2257952,1344147,https://election.lab.ufl.edu/data-downloads/turnoutdata/Turnout_2024G_v0.4.csv
2024,KY,3327188,3531795,2092872,https://election.lab.ufl.edu/data-downloads/turnoutdata/Turnout_2024G_v0.4.csv
2024,LA,3305398,3500993,2021164,https://election.lab.ufl.edu/data-downloads/turnoutdata/Turnout_2024G_v0.4.csv
2024,MA,5132767,5695621,3512930,https://election.lab.ufl.edu/data-downloads/turnoutdata/Turnout_2024G_v0.4.csv
2024,MD,4411216,4845926,3062527,https://election.lab.ufl.edu/data-downloads/turnoutdata/Turnout_2024G_v0.4.csv
2024,ME,1130059,1157850,842447,https://election.lab.ufl.edu/data-downloads/turnoutdata/Turnout_2024G_v0.4.csv
2024,MI,7624237,7959215,5706503,https://election.lab.ufl.edu/data-downloads/turnoutdata/Turnout_2024G_v0.4.csv
2024,MN,4277436,4479893,3272414,https://election.lab.ufl.edu/data-downloads/turnoutdata/Turnout_2024G_v0.4.csv
2024,MO,4642204,4856207,3000000,https://election.lab.ufl.edu/data-downloads/turnoutdata/Turnout_2024G_v0.4.csv
2024,MS,2164463,2268545,1250000,https://election.lab.ufl.edu/data-downloads/turnoutdata/Turnout_2024G_v0.4.csv
2024,MT,896053,911605,612423,https://election.lab.ufl.edu/data-downloads/turnoutdata/Turnout_2024G_v0.4.csv
2024,NC,8102246,8674601,5723987,https://election.lab.ufl.edu/data-downloads/turnoutdata/Turnout_2024G_v0.4.csv
2024,ND,582216,605359,371975,https://election.lab.ufl.edu/data-downloads/turnoutdata/Turnout_2024G_v0.4.csv
2024,NE,1406843,1512908,965236,https://election.lab.ufl.edu/data-downloads/turnoutdata/Turnout_2024G_v0.4.csv
2024,NH,1127497,1158408,831467,https://election.lab.ufl.edu/data-downloads/turnoutdata/Turnout_2024G_v0.4.csv
2024,NJ,6401643,7330478,4321921,https://election.lab.ufl.edu/data-downloads/turnoutdata/Turnout_2024G_v0.4.csv
2024,NM,1554606,1675845,928290,https://election.lab.ufl.edu/data-downloads/turnoutdata/Turnout_2024G_v0.4.csv
2024,NV,2249102,2541020,1487887,https://election.lab.ufl.edu/data-downloads/turnoutdata/Turnout_2024G_v0.4.csv
2024,NY,13853326,15566053,8381429,https://election.lab.ufl.edu/data-downloads/turnoutdata/Turnout_2024G_v0.4.csv
2024,OH,8947502,9261250,5851387,https://election.lab.ufl.edu/data-downloads/turnoutdata/Turnout_2024G_v0.4.csv
2024,OK,2945902,3131836,1575000,https://election.lab.ufl.edu/data-downloads/turnoutdata/Turnout_2024G_v0.4.csv
2024,OR,3211515,3412120,2308256,https://election.lab.ufl.edu/data-downloads/turnoutdata/Turnout_2024G_v0.4.csv
2024,PA,9903829,10350349,7075000,https://election.lab.ufl.edu/data-downloads/turnoutdata/Turnout_2024G_v0.4.csv
2024,RI,826559,897523,523402,https://election.lab.ufl.edu/data-downloads/turnoutdata/Turnout_2024G_v0.4.csv
2024,SC,4121955,4337447,2566404,https://election.lab.ufl.edu/data-downloads/turnoutdata/Turnout_2024G_v0.4.csv
2024,SD,676581,709340,436478,https://election.lab.ufl.edu/data-downloads/turnoutdata/Turnout_2024G_v0.4.csv
2024,TN,5317723,5651068,3080000,https://election.lab.ufl.edu/data-downloads/turnoutdata/Turnout_2024G_v0.4.csv
2024,TX,20059077,23513616,11400000,https://election.lab.ufl.edu/data-downloads/turnoutdata/Turnout_2024G_v0.4.csv
2024,UT,2357958,2545169,1525885,https://election.lab.ufl.edu/data-downloads/turnoutdata/Turnout_2024G_v0.4.csv
2024,VA,6350428,6891962,4537976,https://election.lab.ufl.edu/data-downloads/turnoutdata/Turnout_2024G_v0.4.csv
2024,VT,527067,535384,372885,https://election.lab.ufl.edu/data-downloads/turnoutdata/Turnout_2024G_v0.4.csv
2024,WA,5640909,6226585,3961569,https://election.lab.ufl.edu/data-downloads/turnoutdata/Turnout_2024G_v0.4.csv
2024,WI,4483698,4704055,3437142,https://election.lab.ufl.edu/data-downloads/turnoutdata/Turnout_2024G_v0.4.csv
2024,WV,1387010,1416183,770587,https://election.lab.ufl.edu/data-downloads/turnoutdata/Turnout_2024G_v0.4.csv
2024,WY,442780,459772,271123,https://election.lab.ufl.edu/data-downloads/turnoutdata/Turnout_2024G_v0.4.csv
